o geometry_0
v 0.018057405948638916 0.007817089557647705 0.6217588782310486
v 0.018422380089759827 0.008182063698768616 0.6217588782310486
v 0.018422380089759827 0.007817089557647705 0.6213939785957336
v -0.007855713367462158 -0.03743962198495865 -0.8054090142250061
v -0.01126212626695633 -0.03415485844016075 -0.8054090142250061
v -0.013086996972560883 -0.03245164826512337 -0.8054090142250061
v 0.012704461812973022 0.03409518301486969 0.663730800151825
v 0.015502594411373138 0.03409518301486969 0.658499538898468
v 0.018665693700313568 0.03409518301486969 0.6532682776451111
v 0.01489429920911789 -0.01833934336900711 0.1705300211906433
v 0.013191096484661102 -0.01833934336900711 0.2177332043647766
v 0.018422380089759827 -0.01432463526725769 0.2177332043647766
v 0.013069435954093933 -0.016636133193969727 0.2701677680015564
v 0.018422380089759827 -0.012378111481666565 0.26493650674819946
v 0.016354195773601532 -0.01310805231332779 0.2807520031929016
v 0.013069435954093933 -0.02150244638323784 0.12855809926986694
v 0.018422380089759827 -0.01736607775092125 0.13378936052322388
v 0.013069435954093933 -0.02198907732963562 0.10227996110916138
v 0.018422380089759827 -0.01821768283843994 0.04984551668167114
v 0.012217827141284943 -0.023570626974105835 -0.0025890469551086426
v 0.013069435954093933 -0.02271902561187744 -0.028867125511169434
v 0.018422380089759827 -0.019069287925958633 -0.055145263671875
v 0.013069435954093933 -0.023083996027708054 -0.08653295040130615
v 0.018422380089759827 -0.018582656979560852 -0.1862923502922058
v 0.013069435954093933 -0.022597365081310272 -0.16001427173614502
v 0.013069435954093933 -0.02211073413491249 -0.21244877576828003
v 0.018422380089759827 -0.018582656979560852 -0.27546757459640503
v 0.013556063175201416 -0.01310805231332779 0.3646959662437439
v 0.018422380089759827 -0.010553240776062012 0.31737107038497925
v 0.009906329214572906 -0.023570626974105835 0.1914551854133606
v 0.011366225779056549 -0.023570626974105835 0.12855809926986694
v 0.009054727852344513 -0.028801914304494858 -0.1023484468460083
v 0.008689753711223602 -0.023570626974105835 0.25970524549484253
v 0.011366225779056549 -0.01833934336900711 0.28598326444625854
v 0.010757938027381897 -0.01833934336900711 0.32795530557632446
v 0.010027989745140076 -0.01833934336900711 0.3646959662437439
v 0.013191096484661102 -0.01310805231332779 0.38562101125717163
v 0.011852860450744629 -0.023570626974105835 -0.19675493240356445
v 0.008568093180656433 -0.028801914304494858 -0.1862923502922058
v 0.013069435954093933 -0.0212591290473938 -0.3646427392959595
v 0.01124456524848938 -0.023570626974105835 -0.3437175750732422
v 0.008933067321777344 -0.028801914304494858 -0.013173282146453857
v 0.008811414241790771 -0.028801914304494858 0.09181743860244751
v 0.008203119039535522 -0.028801914304494858 0.13378936052322388
v 0.007959805428981781 -0.028801914304494858 -0.35418015718460083
v 0.010514616966247559 -0.023570626974105835 -0.40661466121673584
v 0.009298041462898254 -0.01833934336900711 0.4591023325920105
v 0.012339487671852112 -0.01310805231332779 0.4695649743080139
v 0.008811414241790771 -0.01833934336900711 0.5535088181495667
v 0.01173119992017746 -0.01310805231332779 0.5639714598655701
v 0.00808146595954895 -0.01833934336900711 0.5902494788169861
v 0.007838144898414612 -0.023692287504673004 0.32795530557632446
v 0.011001251637935638 -0.01310805231332779 0.5902494788169861
v 0.015502594411373138 -0.007876768708229065 0.5850182175636292
v 0.007351517677307129 -0.028801914304494858 -0.46428048610687256
v 0.010027989745140076 -0.01310805231332779 0.6007121205329895
v 0.013677723705768585 -0.007876768708229065 0.6007121205329895
v 0.013069435954093933 -0.010188266634941101 0.5902494788169861
v 0.007351517677307129 -0.023570626974105835 0.3646959662437439
v 0.0071082040667533875 -0.023570626974105835 0.44863981008529663
v 0.007473178207874298 -0.01833934336900711 0.6007121205329895
v 0.016232535243034363 -0.007876768708229065 0.5639714598655701
v 0.006621569395065308 -0.03415485844016075 -0.08130168914794922
v 0.016719169914722443 -0.007876768708229065 0.464333713054657
v 0.008568093180656433 -0.023570626974105835 -0.5535773038864136
v 0.005404993891716003 -0.028801914304494858 -0.590317964553833
v 0.007838144898414612 -0.023327313363552094 -0.6060118675231934
v 0.004918359220027924 -0.028801914304494858 -0.6636776924133301
v 0.0060132816433906555 -0.03415485844016075 -0.21768009662628174
v 0.005891621112823486 -0.03415485844016075 -0.3226708173751831
v 0.005526646971702576 -0.03415485844016075 -0.4013833999633789
v 0.007351517677307129 -0.023570626974105835 -0.6479837894439697
v 0.006621569395065308 -0.028801914304494858 0.24401134252548218
v 0.006134942173957825 -0.028801914304494858 0.29644590616226196
v 0.006743229925632477 -0.03415485844016075 0.07612353563308716
v 0.006743229925632477 -0.03415485844016075 0.013104856014251709
v 0.00722985714673996 -0.023570626974105835 0.4800274968147278
v 0.005648307502269745 -0.01833934336900711 0.6165276169776917
v 0.005526646971702576 -0.03415485844016075 0.1914551854133606
v 0.005283333361148834 -0.03415485844016075 -0.46963346004486084
v 0.006134942173957825 -0.023570626974105835 -0.6951870918273926
v 0.008203119039535522 -0.01833934336900711 -0.7056496143341064
v 0.007838144898414612 -0.01785271242260933 -0.7162338495254517
v 0.005283333361148834 -0.023570626974105835 -0.7214651107788086
v 0.006621569395065308 -0.023570626974105835 0.5797869563102722
v 0.005648307502269745 -0.028801914304494858 0.3646959662437439
v 0.004188410937786102 -0.023570626974105835 -0.7423902750015259
v 0.00358012318611145 -0.028801914304494858 -0.731927752494812
v 0.0018769130110740662 -0.03415485844016075 -0.7476215362548828
v 0.006134942173957825 -0.023570626974105835 0.5954808592796326
v 0.004431731998920441 -0.039386145770549774 -0.2072175145149231
v 0.005040019750595093 -0.039386145770549774 -0.07607036828994751
v 0.004188410937786102 -0.039386145770549774 -0.3751053214073181
v 0.0037017837166786194 -0.039386145770549774 -0.5062524080276489
v 0.0037017837166786194 -0.03415485844016075 -0.6060118675231934
v 0.005040019750595093 -0.023570626974105835 0.6112963557243347
v 0.0033368095755577087 -0.03415485844016075 -0.6794931888580322
v 0.005648307502269745 -0.028801914304494858 0.44863981008529663
v 0.005769968032836914 -0.01833934336900711 -0.7423902750015259
v 0.007838144898414612 -0.01310805231332779 -0.74701327085495
v 0.005161672830581665 -0.03415485844016075 0.24401134252548218
v 0.005404993891716003 -0.039386145770549774 0.039382874965667725
v 0.0026068612933158875 -0.024057261645793915 -0.758205771446228
v 0.005404993891716003 -0.039386145770549774 0.08135479688644409
v 0.004796706140041351 -0.039386145770549774 0.14948326349258423
v 0.005404993891716003 -0.028801914304494858 0.5850182175636292
v 0.0026068612933158875 -0.03415485844016075 -0.7266964316368103
v 0.002850174903869629 -0.039386145770549774 -0.6007806062698364
v 0.006134942173957825 -0.028801914304494858 0.490611732006073
v 0.00844644010066986 -0.01310805231332779 0.6112963557243347
v 0.004796706140041351 -0.03415485844016075 0.3593429923057556
v 0.004918359220027924 -0.03415485844016075 0.41713041067123413
v 0.007473178207874298 -0.01310805231332779 0.6165276169776917
v 0.004918359220027924 -0.01833934336900711 0.6217588782310486
v 0.004188410937786102 -0.023570626974105835 0.6217588782310486
v 0.006134942173957825 -0.01310805231332779 -0.758205771446228
v 0.002850174903869629 -0.01833934336900711 -0.7634370923042297
v 0.004553385078907013 -0.039386145770549774 0.21250194311141968
v 0.0037017837166786194 -0.0446174331009388 -0.1862923502922058
v 0.0043100714683532715 -0.0446174331009388 -0.044561028480529785
v 0.004796706140041351 -0.0446174331009388 0.07077056169509888
v 0.0033368095755577087 -0.0446174331009388 -0.46963346004486084
v 0.003458470106124878 -0.0446174331009388 -0.38568955659866333
v 0.000660337507724762 -0.03415485844016075 -0.7634370923042297
v 0.003945097327232361 -0.023570626974105835 0.6269901394844055
v 0.005648307502269745 -0.0026454851031303406 0.6426840424537659
v 0.004553385078907013 -0.01310805231332779 0.632221519947052
v 0.004188410937786102 -0.007876768708229065 0.6426840424537659
v 0.0033368095755577087 -0.007876768708229065 0.6479153037071228
v 0.0043100714683532715 -0.0446174331009388 0.14948326349258423
v 0.004553385078907013 -0.039386145770549774 0.2807520031929016
v 0.0024852007627487183 -0.0446174331009388 -0.5955492854118347
v 0.0024852007627487183 -0.0446174331009388 -0.6479837894439697
v 0.0037017837166786194 -0.01833934336900711 0.632221519947052
v 0.001268625259399414 -0.0446174331009388 -0.7423902750015259
v 0.004796706140041351 -0.028801914304494858 0.6059433817863464
v 0.005891621112823486 0.007817089557647705 0.6532682776451111
v 0.005161672830581665 -0.03415485844016075 0.45387107133865356
v 0.005648307502269745 -0.03415485844016075 0.47479623556137085
v 0.005891621112823486 -0.03415485844016075 0.5063056349754333
v 0.001755259931087494 -0.039386145770549774 -0.737159013748169
v 0.00017370283603668213 -0.0446174331009388 -0.7634370923042297
v -0.00006961077451705933 -0.03415485844016075 -0.7686683535575867
v 0.0024852007627487183 -0.0026454851031303406 0.658499538898468
v 0.002850174903869629 -0.01310805231332779 0.6479153037071228
v 0.0030934959650039673 -0.01833934336900711 0.6426840424537659
v 0.0032151490449905396 -0.04984872043132782 -0.4170772433280945
v 0.0021202340722084045 -0.007876768708229065 0.658499538898468
v 0.004431731998920441 -0.0446174331009388 0.2177332043647766
v -0.00043458491563796997 -0.0446174331009388 -0.7686683535575867
v 0.0011469647288322449 0.0025858059525489807 0.6689621806144714
v 0.0026068612933158875 0.013170033693313599 0.6690837740898132
v 0.0010253116488456726 -0.0026454851031303406 0.6689621806144714
v -0.0018944740295410156 -0.0446174331009388 -0.7791309356689453
v -0.002624422311782837 0.018401317298412323 0.689643919467926
v -0.002624422311782837 0.013170033693313599 0.6881840825080872
v -0.005422554910182953 0.018401317298412323 0.7004714608192444
v -0.0018944740295410156 0.007817089557647705 0.6846559643745422
v -0.005057580769062042 0.013170033693313599 0.7004714608192444
v -0.00761239230632782 0.018401317298412323 0.7161653637886047
v -0.007369078695774078 0.023632608354091644 0.7161653637886047
v -0.008950628340244293 0.023632608354091644 0.7319808602333069
v -0.0023811087012290955 -0.028801914304494858 -0.7791309356689453
v -0.00797736644744873 0.02886389195919037 0.7319808602333069
v -0.010045550763607025 0.023632608354091644 0.7476747632026672
v -0.004692606627941132 0.023632608354091644 0.7004714608192444
v -0.003719344735145569 -0.03415485844016075 -0.7843621969223022
v -0.002624422311782837 -0.04668561369180679 -0.7843621969223022
v -0.003719344735145569 -0.0446174331009388 -0.789593517780304
v -0.004327632486820221 -0.039386145770549774 -0.789593517780304
v -0.005057580769062042 -0.03415485844016075 -0.789593517780304
v -0.004205979406833649 -0.028801914304494858 -0.7843621969223022
v 0.000660337507724762 -0.023570626974105835 -0.7686683535575867
v -0.0007995590567588806 -0.023570626974105835 -0.7738996744155884
v -0.002746082842350006 -0.01833934336900711 -0.7791309356689453
v -0.004935920238494873 -0.023570626974105835 -0.7843621969223022
v 0.0013902857899665833 -0.01833934336900711 -0.7686683535575867
v -0.006152503192424774 -0.028801914304494858 -0.789593517780304
v -0.0005562379956245422 -0.01833934336900711 -0.7738996744155884
v -0.0025027692317962646 -0.01310805231332779 -0.7791309356689453
v 0.0004170238971710205 -0.01310805231332779 -0.7738996744155884
v 0.002850174903869629 -0.01310805231332779 -0.7686683535575867
v 0.004675045609474182 -0.01310805231332779 -0.7634370923042297
v -0.0057875290513038635 -0.01833934336900711 -0.7843621969223022
v -0.006152503192424774 -0.01310805231332779 -0.7843621969223022
v -0.009072288870811462 -0.01833934336900711 -0.789593517780304
v -0.010410524904727936 -0.01310805231332779 -0.789593517780304
v -0.004205979406833649 -0.007876768708229065 -0.7843621969223022
v -0.009315602481365204 -0.007876768708229065 -0.789593517780304
v 0.0026068612933158875 -0.007876768708229065 -0.7757245302200317
v 0.0002953633666038513 -0.007876768708229065 -0.7791309356689453
v 0.010392963886260986 -0.01833934336900711 -0.6636776924133301
v 0.011366225779056549 -0.01833934336900711 -0.6322899460792542
v 0.01173119992017746 -0.01833934336900711 -0.5955492854118347
v 0.012947775423526764 -0.01833934336900711 -0.5325305461883545
v 0.013069435954093933 -0.020042549818754196 -0.46428048610687256
v 0.007838144898414612 -0.010918214917182922 -0.758205771446228
v -0.013086996972560883 -0.007876768708229065 -0.792878270149231
v 0.03934752941131592 0.04455775022506714 0.7109341025352478
v 0.0341162383556366 0.046990908682346344 0.7109341025352478
v 0.03934752941131592 0.04480107128620148 0.7372121214866638
v 0.0341162383556366 0.046869248151779175 0.7372121214866638
v 0.0341162383556366 0.047355882823467255 0.7581372857093811
v 0.040320783853530884 0.04455775022506714 0.7581372857093811
v 0.0341162383556366 0.04626096040010452 0.7004714608192444
v 0.03934752941131592 0.048085831105709076 0.8105718493461609
v 0.0341162383556366 0.04978903383016586 0.8050972819328308
v 0.03946918249130249 0.04978903383016586 0.8420812487602234
v 0.0341162383556366 0.05234385281801224 0.8473125100135803
v 0.0341162383556366 0.05429037660360336 0.8788219094276428
v 0.03934752941131592 0.052587173879146576 0.8892844319343567
v 0.0341162383556366 0.055385299026966095 0.8998686671257019
v 0.03934752941131592 0.055020324885845184 0.9260250926017761
v 0.0341162383556366 0.05757514387369156 0.9364877343177795
v 0.03934752941131592 0.05684519559144974 0.9627657532691956
v 0.0341162383556366 0.06012994796037674 0.9679970145225525
v 0.03934752941131592 0.043462835252285004 0.7004714608192444
v 0.0341162383556366 0.04504438489675522 0.6898872256278992
v 0.028884947299957275 0.046990908682346344 0.6898872256278992
v 0.028884947299957275 0.047964178025722504 0.7004714608192444
v 0.03934752941131592 0.05696684867143631 0.9679970145225525
v 0.028884947299957275 0.04419277608394623 0.6741934418678284
v 0.0341162383556366 0.042976200580596924 0.6794247031211853
v 0.03934752941131592 0.04248957335948944 0.6952401995658875
v 0.028884947299957275 0.04845080524682999 0.7109341025352478
v 0.028884947299957275 0.048085831105709076 0.7424435019493103
v 0.028884947299957275 0.048329152166843414 0.7529060244560242
v 0.028884947299957275 0.06146819144487381 0.9679970145225525
v 0.028884947299957275 0.06146819144487381 0.973228394985199
v 0.0341162383556366 0.05976497381925583 0.973228394985199
v 0.028884947299957275 0.04930240660905838 0.7791841626167297
v 0.028884947299957275 0.05416872352361679 0.8578967452049255
v 0.028884947299957275 0.0590350404381752 0.9418405890464783
v 0.028884947299957275 0.05648022145032883 0.8998686671257019
v 0.02365366369485855 0.047964178025722504 0.6898872256278992
v 0.02365366369485855 0.047234222292900085 0.6846559643745422
v 0.02365366369485855 0.0488157793879509 0.7004714608192444
v 0.02365366369485855 0.04918075352907181 0.7109341025352478
v 0.02365366369485855 0.05514197796583176 0.8625196814537048
v 0.02365366369485855 0.06219813972711563 0.9679970145225525
v 0.02365366369485855 0.062441445887088776 0.973228394985199
v 0.02365366369485855 0.05100562423467636 0.8001092076301575
v 0.02365366369485855 0.04905908554792404 0.7581372857093811
v 0.018422380089759827 0.06304974108934402 0.973228394985199
v 0.02365366369485855 0.048694126307964325 0.7424435019493103
v 0.018422380089759827 0.06037326902151108 0.94512540102005
v 0.018422380089759827 0.05708850175142288 0.8945156931877136
v 0.018422380089759827 0.05514197796583176 0.8585050702095032
v 0.02365366369485855 0.04455775022506714 0.672368586063385
v 0.018422380089759827 0.05173555761575699 0.8105718493461609
v 0.018422380089759827 0.0500323548913002 0.7844154238700867
v 0.018422380089759827 0.04845080524682999 0.6952401995658875
v 0.018422380089759827 0.0488157793879509 0.7004714608192444
v 0.018422380089759827 0.04918075352907181 0.7109341025352478
v 0.018422380089759827 0.0488157793879509 0.7529060244560242
v 0.018422380089759827 0.048694126307964325 0.7372121214866638
v 0.02365366369485855 0.043584488332271576 0.6689621806144714
v 0.013069435954093933 0.05721016973257065 0.8998686671257019
v 0.013069435954093933 0.06037326902151108 0.9448820948600769
v 0.013069435954093933 0.06183316558599472 0.9627657532691956
v 0.013069435954093933 0.0631713941693306 0.973228394985199
v 0.013069435954093933 0.06256311386823654 0.9784596562385559
v 0.013069435954093933 0.05404707044363022 0.8473125100135803
v 0.018422380089759827 0.047720856964588165 0.6898872256278992
v 0.018422380089759827 0.0467475950717926 0.6846559643745422
v 0.013069435954093933 0.050518982112407684 0.8001092076301575
v 0.013069435954093933 0.04893743246793747 0.7739527821540833
v 0.007838144898414612 0.06134653836488724 0.9627657532691956
v 0.007838144898414612 0.05757514387369156 0.9155625700950623
v 0.013069435954093933 0.04820748418569565 0.7529060244560242
v 0.013069435954093933 0.047964178025722504 0.7372121214866638
v 0.007838144898414612 0.06256311386823654 0.973228394985199
v 0.007838144898414612 0.05392540246248245 0.8578967452049255
v 0.007838144898414612 0.06207648664712906 0.9784596562385559
v 0.02365366369485855 0.06122487038373947 0.9784596562385559
v 0.028884947299957275 0.04248957335948944 0.6689621806144714
v 0.013069435954093933 0.048085831105709076 0.7213966250419617
v 0.018422380089759827 0.04455775022506714 0.6752883791923523
v 0.028884947299957275 0.06037326902151108 0.9774864315986633
v 0.02365366369485855 0.04139465093612671 0.663730800151825
v 0.028884947299957275 0.039326466619968414 0.6610544323921204
v 0.027425065636634827 0.06037326902151108 0.9784596562385559
v 0.028884947299957275 0.035555072128772736 0.6532682776451111
v 0.02365366369485855 0.0332435742020607 0.6479153037071228
v 0.028884947299957275 0.03409518301486969 0.6505917906761169
v 0.034359559416770935 0.039326466619968414 0.6689621806144714
v 0.03934752941131592 0.05623690038919449 0.973228394985199
v 0.007838144898414612 0.059886641800403595 0.9838126301765442
v 0.04019913077354431 0.05514197796583176 0.9418405890464783
v 0.018422380089759827 0.06037326902151108 0.982231080532074
v 0.013069435954093933 0.06000829488039017 0.9838126301765442
v 0.02365366369485855 0.02947217971086502 0.6426840424537659
v 0.02900661528110504 0.02886389195919037 0.6426840424537659
v 0.02365366369485855 0.02886389195919037 0.6419541239738464
v 0.02365366369485855 0.02533581852912903 0.6374527812004089
v 0.02365366369485855 0.023632608354091644 0.6351413130760193
v 0.028884947299957275 0.023632608354091644 0.6357495188713074
v 0.028884947299957275 0.02083447575569153 0.632221519947052
v 0.02365366369485855 0.02144276350736618 0.632221519947052
v 0.02365366369485855 0.016819767653942108 0.6269901394844055
v 0.02365366369485855 0.012196771800518036 0.6217588782310486
v 0.028884947299957275 0.018401317298412323 0.6294233202934265
v 0.028884947299957275 0.011710137128829956 0.6217588782310486
v 0.02365366369485855 0.007938750088214874 0.6165276169776917
v 0.024261951446533203 0.007817089557647705 0.6165276169776917
v 0.028884947299957275 0.007817089557647705 0.6170142292976379
v 0.06684219837188721 -0.01310805231332779 -0.905046820640564
v 0.068545401096344 -0.007876768708229065 -0.905046820640564
v 0.06720717251300812 -0.007876768708229065 -0.9102780818939209
v 0.06562560796737671 -0.01310805231332779 -0.9093047976493835
v 0.06951867043972015 -0.007876768708229065 -0.8998154997825623
v 0.06781545281410217 -0.01310805231332779 -0.8998154997825623
v 0.068545401096344 -0.0026454851031303406 -0.9102780818939209
v 0.07085689902305603 0.0025858059525489807 -0.9043168425559998
v 0.07158684730529785 0.0025858059525489807 -0.8998154997825623
v 0.06939700245857239 0.0025858059525489807 -0.9102780818939209
v 0.06501732766628265 -0.0026454851031303406 -0.9208623170852661
v 0.06599058210849762 0.0025858059525489807 -0.9208623170852661
v 0.06331411004066467 -0.007876768708229065 -0.9208623170852661
v 0.07000529766082764 0.007817089557647705 -0.9102780818939209
v 0.07122187316417694 0.007817089557647705 -0.905046820640564
v 0.0664772242307663 0.007817089557647705 -0.9208623170852661
v 0.061245933175086975 -0.01310805231332779 -0.9208623170852661
v 0.060880959033966064 -0.007876768708229065 -0.926093578338623
v 0.06039433181285858 -0.0026454851031303406 -0.9301083087921143
v 0.060880959033966064 0.0025858059525489807 -0.9313248991966248
v 0.06672053039073944 0.013170033693313599 -0.9208623170852661
v 0.06136758625507355 0.007817089557647705 -0.9313248991966248
v 0.07207347452640533 0.023632608354091644 -0.905046820640564
v 0.07061359286308289 0.02886389195919037 -0.9102780818939209
v 0.07256011664867401 0.02886389195919037 -0.905046820640564
v 0.07146519422531128 0.03409518301486969 -0.9102780818939209
v 0.07462829351425171 0.02886389195919037 -0.8998154997825623
v 0.07487161457538605 0.023632608354091644 -0.8945842385292053
v 0.07401999831199646 0.018401317298412323 -0.8945842385292053
v 0.07608819007873535 0.023632608354091644 -0.8893529176712036
v 0.0689103752374649 0.03409518301486969 -0.9155093431472778
v 0.06611225008964539 0.02886389195919037 -0.9208623170852661
v 0.07608819007873535 0.02886389195919037 -0.8958008289337158
v 0.061489254236221313 0.013170033693313599 -0.9313248991966248
v 0.06562560796737671 0.03409518301486969 -0.9218355417251587
v 0.06331411004066467 0.02886389195919037 -0.926093578338623
v 0.0742633193731308 0.03409518301486969 -0.905046820640564
v 0.07389834523200989 0.013170033693313599 -0.8893529176712036
v 0.07207347452640533 0.0025858059525489807 -0.8945842385292053
v 0.0754798948764801 0.018401317298412323 -0.8841216564178467
v 0.07000529766082764 -0.007876768708229065 -0.8945842385292053
v 0.07085689902305603 0.039326466619968414 -0.9147794246673584
v 0.05528469383716583 0.013170033693313599 -0.9417874813079834
v 0.05467641353607178 0.0025858059525489807 -0.9417874813079834
v 0.05528469383716583 0.007817089557647705 -0.9417874813079834
v 0.05345983803272247 -0.0026454851031303406 -0.9417874813079834
v 0.06708550453186035 0.039326466619968414 -0.9208623170852661
v 0.06307080388069153 0.03409518301486969 -0.926093578338623
v 0.05504138767719269 0.018401317298412323 -0.9413008093833923
v 0.07608819007873535 0.03409518301486969 -0.9016403555870056
v 0.05151331424713135 -0.007876768708229065 -0.9417874813079834
v 0.06331411004066467 0.039326466619968414 -0.926093578338623
v 0.05139164626598358 0.007817089557647705 -0.9470187425613403
v 0.0509050190448761 0.0025858059525489807 -0.9470187425613403
v 0.05139164626598358 0.013170033693313599 -0.9470187425613403
v 0.05929940938949585 0.039326466619968414 -0.9313248991966248
v 0.05504138767719269 0.03409518301486969 -0.9372861385345459
v 0.05175662040710449 0.03409518301486969 -0.9417874813079834
v 0.0509050190448761 0.018401317298412323 -0.9470187425613403
v 0.04981009662151337 0.023997582495212555 -0.9470187425613403
v 0.06015101075172424 0.04455775022506714 -0.9313248991966248
v 0.04956677556037903 -0.0026454851031303406 -0.9470187425613403
v 0.06562560796737671 0.04455775022506714 -0.9254853129386902
v 0.05552801489830017 -0.01310805231332779 -0.9313248991966248
v 0.07766973972320557 0.023632608354091644 -0.8841216564178467
v 0.044578805565834045 0.007817089557647705 -0.9546831846237183
v 0.044578805565834045 0.013170033693313599 -0.9546831846237183
v 0.044578805565834045 0.018401317298412323 -0.9540749192237854
v 0.044578805565834045 0.023632608354091644 -0.9529799818992615
v 0.044578805565834045 0.0025858059525489807 -0.9539532661437988
v 0.044578805565834045 -0.0026454851031303406 -0.9524933695793152
v 0.04737694561481476 -0.007876768708229065 -0.9470187425613403
v 0.04981009662151337 0.039326466619968414 -0.942760705947876
v 0.05504138767719269 0.04467941075563431 -0.9365561604499817
v 0.05029672384262085 0.04455775022506714 -0.9417874813079834
v 0.05114834010601044 0.04978903383016586 -0.9417874813079834
v 0.044578805565834045 -0.007876768708229065 -0.9501818418502808
v 0.06270582973957062 -0.01833934336900711 -0.9102780818939209
v 0.048715174198150635 -0.01310805231332779 -0.9417874813079834
v 0.06842374801635742 -0.01310805231332779 -0.8945842385292053
v 0.0644090324640274 -0.01833934336900711 -0.905046820640564
v 0.05552801489830017 -0.01833934336900711 -0.926093578338623
v 0.05832614004611969 -0.01833934336900711 -0.9208623170852661
v 0.06562560796737671 -0.01833934336900711 -0.9004237651824951
v 0.0664772242307663 -0.01833934336900711 -0.8945842385292053
v 0.07122187316417694 -0.0026454851031303406 -0.8893529176712036
v 0.07608819007873535 0.039326466619968414 -0.908088207244873
v 0.04445715248584747 -0.01310805231332779 -0.9470187425613403
v 0.07414166629314423 0.013170033693313599 -0.8788903951644897
v 0.07608819007873535 0.01827966421842575 -0.8788903951644897
v 0.07925128936767578 0.02886389195919037 -0.8893529176712036
v 0.08131948113441467 0.02886389195919037 -0.8858248591423035
v 0.0730467438697815 0.007817089557647705 -0.8841216564178467
v 0.061489254236221313 -0.023570626974105835 -0.905046820640564
v 0.05966438353061676 -0.023570626974105835 -0.9102780818939209
v 0.05479806661605835 -0.023570626974105835 -0.9208623170852661
v 0.06294913589954376 -0.023570626974105835 -0.8998154997825623
v 0.07414166629314423 0.013170033693313599 -0.8735374212265015
v 0.07085689902305603 0.04455775022506714 -0.9201323390007019
v 0.06842374801635742 -0.01310805231332779 -0.8893529176712036
v 0.06659887731075287 -0.01833934336900711 -0.8893529176712036
v 0.06380075216293335 -0.023570626974105835 -0.8945842385292053
v 0.04506544768810272 -0.01833934336900711 -0.9417874813079834
v 0.07608819007873535 0.016819767653942108 -0.8735374212265015
v 0.03934752941131592 -0.0026454851031303406 -0.9572380185127258
v 0.06039433181285858 0.04978903383016586 -0.9338796734809875
v 0.03934752941131592 0.0025858059525489807 -0.9585762619972229
v 0.03934752941131592 -0.007876768708229065 -0.9551697969436646
v 0.05504138767719269 0.04978903383016586 -0.9382593631744385
v 0.03934752941131592 0.007817089557647705 -0.9591845273971558
v 0.03934752941131592 0.013170033693313599 -0.9593061804771423
v 0.044578805565834045 0.039326466619968414 -0.9479920268058777
v 0.044578805565834045 0.04455775022506714 -0.9468970894813538
v 0.044578805565834045 0.04978903383016586 -0.9467754364013672
v 0.03934752941131592 0.018401317298412323 -0.958819568157196
v 0.05175662040710449 -0.023570626974105835 -0.926093578338623
v 0.03934752941131592 -0.01310805231332779 -0.9521283507347107
v 0.0799812376499176 0.023632608354091644 -0.8788903951644897
v 0.05783951282501221 -0.028801914304494858 -0.905046820640564
v 0.0341162383556366 -0.0026454851031303406 -0.9612526893615723
v 0.05942106246948242 -0.028801914304494858 -0.8998154997825623
v 0.05504138767719269 -0.028801914304494858 -0.9117379784584045
v 0.06951867043972015 -0.007876768708229065 -0.8841216564178467
v 0.07706144452095032 0.018401317298412323 -0.8735374212265015
v 0.07864300906658173 0.018401317298412323 -0.8683061599731445
v 0.06805877387523651 -0.01310805231332779 -0.8841216564178467
v 0.0640440583229065 -0.023570626974105835 -0.8893529176712036
v 0.05054004490375519 -0.028801914304494858 -0.9208623170852661
v 0.0341162383556366 -0.007876768708229065 -0.9593061804771423
v 0.06039433181285858 -0.028801914304494858 -0.8945842385292053
v 0.06623390316963196 -0.01833934336900711 -0.8841216564178467
v 0.03934752941131592 -0.01833934336900711 -0.9479920268058777
v 0.0341162383556366 0.0025858059525489807 -0.9623476266860962
v 0.0341162383556366 0.007817089557647705 -0.962955892086029
v 0.0341162383556366 -0.01310805231332779 -0.9565080404281616
v 0.06562560796737671 0.04978903383016586 -0.9302299618721008
v 0.03934752941131592 0.02886389195919037 -0.9562647342681885
v 0.03934752941131592 0.040056414902210236 -0.9522500038146973
v 0.05333817005157471 -0.03415485844016075 -0.905046820640564
v 0.04981009662151337 0.05514197796583176 -0.9454371929168701
v 0.07414166629314423 0.013170033693313599 -0.8683061599731445
v 0.07195182144641876 0.007817089557647705 -0.8735374212265015
v 0.07122187316417694 0.0025858059525489807 -0.8788903951644897
v 0.07134352624416351 0.007817089557647705 -0.8683061599731445
v 0.07450664043426514 0.013170033693313599 -0.8630748391151428
v 0.06075930595397949 -0.028801914304494858 -0.8893529176712036
v 0.05504138767719269 -0.03415485844016075 -0.8998154997825623
v 0.05625796318054199 -0.03415485844016075 -0.8945842385292053
v 0.05102667212486267 -0.03415485844016075 -0.9102780818939209
v 0.044578805565834045 -0.028801914304494858 -0.9294999837875366
v 0.03934752941131592 -0.024422232061624527 -0.9417874813079834
v 0.08131948113441467 0.03409518301486969 -0.8953141570091248
v 0.07608819007873535 0.015846505761146545 -0.8683061599731445
v 0.06367908418178558 -0.023570626974105835 -0.8841216564178467
v 0.05504138767719269 0.05514197796583176 -0.9423957467079163
v 0.0341162383556366 -0.01833934336900711 -0.9526150226593018
v 0.060515984892845154 -0.028801914304494858 -0.8841216564178467
v 0.08131948113441467 0.018401317298412323 -0.8635615110397339
v 0.044578805565834045 -0.03464148938655853 -0.9208623170852661
v 0.06708550453186035 -0.01310805231332779 -0.8788903951644897
v 0.06562560796737671 -0.01748773828148842 -0.8788903951644897
v 0.06927534937858582 0.0025858059525489807 -0.8683061599731445
v 0.07061359286308289 0.007817089557647705 -0.8630748391151428
v 0.07608819007873535 0.01353500783443451 -0.8578435778617859
v 0.0566229373216629 -0.03415485844016075 -0.8893529176712036
v 0.03934752941131592 -0.028801914304494858 -0.9359478950500488
v 0.0341162383556366 -0.023570626974105835 -0.9477486610412598
v 0.08131948113441467 0.022416025400161743 -0.8735374212265015
v 0.08131948113441467 0.020347848534584045 -0.8683061599731445
v 0.08131948113441467 0.02484918385744095 -0.8788903951644897
v 0.04981009662151337 -0.03743962198495865 -0.905046820640564
v 0.06270582973957062 -0.023570626974105835 -0.8788903951644897
v 0.028884947299957275 -0.007876768708229065 -0.9625909328460693
v 0.028884947299957275 -0.0026454851031303406 -0.964537501335144
v 0.04981009662151337 -0.039142828434705734 -0.8998154997825623
v 0.07608819007873535 0.014751583337783813 -0.8630748391151428
v 0.06574727594852448 -0.01310805231332779 -0.8735374212265015
v 0.056379616260528564 -0.03415485844016075 -0.8841216564178467
v 0.03934752941131592 -0.035614751279354095 -0.926093578338623
v 0.028884947299957275 -0.01310805231332779 -0.9599144458770752
v 0.0341162383556366 -0.028801914304494858 -0.9417874813079834
v 0.04981009662151337 -0.04035940766334534 -0.8945842385292053
v 0.044578805565834045 -0.039629463106393814 -0.9102780818939209
v 0.05954273045063019 -0.028801914304494858 -0.8788903951644897
v 0.028884947299957275 -0.01833934336900711 -0.9562647342681885
v 0.044578805565834045 -0.04169764369726181 -0.905046820640564
v 0.0341162383556366 -0.035858068615198135 -0.9313248991966248
v 0.05552801489830017 -0.03415485844016075 -0.8788903951644897
v 0.028884947299957275 -0.023570626974105835 -0.9516417384147644
v 0.03934752941131592 -0.03853454068303108 -0.9208623170852661
v 0.04981009662151337 -0.04072438180446625 -0.8893529176712036
v 0.044578805565834045 -0.043279197067022324 -0.8998154997825623
v 0.06781545281410217 0.0025858059525489807 -0.8630748391151428
v 0.07085689902305603 0.008790351450443268 -0.8578435778617859
v 0.07608819007873535 0.012440085411071777 -0.8526122570037842
v 0.06562560796737671 -0.0026454851031303406 -0.8629531860351562
v 0.06635555624961853 0.0025858059525489807 -0.8578435778617859
v 0.06392240524291992 -0.01310805231332779 -0.8683061599731445
v 0.07085689902305603 0.008790351450443268 -0.8526122570037842
v 0.061975881457328796 -0.01833934336900711 -0.8683061599731445
v 0.05942106246948242 -0.023570626974105835 -0.8683061599731445
v 0.058082833886146545 -0.028801914304494858 -0.8735374212265015
v 0.04981009662151337 -0.04060272499918938 -0.8841216564178467
v 0.05017507076263428 -0.039386145770549774 -0.8788903951644897
v 0.03934752941131592 -0.043279197067022324 -0.9102780818939209
v 0.044578805565834045 -0.04437411576509476 -0.8945842385292053
v 0.028884947299957275 -0.028801914304494858 -0.9459238052368164
v 0.044578805565834045 -0.04486074671149254 -0.8893529176712036
v 0.0341162383556366 -0.04181930050253868 -0.9208623170852661
v 0.04470047354698181 -0.0446174331009388 -0.8841216564178467
v 0.028884947299957275 -0.032086677849292755 -0.9417874813079834
v 0.03934752941131592 -0.04510406404733658 -0.905046820640564
v 0.06355743110179901 -0.0026454851031303406 -0.8578435778617859
v 0.06489567458629608 0.0025858059525489807 -0.8526122570037842
v 0.07085689902305603 0.008425377309322357 -0.8473809957504272
v 0.05613631010055542 -0.028801914304494858 -0.8683061599731445
v 0.053824812173843384 -0.03415485844016075 -0.8735374212265015
v 0.04981009662151337 -0.0380479097366333 -0.8735374212265015
v 0.03934752941131592 -0.04656395688652992 -0.8998154997825623
v 0.02365366369485855 -0.01310805231332779 -0.9625909328460693
v 0.0341162383556366 -0.04632063955068588 -0.9102780818939209
v 0.02365366369485855 -0.01833934336900711 -0.9590628743171692
v 0.03934752941131592 -0.047658875584602356 -0.8945842385292053
v 0.02365366369485855 -0.023570626974105835 -0.9546831846237183
v 0.028884947299957275 -0.03877785801887512 -0.9313248991966248
v 0.06136758625507355 -0.0026454851031303406 -0.8526122570037842
v 0.06367908418178558 0.0025858059525489807 -0.8473809957504272
v 0.061245933175086975 -0.007876768708229065 -0.8578435778617859
v 0.06562560796737671 0.004410669207572937 -0.8473809957504272
v 0.05954273045063019 -0.01833934336900711 -0.8630748391151428
v 0.06234085559844971 0.0025858059525489807 -0.8421497344970703
v 0.06039433181285858 -0.001185588538646698 -0.8473809957504272
v 0.058447808027267456 -0.007876768708229065 -0.8526122570037842
v 0.05175662040710449 -0.03415485844016075 -0.8683061599731445
v 0.05686625838279724 -0.023570626974105835 -0.8630748391151428
v 0.0341162383556366 -0.04802384972572327 -0.905046820640564
v 0.044578805565834045 -0.043887484818696976 -0.8788903951644897
v 0.02365366369485855 -0.028801914304494858 -0.9492085576057434
v 0.028884947299957275 -0.04449577257037163 -0.9208623170852661
v 0.03934752941131592 -0.04802384972572327 -0.8893529176712036
v 0.05345983803272247 -0.028801914304494858 -0.8630748391151428
v 0.0341162383556366 -0.04936208575963974 -0.8998154997825623
v 0.02365366369485855 -0.0347631499171257 -0.9417874813079834
v 0.02365366369485855 -0.04108935594558716 -0.9313248991966248
v 0.044578805565834045 -0.04242759197950363 -0.8735374212265015
v 0.04895849525928497 -0.03415485844016075 -0.8630748391151428
v 0.0341162383556366 -0.0503353476524353 -0.8945842385292053
v 0.028884947299957275 -0.04875379800796509 -0.9102780818939209
v 0.03934752941131592 -0.047902192920446396 -0.8841216564178467
v 0.05650128424167633 -0.0026454851031303406 -0.8421497344970703
v 0.05504138767719269 -0.007876768708229065 -0.846651017665863
v 0.05504138767719269 -0.01310805231332779 -0.8516390323638916
v 0.044578805565834045 -0.04060272499918938 -0.8683061599731445
v 0.044578805565834045 -0.0380479097366333 -0.8630748391151428
v 0.05504138767719269 -0.0016722232103347778 -0.836796760559082
v 0.04981009662151337 -0.00629521906375885 -0.836796760559082
v 0.05370314419269562 -0.023570626974105835 -0.8578435778617859
v 0.03934752941131592 -0.04717224836349487 -0.8788903951644897
v 0.05017507076263428 -0.028801914304494858 -0.8578435778617859
v 0.0341162383556366 -0.05057866498827934 -0.8893529176712036
v 0.028884947299957275 -0.0503353476524353 -0.905046820640564
v 0.02365366369485855 -0.04668561369180679 -0.9208623170852661
v 0.02365366369485855 -0.05070032179355621 -0.9102780818939209
v 0.028884947299957275 -0.051551930606365204 -0.8998154997825623
v 0.03934752941131592 -0.0458340086042881 -0.8735374212265015
v 0.04981009662151337 -0.010918214917182922 -0.8421497344970703
v 0.0341162383556366 -0.05045700818300247 -0.8841216564178467
v 0.018422380089759827 -0.028801914304494858 -0.9516417384147644
v 0.018422380089759827 -0.03269496560096741 -0.9470187425613403
v 0.018422380089759827 -0.023570626974105835 -0.9568729996681213
v 0.03934752941131592 -0.044130802154541016 -0.8683061599731445
v 0.044578805565834045 -0.03415485844016075 -0.856748640537262
v 0.044578805565834045 -0.007511794567108154 -0.8315654993057251
v 0.0341162383556366 -0.04984872043132782 -0.8788903951644897
v 0.04603870213031769 -0.023570626974105835 -0.8473809957504272
v 0.018422380089759827 -0.04571235179901123 -0.926093578338623
v 0.044578805565834045 -0.012134790420532227 -0.836796760559082
v 0.03934752941131592 -0.01833934336900711 -0.836796760559082
v 0.041780680418014526 -0.028801914304494858 -0.8473809957504272
v 0.03934752941131592 -0.03415485844016075 -0.8507874011993408
v 0.0386175811290741 -0.01310805231332779 -0.8315654993057251
v 0.03350794315338135 -0.01833934336900711 -0.8315654993057251
v 0.0341162383556366 -0.028801914304494858 -0.8404464721679688
v -0.0658864974975586 -0.01833934336900711 -0.8945842385292053
v -0.06272339075803757 -0.023570626974105835 -0.8998154997825623
v -0.06600815057754517 -0.01833934336900711 -0.8998154997825623
v -0.062236759811639786 -0.023570626974105835 -0.8893529176712036
v -0.05883033946156502 -0.028801914304494858 -0.8945842385292053
v -0.06564317643642426 -0.01809602603316307 -0.8893529176712036
v -0.05846536532044411 -0.028801914304494858 -0.8893529176712036
v -0.05883033946156502 -0.028801914304494858 -0.8998154997825623
v -0.062358416616916656 -0.023570626974105835 -0.905046820640564
v -0.06576482951641083 -0.01833934336900711 -0.905046820640564
v -0.058343708515167236 -0.028801914304494858 -0.905046820640564
v -0.054329000413417816 -0.03415485844016075 -0.8945842385292053
v -0.053964026272296906 -0.03415485844016075 -0.8893529176712036
v -0.05420733988285065 -0.03415485844016075 -0.8998154997825623
v -0.053112421184778214 -0.03415485844016075 -0.8841216564178467
v -0.053599052131175995 -0.03415485844016075 -0.905046820640564
v -0.061506811529397964 -0.023570626974105835 -0.9102780818939209
v -0.06491322815418243 -0.01833934336900711 -0.9102780818939209
v -0.057370446622371674 -0.028801914304494858 -0.9102780818939209
v -0.05627552419900894 -0.028801914304494858 -0.8788903951644897
v -0.06029023230075836 -0.023205656558275223 -0.8788903951644897
v -0.06454825401306152 -0.01833934336900711 -0.8841216564178467
v -0.05177418515086174 -0.03415485844016075 -0.8788903951644897
v -0.049827661365270615 -0.0380479097366333 -0.8893529176712036
v -0.049827661365270615 -0.03719630464911461 -0.8841216564178467
v -0.049827661365270615 -0.03829122334718704 -0.8945842385292053
v -0.049827661365270615 -0.0380479097366333 -0.8998154997825623
v -0.06844130903482437 -0.01310805231332779 -0.8945842385292053
v -0.06856296211481094 -0.01310805231332779 -0.8998154997825623
v -0.06795467436313629 -0.01310805231332779 -0.8893529176712036
v -0.0683196485042572 -0.01310805231332779 -0.905046820640564
v -0.05651884153485298 -0.023570626974105835 -0.8683061599731445
v -0.05262579023838043 -0.028801914304494858 -0.8683061599731445
v -0.05992525815963745 -0.01833934336900711 -0.8683061599731445
v -0.06600815057754517 -0.01310805231332779 -0.8788903951644897
v -0.04788113385438919 -0.03415485844016075 -0.8683061599731445
v -0.0683196485042572 -0.007876768708229065 -0.8788903951644897
v -0.07014451920986176 -0.007876768708229065 -0.8893529176712036
v -0.06868462264537811 0.0025858059525489807 -0.8630748391151428
v -0.06698141247034073 0.0025858059525489807 -0.8578435778617859
v -0.0691712498664856 0.007817089557647705 -0.8526122570037842
v -0.07148275524377823 0.007817089557647705 -0.8630748391151428
v -0.07014451920986176 0.0025858059525489807 -0.8683061599731445
v -0.07245601713657379 0.007817089557647705 -0.8683061599731445
v -0.07513248920440674 0.013170033693313599 -0.8630748391151428
v -0.0761057510972023 0.014021642506122589 -0.8683061599731445
v -0.074037566781044 0.007817089557647705 -0.8788903951644897
v -0.0748891681432724 0.013170033693313599 -0.8578435778617859
v -0.06333167850971222 0.0025858059525489807 -0.8473809957504272
v -0.05943862721323967 -0.0026454851031303406 -0.8473809957504272
v -0.057613760232925415 -0.01833934336900711 -0.8630748391151428
v -0.061141837388277054 0.0025858059525489807 -0.8421497344970703
v -0.054085683077573776 -0.023570626974105835 -0.8630748391151428
v -0.07063114643096924 -0.007876768708229065 -0.8998154997825623
v -0.06819799542427063 0.007817089557647705 -0.8473809957504272
v -0.06564317643642426 0.006478853523731232 -0.8421497344970703
v -0.05505894497036934 -0.01809602603316307 -0.8578435778617859
v -0.05858702212572098 -0.007876768708229065 -0.8526122570037842
v -0.049827661365270615 -0.028801914304494858 -0.8627098798751831
v -0.049827661365270615 -0.02527383714914322 -0.8578435778617859
v -0.05505894497036934 -0.004470348358154297 -0.8421497344970703
v -0.049827661365270615 -0.016392815858125687 -0.8473809957504272
v -0.07087446749210358 0.009641960263252258 -0.8526122570037842
v -0.053477395325899124 -0.0026454851031303406 -0.836796760559082
v -0.07087446749210358 0.010006934404373169 -0.8473809957504272
v -0.07440254092216492 0.007817089557647705 -0.8841216564178467
v -0.07221269607543945 -0.0026454851031303406 -0.8998154997825623
v -0.07574077695608139 0.013170033693313599 -0.8735374212265015
v -0.07951217144727707 0.018401317298412323 -0.8735374212265015
v -0.0761057510972023 0.01304837316274643 -0.8841216564178467
v -0.07878222316503525 0.018401317298412323 -0.8788903951644897
v -0.0703878328204155 -0.007876768708229065 -0.905046820640564
v -0.07598409056663513 0.013170033693313599 -0.8893529176712036
v -0.07768730074167252 0.018401317298412323 -0.8893529176712036
v -0.07829558849334717 0.018401317298412323 -0.8841216564178467
v -0.0802421122789383 0.023632608354091644 -0.8893529176712036
v -0.07707901298999786 0.018401317298412323 -0.8945842385292053
v -0.07196938246488571 -0.0026454851031303406 -0.905046820640564
v -0.06758970022201538 -0.01310805231332779 -0.9102780818939209
v -0.08133703470230103 0.02156442403793335 -0.8788903951644897
v -0.06965788453817368 -0.007876768708229065 -0.9102780818939209
v -0.07634906470775604 0.018401317298412323 -0.8998154997825623
v -0.07902553677558899 0.023632608354091644 -0.8945842385292053
v -0.07123944163322449 -0.0026454851031303406 -0.9102780818939209
v -0.08158035576343536 0.023632608354091644 -0.8841216564178467
v -0.049827661365270615 -0.006660193204879761 -0.836796760559082
v -0.04459637403488159 -0.03415485844016075 -0.8625882267951965
v -0.05919531360268593 0.0025858059525489807 -0.836796760559082
v -0.049827661365270615 -0.002888798713684082 -0.8315654993057251
v -0.04459637403488159 -0.02271902561187744 -0.8473809957504272
v -0.04459637403488159 -0.030991755425930023 -0.8578435778617859
v -0.05505894497036934 0.0011259093880653381 -0.8315654993057251
v -0.04459637403488159 -0.04035940766334534 -0.8788903951644897
v -0.04459637403488159 -0.03695298731327057 -0.8683061599731445
v -0.0761057510972023 0.014143295586109161 -0.8578435778617859
v -0.08133703470230103 0.019252926111221313 -0.8683061599731445
v -0.04447471722960472 -0.007876768708229065 -0.8315654993057251
v -0.04459637403488159 -0.004105374217033386 -0.8263341784477234
v -0.04459637403488159 -0.04145433008670807 -0.8841216564178467
v -0.03936508670449257 -0.027828652411699295 -0.8473809957504272
v -0.06637312471866608 -0.01310805231332779 -0.9155093431472778
v -0.08133703470230103 0.02521415799856186 -0.8893529176712036
v -0.049827661365270615 -0.0005773007869720459 -0.8263341784477234
v -0.03936508670449257 -0.035371437668800354 -0.8578435778617859
v -0.04459637403488159 -0.04206261783838272 -0.8893529176712036
v -0.03936508670449257 -0.03829122334718704 -0.8630748391151428
v -0.03936508670449257 -0.04072438180446625 -0.8683061599731445
v -0.03936508670449257 -0.043887484818696976 -0.8788903951644897
v -0.03985171765089035 -0.0446174331009388 -0.8841216564178467
v -0.08133703470230103 0.01827966421842575 -0.8630748391151428
v -0.06844130903482437 -0.007876768708229065 -0.9155093431472778
v -0.07087446749210358 0.00976361334323883 -0.8421497344970703
v -0.08133703470230103 0.02886389195919037 -0.8966524004936218
v -0.07233435660600662 0.0025858059525489807 -0.9102780818939209
v -0.05238247290253639 -0.03415485844016075 -0.9102780818939209
v -0.07014451920986176 -0.0026454851031303406 -0.9155093431472778
v -0.049827661365270615 -0.03743962198495865 -0.905046820640564
v -0.049827661365270615 -0.03634469956159592 -0.9102780818939209
v -0.07525414228439331 0.013170033693313599 -0.8526122570037842
v -0.07659238576889038 0.023632608354091644 -0.905046820640564
v -0.08012045919895172 0.02886389195919037 -0.8998154997825623
v -0.06466991454362869 -0.01310805231332779 -0.9208623170852661
v -0.061628468334674835 -0.01833934336900711 -0.9208623170852661
v -0.058100391179323196 -0.023570626974105835 -0.9208623170852661
v -0.06685975193977356 -0.007876768708229065 -0.9208623170852661
v -0.04459637403488159 -0.04206261783838272 -0.8998154997825623
v -0.053720708936452866 -0.028801914304494858 -0.9208623170852661
v -0.06856296211481094 -0.0026454851031303406 -0.9208623170852661
v -0.07209104299545288 0.007817089557647705 -0.9155093431472778
v -0.08133703470230103 0.030567102134227753 -0.8998154997825623
v -0.07513248920440674 0.023632608354091644 -0.9102780818939209
v -0.04459637403488159 -0.04145433008670807 -0.905046820640564
v -0.03936508670449257 -0.04534737765789032 -0.8893529176712036
v -0.06977954506874084 0.0025858059525489807 -0.9208623170852661
v -0.07622741162776947 0.02886389195919037 -0.9102780818939209
v -0.08133703470230103 0.03409518301486969 -0.904803454875946
v -0.07063114643096924 0.007817089557647705 -0.9208623170852661
v -0.049827661365270615 -0.03269496560096741 -0.9208623170852661
v -0.06466991454362869 -0.007876768708229065 -0.926093578338623
v -0.05919531360268593 -0.01833934336900711 -0.926093578338623
v -0.062236759811639786 -0.01310805231332779 -0.926093578338623
v -0.03936508670449257 -0.04546903818845749 -0.8945842385292053
v -0.04459637403488159 -0.04035940766334534 -0.9102780818939209
v -0.06637312471866608 -0.0026454851031303406 -0.926093578338623
v -0.06771136075258255 0.0025858059525489807 -0.926093578338623
v -0.07233435660600662 0.02886389195919037 -0.9208623170852661
v -0.0761057510972023 0.03409518301486969 -0.9145361185073853
v -0.05542391911149025 -0.023570626974105835 -0.926093578338623
v -0.034133799374103546 -0.031843360513448715 -0.8473809957504272
v -0.03887845575809479 -0.01310805231332779 -0.8315654993057251
v -0.03936508670449257 -0.007998429238796234 -0.8263341784477234
v -0.03936508670449257 -0.004592008888721466 -0.8211029171943665
v -0.034133799374103546 -0.04157598689198494 -0.8630748391151428
v -0.034133799374103546 -0.043765828013420105 -0.8683061599731445
v -0.034133799374103546 -0.03877785801887512 -0.8578435778617859
v -0.034133799374103546 -0.012256450951099396 -0.8263341784477234
v -0.034133799374103546 -0.028801914304494858 -0.8437312841415405
v -0.034133799374103546 -0.007876768708229065 -0.8211029171943665
v -0.03936508670449257 -0.04522572085261345 -0.8998154997825623
v -0.03936508670449257 -0.0446174331009388 -0.904803454875946
v -0.034133799374103546 -0.04668561369180679 -0.8788903951644897
v -0.04459637403488159 -0.0368313305079937 -0.9208623170852661
v -0.034133799374103546 -0.047537222504615784 -0.8841216564178467
v -0.034133799374103546 -0.04802384972572327 -0.8893529176712036
v -0.034133799374103546 -0.004105374217033386 -0.8158715963363647
v -0.05080092325806618 -0.028801914304494858 -0.926093578338623
v -0.028902515769004822 -0.04157598689198494 -0.8578435778617859
v -0.028902515769004822 -0.03500646352767944 -0.8473809957504272
v -0.028902515769004822 -0.011161528527736664 -0.8211029171943665
v -0.028902515769004822 -0.044130802154541016 -0.8630748391151428
v -0.028902515769004822 -0.030870098620653152 -0.8421497344970703
v -0.028902515769004822 -0.04619898647069931 -0.8683061599731445
v -0.028902515769004822 -0.04899711161851883 -0.8788903951644897
v -0.028902515769004822 -0.006416872143745422 -0.8158715963363647
v -0.034133799374103546 -0.047780536115169525 -0.8998154997825623
v -0.023549571633338928 -0.024300575256347656 -0.8315654993057251
v -0.023549571633338928 -0.03756127879023552 -0.8473809957504272
v -0.02865920215845108 -0.04984872043132782 -0.8841216564178467
v -0.03936508670449257 -0.043400853872299194 -0.9102780818939209
v -0.07829558849334717 0.03409518301486969 -0.9102780818939209
v -0.07866056263446808 0.039326466619968414 -0.9155093431472778
v -0.08133703470230103 0.03786657005548477 -0.9102780818939209
v -0.06856296211481094 0.007817089557647705 -0.926093578338623
v -0.05919531360268593 -0.01310805231332779 -0.9313248991966248
v -0.0560322105884552 -0.01833934336900711 -0.9313248991966248
v -0.061750125139951706 -0.007876768708229065 -0.9313248991966248
v -0.06369665265083313 -0.0026454851031303406 -0.9313248991966248
v -0.06515654921531677 0.0025858059525489807 -0.9313248991966248
v -0.07330761849880219 0.03409518301486969 -0.9208623170852661
v -0.0761057510972023 0.039326466619968414 -0.9191591143608093
v -0.05201750248670578 -0.023570626974105835 -0.9313248991966248
v -0.04459637403488159 -0.03415485844016075 -0.9263368844985962
v -0.03936508670449257 -0.040116094052791595 -0.9208623170852661
v -0.028902515769004822 -0.05021369457244873 -0.8945842385292053
v -0.034133799374103546 -0.047050587832927704 -0.905046820640564
v -0.06600815057754517 0.007817089557647705 -0.9313248991966248
v -0.023549571633338928 -0.051916901022195816 -0.8893529176712036
v -0.023549571633338928 -0.048267167061567307 -0.8683061599731445
v -0.05189584195613861 -0.01310805231332779 -0.9417874813079834
v -0.023549571633338928 -0.043765828013420105 -0.8578435778617859
v -0.023549571633338928 -0.04619898647069931 -0.8630748391151428
v -0.034133799374103546 -0.04595566913485527 -0.9102780818939209
v -0.04459637403488159 -0.028801914304494858 -0.9343663454055786
v -0.0482461079955101 -0.01833934336900711 -0.9417874813079834
v -0.05505894497036934 -0.007876768708229065 -0.9411791563034058
v -0.06661643832921982 0.013170033693313599 -0.9313248991966248
v -0.05676215514540672 -0.0026454851031303406 -0.9417874813079834
v -0.04459637403488159 -0.02271902561187744 -0.9417874813079834
v -0.0703878328204155 0.03409518301486969 -0.926093578338623
v -0.07087446749210358 0.039326466619968414 -0.9269452095031738
v -0.07440254092216492 0.04455775022506714 -0.926093578338623
v -0.06722472608089447 0.03409518301486969 -0.9313248991966248
v -0.03936508670449257 -0.03768293559551239 -0.926093578338623
v -0.05822204798460007 0.0025858059525489807 -0.9417874813079834
v -0.034133799374103546 -0.04279256612062454 -0.9208623170852661
v -0.0593169704079628 0.007817089557647705 -0.9417874813079834
v -0.03936508670449257 -0.03415485844016075 -0.9324197769165039
v -0.028902515769004822 -0.049118772149086 -0.905046820640564
v -0.023549571633338928 -0.05082198232412338 -0.8788903951644897
v -0.03936508670449257 -0.027342021465301514 -0.9417874813079834
v -0.049827661365270615 -0.01310805231332779 -0.944098949432373
v -0.023549571633338928 -0.0335465706884861 -0.8421497344970703
v -0.028902515769004822 -0.04802384972572327 -0.9102780818939209
v -0.023549571633338928 -0.051551930606365204 -0.8998154997825623
v -0.05992525815963745 0.013170033693313599 -0.9417874813079834
v -0.04459637403488159 -0.01833934336900711 -0.9455588459968567
v -0.049949318170547485 -0.007876768708229065 -0.9470187425613403
v -0.034133799374103546 -0.04035940766334534 -0.926093578338623
v -0.06369665265083313 0.018401317298412323 -0.9365561604499817
v -0.018318280577659607 -0.047902192920446396 -0.8630748391151428
v -0.028902515769004822 -0.04486074671149254 -0.9208623170852661
v -0.034133799374103546 -0.030870098620653152 -0.9417874813079834
v -0.05201750248670578 -0.0026454851031303406 -0.9470187425613403
v -0.034133799374103546 -0.03756127879023552 -0.9313248991966248
v -0.03936508670449257 -0.023570626974105835 -0.9456804990768433
v -0.023549571633338928 -0.05082198232412338 -0.905046820640564
v -0.013086996972560883 -0.05422840267419815 -0.8841216564178467
v -0.018318280577659607 -0.05228187516331673 -0.8788903951644897
v -0.018318280577659607 -0.04984872043132782 -0.8683061599731445
v -0.018318280577659607 -0.04546903818845749 -0.8578435778617859
v -0.018318280577659607 -0.039386145770549774 -0.8471376895904541
v -0.023549571633338928 -0.014081321656703949 -0.8211029171943665
v -0.04459637403488159 -0.01310805231332779 -0.9492085576057434
v -0.013086996972560883 -0.05447171628475189 -0.8945842385292053
v -0.013086996972560883 -0.05459337309002876 -0.8893529176712036
v -0.018318280577659607 -0.035736411809921265 -0.8421497344970703
v -0.018318280577659607 -0.02673373371362686 -0.8315654993057251
v -0.013086996972560883 -0.05349845439195633 -0.8788903951644897
v -0.018318280577659607 -0.05118695646524429 -0.9102780818939209
v -0.023549571633338928 -0.007876768708229065 -0.8152633309364319
v -0.013086996972560883 -0.04108935594558716 -0.8473809957504272
v -0.013086996972560883 -0.05410674214363098 -0.8998154997825623
v -0.023549571633338928 -0.04656395688652992 -0.9208623170852661
v -0.07087446749210358 0.04455775022506714 -0.9297433495521545
v -0.06564317643642426 0.039326466619968414 -0.934244692325592
v -0.03936508670449257 -0.01833934336900711 -0.9500601887702942
v -0.013086996972560883 -0.04680727422237396 -0.8578435778617859
v -0.013086996972560883 -0.05337679386138916 -0.905046820640564
v -0.028902515769004822 -0.039751119911670685 -0.9313248991966248
v -0.028902515769004822 -0.03342491388320923 -0.9417874813079834
v -0.007855713367462158 -0.05203855782747269 -0.8683061599731445
v -0.018318280577659607 -0.016514476388692856 -0.8211029171943665
v -0.013086996972560883 -0.03743962198495865 -0.8421497344970703
v -0.007855713367462158 -0.05009203404188156 -0.8630748391151428
v -0.023549571633338928 -0.044252458959817886 -0.926093578338623
v -0.034133799374103546 -0.02612544223666191 -0.9470187425613403
v -0.007855713367462158 -0.055444978177547455 -0.8945842385292053
v -0.007855713367462158 -0.04230593517422676 -0.8473809957504272
v -0.018318280577659607 -0.047902192920446396 -0.9208623170852661
v -0.007855713367462158 -0.05435005575418472 -0.8788903951644897
v -0.007855713367462158 -0.0347631499171257 -0.836796760559082
v -0.007855713367462158 -0.030261807143688202 -0.8315654993057251
v -0.013086996972560883 -0.05228187516331673 -0.9102780818939209
v -0.018318280577659607 0.03409518301486969 -0.9948302507400513
v -0.013086996972560883 0.02886389195919037 -0.9966551065444946
v -0.023549571633338928 0.02886389195919037 -0.9947085976600647
v -0.013086996972560883 0.03409518301486969 -0.9958035349845886
v -0.018318280577659607 0.018401317298412323 -0.9970201253890991
v -0.023549571633338928 0.018401317298412323 -0.9958035349845886
v -0.007855713367462158 0.018401317298412323 -0.9983583688735962
v -0.002624422311782837 0.023632608354091644 -0.9982367157936096
v -0.002624422311782837 0.03409518301486969 -0.9966551065444946
v 0.0026068612933158875 0.023632608354091644 -0.9984800219535828
v 0.0026068612933158875 0.018401317298412323 -0.9988449811935425
v -0.002624422311782837 0.013170033693313599 -0.998966634273529
v -0.018318280577659607 0.013170033693313599 -0.9971417784690857
v -0.023549571633338928 0.013170033693313599 -0.9961684942245483
v -0.007855713367462158 0.007817089557647705 -0.9983583688735962
v -0.018318280577659607 0.007817089557647705 -0.9971417784690857
v -0.007855713367462158 0.039326466619968414 -0.9950735569000244
v -0.023549571633338928 0.007817089557647705 -0.9960468411445618
v 0.007838144898414612 0.013170033693313599 -0.998966634273529
v -0.018318280577659607 0.0025858059525489807 -0.996776819229126
v -0.023549571633338928 0.0025858059525489807 -0.9958035349845886
v 0.007838144898414612 0.007817089557647705 -0.9988449811935425
v 0.0026068612933158875 0.0025858059525489807 -0.9984800219535828
v -0.013086996972560883 -0.0026454851031303406 -0.9968984723091125
v -0.002624422311782837 -0.0026454851031303406 -0.997628390789032
v 0.007838144898414612 0.023632608354091644 -0.9982367157936096
v 0.013069435954093933 0.013170033693313599 -0.9986016750335693
v 0.007838144898414612 0.03409518301486969 -0.9965334534645081
v 0.007838144898414612 0.0025858059525489807 -0.9983583688735962
v 0.013069435954093933 0.023632608354091644 -0.9977500438690186
v 0.013069435954093933 0.02886389195919037 -0.9970201253890991
v -0.002624422311782837 0.039326466619968414 -0.9953169226646423
v -0.013086996972560883 0.039326466619968414 -0.9944652915000916
v -0.018318280577659607 0.039326466619968414 -0.9936137199401855
v -0.034133799374103546 0.023632608354091644 -0.9921538233757019
v -0.028902515769004822 0.013170033693313599 -0.9945869445800781
v -0.028902515769004822 0.03409518301486969 -0.9921538233757019
v -0.023549571633338928 0.039326466619968414 -0.992397129535675
v -0.034133799374103546 0.02886389195919037 -0.9914238452911377
v -0.034133799374103546 0.013170033693313599 -0.9928837418556213
v -0.034133799374103546 0.007817089557647705 -0.9928837418556213
v -0.029145829379558563 0.0025858059525489807 -0.9942219853401184
v -0.023549571633338928 -0.0026454851031303406 -0.9950735569000244
v -0.028902515769004822 -0.0026454851031303406 -0.9936137199401855
v -0.03936508670449257 0.018401317298412323 -0.9905722737312317
v -0.034133799374103546 0.039326466619968414 -0.9892340302467346
v 0.007838144898414612 0.039326466619968414 -0.9950735569000244
v -0.029875777661800385 0.04455775022506714 -0.9889906644821167
v -0.03936508670449257 0.03409518301486969 -0.9883823990821838
v -0.04459637403488159 0.02886389195919037 -0.9868008494377136
v -0.018318280577659607 0.04455775022506714 -0.9917888045310974
v -0.023549571633338928 0.04978903383016586 -0.988625705242157
v -0.002624422311782837 0.04455775022506714 -0.9934920072555542
v -0.013086996972560883 0.04978903383016586 -0.9904505610466003
v -0.034133799374103546 0.04455775022506714 -0.9875308275222778
v -0.03936508670449257 0.039326466619968414 -0.9870441555976868
v -0.028902515769004822 0.04978903383016586 -0.9871658086776733
v 0.013069435954093933 0.03409518301486969 -0.9959251880645752
v -0.04459637403488159 0.013170033693313599 -0.9882607460021973
v -0.04459637403488159 0.007817089557647705 -0.9882607460021973
v -0.042284876108169556 0.0025858059525489807 -0.9889906644821167
v -0.04058166593313217 -0.0026454851031303406 -0.9889906644821167
v -0.007855713367462158 -0.007876768708229065 -0.9962901473045349
v -0.018318280577659607 -0.007876768708229065 -0.9950735569000244
v -0.023549571633338928 -0.007876768708229065 -0.9939786791801453
v 0.007838144898414612 -0.0026454851031303406 -0.997628390789032
v 0.013069435954093933 0.0025858059525489807 -0.9979933500289917
v 0.013069435954093933 -0.0026454851031303406 -0.9972634315490723
v 0.018422380089759827 0.023632608354091644 -0.9968984723091125
v 0.018422380089759827 0.02886389195919037 -0.9961684942245483
v 0.018422380089759827 0.0025858059525489807 -0.9972634315490723
v 0.018422380089759827 0.007817089557647705 -0.997628390789032
v 0.007838144898414612 -0.007876768708229065 -0.9965334534645081
v -0.002624422311782837 -0.01310805231332779 -0.9951952695846558
v -0.013086996972560883 -0.01310805231332779 -0.994343638420105
v -0.007855713367462158 -0.01310805231332779 -0.9949519038200378
v -0.028902515769004822 -0.007876768708229065 -0.992397129535675
v 0.02365366369485855 0.013170033693313599 -0.9966551065444946
v 0.018422380089759827 0.03409518301486969 -0.9950735569000244
v 0.013069435954093933 0.039326466619968414 -0.9944652915000916
v 0.018422380089759827 -0.0026454851031303406 -0.9965334534645081
v 0.013069435954093933 -0.007876768708229065 -0.9961684942245483
v -0.018318280577659607 -0.01310805231332779 -0.9934920072555542
v -0.034133799374103546 -0.007876768708229065 -0.9904505610466003
v 0.02365366369485855 0.0025858059525489807 -0.9961684942245483
v 0.007838144898414612 -0.01310805231332779 -0.9949519038200378
v -0.03936508670449257 -0.007876768708229065 -0.9882607460021973
v 0.02365366369485855 -0.0026454851031303406 -0.9954385757446289
v 0.0341162383556366 0.007817089557647705 -0.9936137199401855
v -0.034133799374103546 0.04978903383016586 -0.98534095287323
v -0.002624422311782837 0.04978903383016586 -0.991058886051178
v -0.023549571633338928 -0.01310805231332779 -0.9921538233757019
v -0.034133799374103546 -0.01310805231332779 -0.9887473583221436
v 0.013069435954093933 -0.01310805231332779 -0.9944652915000916
v -0.049827661365270615 0.039326466619968414 -0.9814479351043701
v -0.04459637403488159 0.04455775022506714 -0.9826644659042358
v -0.049827661365270615 0.04455775022506714 -0.9798663854598999
v -0.03936508670449257 0.04978903383016586 -0.9831511378288269
v -0.05505894497036934 0.02886389195919037 -0.9804746508598328
v -0.049827661365270615 0.013170033693313599 -0.9850976467132568
v -0.04459637403488159 -0.0026454851031303406 -0.9868008494377136
v -0.034133799374103546 0.05514197796583176 -0.9827861189842224
v -0.03936508670449257 0.05514197796583176 -0.9807179570198059
v -0.018318280577659607 0.05514197796583176 -0.9868008494377136
v -0.023549571633338928 0.06037326902151108 -0.9824211597442627
v -0.049827661365270615 0.04978903383016586 -0.9779198169708252
v -0.028902515769004822 0.06037326902151108 -0.9812045693397522
v -0.049827661365270615 0.007817089557647705 -0.9849759936332703
v -0.049827661365270615 0.0025858059525489807 -0.984489381313324
v -0.06029023230075836 0.018401317298412323 -0.9777981638908386
v -0.049827661365270615 0.05514197796583176 -0.975486695766449
v -0.05956028401851654 0.013170033693313599 -0.9785281419754028
v -0.06029023230075836 0.039326466619968414 -0.9745134115219116
v -0.007855713367462158 0.05514197796583176 -0.9878957867622375
v -0.05919531360268593 0.007817089557647705 -0.9785281419754028
v -0.06029023230075836 0.04455775022506714 -0.9729318618774414
v -0.05505894497036934 0.04978903383016586 -0.9746350646018982
v -0.06029023230075836 0.02886389195919037 -0.9767032265663147
v -0.04459637403488159 -0.007876768708229065 -0.98534095287323
v -0.06552152335643768 0.023632608354091644 -0.9732968211174011
v -0.058343708515167236 0.0025858059525489807 -0.9785281419754028
v -0.05505894497036934 0.05514197796583176 -0.972201943397522
v -0.002624422311782837 0.05356042832136154 -0.9889906644821167
v -0.06564317643642426 0.03409518301486969 -0.9714719653129578
v -0.05505894497036934 -0.0026454851031303406 -0.9798663854598999
v -0.0548156313598156 -0.007876768708229065 -0.9785281419754028
v -0.03936508670449257 -0.01310805231332779 -0.9863142371177673
v -0.03936508670449257 0.06037326902151108 -0.977676510810852
v -0.034133799374103546 0.06195481866598129 -0.9785281419754028
v -0.04459637403488159 0.06037326902151108 -0.9751216769218445
v -0.06406162679195404 0.04978903383016586 -0.9680655598640442
v -0.06077686324715614 0.05514197796583176 -0.9680655598640442
v -0.06637312471866608 0.04455775022506714 -0.9680655598640442
v -0.06552152335643768 0.007817089557647705 -0.9732968211174011
v -0.049827661365270615 0.06037326902151108 -0.972201943397522
v -0.028902515769004822 -0.01833934336900711 -0.9882607460021973
v -0.07148275524377823 0.018401317298412323 -0.9680655598640442
v -0.07148275524377823 0.013170033693313599 -0.9680655598640442
v -0.0703878328204155 0.02886389195919037 -0.9680655598640442
v -0.06564317643642426 0.0025858059525489807 -0.9724452495574951
v -0.04459637403488159 -0.01310805231332779 -0.9833944439888
v -0.049827661365270615 -0.01310805231332779 -0.980109691619873
v -0.023549571633338928 -0.01833934336900711 -0.9898422956466675
v -0.07111778110265732 0.007817089557647705 -0.9680655598640442
v -0.013086996972560883 -0.01833934336900711 -0.9920321106910706
v -0.061263494193553925 -0.007876768708229065 -0.9732968211174011
v -0.06868462264537811 -0.0026454851031303406 -0.9680655598640442
v -0.034133799374103546 -0.01833934336900711 -0.9861925840377808
v -0.04459637403488159 -0.01833934336900711 -0.980961263179779
v -0.07087446749210358 0.04455775022506714 -0.9634425640106201
v -0.002624422311782837 -0.01833934336900711 -0.9930053949356079
v 0.0026068612933158875 -0.01833934336900711 -0.9928837418556213
v -0.05505894497036934 -0.01310805231332779 -0.9762166142463684
v -0.07014451920986176 0.0025858059525489807 -0.9680655598640442
v -0.049827661365270615 -0.01833934336900711 -0.9775548577308655
v -0.06685975193977356 -0.007876768708229065 -0.9680655598640442
v -0.0761057510972023 0.023632608354091644 -0.9623476266860962
v -0.018318280577659607 0.06037326902151108 -0.9832727909088135
v -0.05578889325261116 0.06037326902151108 -0.9680655598640442
v -0.0761057510972023 0.03409518301486969 -0.9604011178016663
v -0.07087446749210358 0.04978903383016586 -0.9611310362815857
v -0.06564317643642426 0.055750273168087006 -0.9628342390060425
v -0.0761057510972023 0.04455775022506714 -0.9573596715927124
v -0.06454825401306152 -0.01310805231332779 -0.9680655598640442
v -0.05505894497036934 -0.01833934336900711 -0.9735401272773743
v -0.061506811529397964 -0.01833934336900711 -0.9680655598640442
v -0.034133799374103546 -0.023570626974105835 -0.9831511378288269
v -0.028902515769004822 -0.023570626974105835 -0.9850976467132568
v -0.0802421122789383 0.018401317298412323 -0.957481324672699
v -0.0802421122789383 0.013170033693313599 -0.957481324672699
v -0.07926885783672333 0.02886389195919037 -0.957481324672699
v -0.04459637403488159 -0.023570626974105835 -0.9777981638908386
v -0.07975548505783081 0.007817089557647705 -0.957481324672699
v -0.07391591370105743 0.04978903383016586 -0.957481324672699
v -0.07902553677558899 0.0025858059525489807 -0.957481324672699
v -0.07780896127223969 -0.0026454851031303406 -0.957481324672699
v -0.08109372109174728 0.039326466619968414 -0.9522500038146973
v -0.049827661365270615 -0.023570626974105835 -0.9742701053619385
v -0.013086996972560883 -0.023570626974105835 -0.9889906644821167
v -0.057613760232925415 -0.023570626974105835 -0.9680655598640442
v -0.07391591370105743 -0.01310805231332779 -0.957481324672699
v -0.07136109471321106 -0.01833934336900711 -0.957481324672699
v -0.08340521901845932 0.023632608354091644 -0.9522500038146973
v -0.07975548505783081 0.04455775022506714 -0.9522500038146973
v -0.08340521901845932 0.007817089557647705 -0.9522500038146973
v -0.0826752707362175 0.0025858059525489807 -0.9522500038146973
v -0.08158035576343536 -0.0026454851031303406 -0.9522500038146973
v -0.08681163936853409 0.013170033693313599 -0.9470187425613403
v -0.07793061435222626 -0.01310805231332779 -0.9522500038146973
v -0.07063114643096924 0.05514197796583176 -0.957481324672699
v -0.0859600305557251 0.02886389195919037 -0.9470187425613403
v -0.028902515769004822 0.06377968937158585 -0.9785281419754028
v -0.07744398713111877 0.04978903383016586 -0.9522500038146973
v -0.03936508670449257 0.06536123901605606 -0.9732968211174011
v -0.04459637403488159 0.06268476694822311 -0.9732968211174011
v -0.049827661365270615 0.0643879845738411 -0.9680655598640442
v -0.08425682783126831 0.039326466619968414 -0.9470187425613403
v -0.06795467436313629 -0.023570626974105835 -0.957481324672699
v -0.023549571633338928 0.06499626487493515 -0.9785281419754028
v -0.08279693126678467 0.04455775022506714 -0.9470187425613403
v -0.06029023230075836 0.06085989624261856 -0.9628342390060425
v 0.018422380089759827 -0.01310805231332779 -0.9934920072555542
v 0.028884947299957275 -0.007876768708229065 -0.9927620887756348
v 0.013069435954093933 -0.01833934336900711 -0.991910457611084
v -0.002624422311782837 0.06037326902151108 -0.9841243624687195
v -0.0761057510972023 0.0521005317568779 -0.9522500038146973
v -0.028902515769004822 0.0656045600771904 -0.9767032265663147
v -0.018318280577659607 0.06572621315717697 -0.9785281419754028
v 0.02365366369485855 -0.01310805231332779 -0.9922754764556885
v -0.08036377280950546 0.04978903383016586 -0.9470187425613403
v -0.034133799374103546 0.06706445664167404 -0.9732968211174011
v -0.06564317643642426 0.059886641800403595 -0.957481324672699
v -0.007855713367462158 0.06609118729829788 -0.9785281419754028
v 0.002971835434436798 0.0656045600771904 -0.9785281419754028
v 0.007838144898414612 0.06037326902151108 -0.9831511378288269
v 0.013069435954093933 0.06402301043272018 -0.9785281419754028
v -0.028902515769004822 0.06803771108388901 -0.9732968211174011
v -0.023549571633338928 0.06864600628614426 -0.9732968211174011
v 0.0026068612933158875 0.018401317298412323 -0.9714719653129578
v 0.0026068612933158875 0.023632608354091644 -0.9707420468330383
v -0.013086996972560883 0.023632608354091644 -0.9703770279884338
v -0.013086996972560883 0.018401317298412323 -0.9709853529930115
v -0.007855713367462158 0.013170033693313599 -0.9715936183929443
v -0.013086996972560883 0.02886389195919037 -0.9694038033485413
v 0.0026068612933158875 0.02886389195919037 -0.9696471095085144
v -0.013086996972560883 0.013170033693313599 -0.9712286591529846
v 0.013069435954093933 0.018401317298412323 -0.9707420468330383
v 0.007838144898414612 0.013170033693313599 -0.9715936183929443
v 0.013069435954093933 0.023632608354091644 -0.9698904156684875
v 0.013069435954093933 0.013170033693313599 -0.971107006072998
v 0.007838144898414612 0.007817089557647705 -0.9715936183929443
v -0.007855713367462158 0.007817089557647705 -0.9714719653129578
v 0.013069435954093933 0.007817089557647705 -0.971107006072998
v 0.0026068612933158875 0.0025858059525489807 -0.9713503122329712
v -0.018318280577659607 0.018401317298412323 -0.9702553749084473
v -0.018318280577659607 0.023632608354091644 -0.9696471095085144
v -0.013086996972560883 0.007817089557647705 -0.9709853529930115
v -0.018318280577659607 0.013170033693313599 -0.9703770279884338
v -0.018318280577659607 0.02886389195919037 -0.968673825263977
v -0.013086996972560883 0.03409518301486969 -0.9680655598640442
v -0.018318280577659607 0.03409518301486969 -0.9675788879394531
v 0.013069435954093933 0.02886389195919037 -0.968673825263977
v 0.0026068612933158875 0.03409518301486969 -0.9681872129440308
v -0.013086996972560883 0.04978903383016586 -0.9633209109306335
v -0.018318280577659607 0.04978903383016586 -0.962955892086029
v -0.018318280577659607 0.05514197796583176 -0.9619826674461365
v -0.013086996972560883 0.05514197796583176 -0.9622259736061096
v -0.002624422311782837 0.04978903383016586 -0.963199257850647
v 0.0026068612933158875 0.05514197796583176 -0.9617393612861633
v 0.007838144898414612 0.04978903383016586 -0.9622259736061096
v 0.007838144898414612 0.05514197796583176 -0.9612526893615723
v -0.023549571633338928 0.04978903383016586 -0.9623476266860962
v -0.023549571633338928 0.05514197796583176 -0.9613743424415588
v 0.013069435954093933 0.04978903383016586 -0.9613743424415588
v 0.013069435954093933 0.05514197796583176 -0.9604011178016663
v 0.018422380089759827 0.023632608354091644 -0.9689171314239502
v 0.013069435954093933 0.04455775022506714 -0.9630775451660156
v 0.018422380089759827 0.02886389195919037 -0.9675788879394531
v 0.018422380089759827 0.018401317298412323 -0.969768762588501
v 0.018422380089759827 0.04978903383016586 -0.9601578116416931
v 0.018422380089759827 0.05514197796583176 -0.9593061804771423
v 0.018422380089759827 0.04163796454668045 -0.9628342390060425
v 0.018422380089759827 0.013170033693313599 -0.9701337218284607
v -0.023549571633338928 0.02886389195919037 -0.9675788879394531
v -0.028902515769004822 0.039326466619968414 -0.9635642170906067
v -0.028902515769004822 0.05514197796583176 -0.9601578116416931
v -0.023549571633338928 0.023632608354091644 -0.9684305191040039
v -0.018318280577659607 0.06037326902151108 -0.9619826674461365
v -0.007855713367462158 0.06037326902151108 -0.9623476266860962
v 0.02365366369485855 0.023632608354091644 -0.96733558177948
v -0.023549571633338928 0.06037326902151108 -0.9613743424415588
v 0.02365366369485855 0.018401317298412323 -0.9681872129440308
v 0.018422380089759827 0.007817089557647705 -0.9701337218284607
v 0.02365366369485855 0.013170033693313599 -0.968673825263977
v 0.02365366369485855 0.02886389195919037 -0.9657540321350098
v 0.0026068612933158875 0.06037326902151108 -0.962104320526123
v 0.013069435954093933 0.0025858059525489807 -0.9707420468330383
v -0.023549571633338928 0.018401317298412323 -0.9689171314239502
v 0.02365366369485855 0.04978903383016586 -0.958332896232605
v 0.02365366369485855 0.05514197796583176 -0.9578462839126587
v 0.02365366369485855 0.04455775022506714 -0.9599144458770752
v 0.013069435954093933 0.06037326902151108 -0.9612526893615723
v 0.02365366369485855 0.007817089557647705 -0.968673825263977
v 0.007838144898414612 0.0025858059525489807 -0.971107006072998
v 0.018422380089759827 0.0025858059525489807 -0.969768762588501
v -0.028902515769004822 0.06037326902151108 -0.9602794647216797
v 0.028884947299957275 0.05514197796583176 -0.9558997750282288
v -0.018318280577659607 0.007817089557647705 -0.9701337218284607
v -0.028902515769004822 0.02886389195919037 -0.9658756852149963
v -0.013086996972560883 0.0025858059525489807 -0.9704986810684204
v -0.023549571633338928 0.013170033693313599 -0.9690387845039368
v 0.02365366369485855 0.0025858059525489807 -0.9683088660240173
v -0.034133799374103546 0.04978903383016586 -0.9594278335571289
v -0.03936508670449257 0.05514197796583176 -0.956386387348175
v -0.028902515769004822 0.018401317298412323 -0.9670922756195068
v 0.007838144898414612 -0.0026454851031303406 -0.9702553749084473
v 0.0026068612933158875 -0.0026454851031303406 -0.9704986810684204
v -0.007855713367462158 -0.0026454851031303406 -0.9700120687484741
v -0.034133799374103546 0.06037326902151108 -0.958819568157196
v 0.013069435954093933 -0.0026454851031303406 -0.969768762588501
v -0.018318280577659607 0.0025858059525489807 -0.9695254564285278
v 0.018422380089759827 -0.0026454851031303406 -0.9689171314239502
v -0.023549571633338928 0.007817089557647705 -0.968673825263977
v 0.028884947299957275 0.04978903383016586 -0.9561430811882019
v 0.028884947299957275 0.044436097145080566 -0.957481324672699
v 0.028884947299957275 0.02886389195919037 -0.963199257850647
v 0.028884947299957275 0.018401317298412323 -0.9657540321350098
v 0.028884947299957275 0.023632608354091644 -0.9647808074951172
v 0.028884947299957275 0.013170033693313599 -0.9662407040596008
v -0.03936508670449257 0.06037326902151108 -0.9572380185127258
v -0.034133799374103546 0.02886389195919037 -0.9634425640106201
v 0.018422380089759827 0.06037326902151108 -0.9604011178016663
v -0.028902515769004822 0.013170033693313599 -0.9670922756195068
v -0.013086996972560883 -0.0026454851031303406 -0.9694038033485413
v -0.023549571633338928 0.0025858059525489807 -0.9680655598640442
v 0.028884947299957275 0.007817089557647705 -0.9662407040596008
v -0.018318280577659607 -0.0026454851031303406 -0.9684305191040039
v -0.03936508670449257 0.04978903383016586 -0.9569947123527527
v -0.03936508670449257 0.03409518301486969 -0.959671139717102
v -0.034133799374103546 0.018401317298412323 -0.9642941355705261
v 0.007838144898414612 -0.007876768708229065 -0.9687954783439636
v -0.002624422311782837 -0.007876768708229065 -0.9687954783439636
v 0.013069435954093933 -0.007876768708229065 -0.9683088660240173
v -0.028902515769004822 0.007817089557647705 -0.9666056632995605
v 0.0341162383556366 0.04455775022506714 -0.9545615315437317
v 0.03606276214122772 0.04978903383016586 -0.9522500038146973
v 0.0341162383556366 0.02886389195919037 -0.9600361585617065
v 0.0341162383556366 0.05514197796583176 -0.9535882472991943
v 0.03934752941131592 0.05514197796583176 -0.9512767791748047
v 0.02365366369485855 -0.0026454851031303406 -0.9672139286994934
v 0.02365366369485855 0.06037326902151108 -0.9591845273971558
v 0.0341162383556366 0.023632608354091644 -0.9614959955215454
v 0.0026068612933158875 -0.007876768708229065 -0.9689171314239502
v 0.028884947299957275 0.06037326902151108 -0.9577246308326721
v 0.028884947299957275 0.0025858059525489807 -0.9657540321350098
v -0.007855713367462158 -0.007876768708229065 -0.9684305191040039
v 0.0341162383556366 0.018401317298412323 -0.9624692797660828
v -0.013086996972560883 -0.007876768708229065 -0.967822253704071
v -0.04739450290799141 0.05514197796583176 -0.9522500038146973
v 0.018422380089759827 -0.007876768708229065 -0.9672139286994934
v -0.028902515769004822 0.0025858059525489807 -0.9657540321350098
v -0.04459637403488159 0.06037326902151108 -0.9551697969436646
v -0.023549571633338928 -0.0026454851031303406 -0.9667273163795471
v -0.034133799374103546 0.013170033693313599 -0.9642941355705261
v -0.03936508670449257 0.023632608354091644 -0.9608877301216125
v -0.04459637403488159 0.04978903383016586 -0.9538315534591675
v 0.03934752941131592 0.04455775022506714 -0.9510334730148315
v 0.03934752941131592 0.04978903383016586 -0.9503034949302673
v 0.03934752941131592 0.040056414902210236 -0.9522500038146973
v 0.0341162383556366 0.007817089557647705 -0.962955892086029
v 0.03934752941131592 0.013170033693313599 -0.9593061804771423
v 0.03934752941131592 0.018401317298412323 -0.958819568157196
v 0.0341162383556366 0.06037326902151108 -0.9562647342681885
v 0.03934752941131592 0.02886389195919037 -0.9562647342681885
v 0.044578805565834045 0.05514197796583176 -0.9483569860458374
v 0.028884947299957275 -0.0026454851031303406 -0.964537501335144
v 0.02365366369485855 -0.007876768708229065 -0.96538907289505
v 0.007838144898414612 0.062441445887088776 -0.9628342390060425
v -0.018318280577659607 0.062441445887088776 -0.9628342390060425
v 0.0341162383556366 0.0025858059525489807 -0.9623476266860962
v -0.028902515769004822 0.0656045600771904 -0.9628342390060425
v 0.044578805565834045 0.04455775022506714 -0.9468970894813538
v 0.044578805565834045 0.04978903383016586 -0.9467754364013672
v 0.0341162383556366 -0.0026454851031303406 -0.9612526893615723
v 0.0026068612933158875 -0.01310805231332779 -0.9666056632995605
v 0.007838144898414612 -0.01310805231332779 -0.9663623571395874
v -0.018318280577659607 -0.007876768708229065 -0.966484010219574
v 0.04981009662151337 0.05514197796583176 -0.9454371929168701
v 0.013069435954093933 -0.01310805231332779 -0.9657540321350098
v -0.007855713367462158 -0.01310805231332779 -0.9659973382949829
v -0.034133799374103546 0.007817089557647705 -0.9636858701705933
v -0.023549571633338928 -0.007876768708229065 -0.9647808074951172
v -0.04459637403488159 0.02886389195919037 -0.9568729996681213
v -0.028902515769004822 -0.0026454851031303406 -0.9642941355705261
v -0.049827661365270615 0.06037326902151108 -0.953101634979248
v -0.03936508670449257 0.013170033693313599 -0.9608877301216125
v -0.013086996972560883 -0.01310805231332779 -0.9652674198150635
v 0.028884947299957275 -0.007876768708229065 -0.9625909328460693
v 0.018422380089759827 -0.01310805231332779 -0.964537501335144
v -0.034133799374103546 0.0656045600771904 -0.9618610143661499
v -0.034133799374103546 0.0025858059525489807 -0.9627125859260559
v -0.03936508670449257 0.007817089557647705 -0.9604011178016663
v -0.04435305669903755 0.018401317298412323 -0.957481324672699
v -0.049827661365270615 0.04978903383016586 -0.9503034949302673
v -0.049827661365270615 0.05514197796583176 -0.950911819934845
v -0.049827661365270615 0.04455775022506714 -0.950668454170227
v -0.05505894497036934 0.05514197796583176 -0.9477486610412598
v -0.05505894497036934 0.06037326902151108 -0.9512767791748047
v -0.034133799374103546 -0.0026454851031303406 -0.9613743424415588
v -0.05505894497036934 0.04978903383016586 -0.9464104771614075
v -0.06029023230075836 0.05514197796583176 -0.9448289275169373
v -0.03936508670449257 0.0025858059525489807 -0.9594278335571289
v -0.04459637403488159 0.013170033693313599 -0.9571163654327393
v -0.028902515769004822 -0.007876768708229065 -0.9623476266860962
v -0.034133799374103546 -0.007876768708229065 -0.9595494866371155
v -0.03936508670449257 -0.0026454851031303406 -0.9580895900726318
v -0.023549571633338928 -0.01310805231332779 -0.9622259736061096
v -0.04459637403488159 0.007817089557647705 -0.9565080404281616
v -0.002624422311782837 -0.01833934336900711 -0.9633209109306335
v -0.049827661365270615 0.02886389195919037 -0.9524933695793152
v -0.05505894497036934 0.04455775022506714 -0.9461671113967896
v -0.06102018058300018 0.04978903383016586 -0.9417874813079834
v -0.049827661365270615 0.018401317298412323 -0.9528583288192749
v -0.04459637403488159 0.0025858059525489807 -0.955534815788269
v -0.028902515769004822 -0.01310805231332779 -0.9597927927970886
v 0.03934752941131592 0.06037326902151108 -0.9545615315437317
v -0.007855713367462158 -0.01833934336900711 -0.9628342390060425
v -0.03936508670449257 -0.007876768708229065 -0.9561430811882019
v -0.018318280577659607 -0.01833934336900711 -0.9606444239616394
v 0.0026068612933158875 -0.01833934336900711 -0.9633209109306335
v -0.034133799374103546 -0.01310805231332779 -0.9569947123527527
v -0.06564317643642426 0.05514197796583176 -0.9420307874679565
v -0.04459637403488159 -0.0026454851031303406 -0.9540749192237854
v -0.049462687224149704 0.007817089557647705 -0.9522500038146973
v -0.013086996972560883 -0.01833934336900711 -0.9619826674461365
v 0.007838144898414612 -0.01833934336900711 -0.9630775451660156
v 0.02365366369485855 -0.01310805231332779 -0.9625909328460693
v -0.049827661365270615 0.0025858059525489807 -0.950911819934845
v -0.05566723644733429 0.023632608354091644 -0.9470187425613403
v 0.013069435954093933 -0.01833934336900711 -0.9623476266860962
v -0.05505894497036934 0.013170033693313599 -0.9473837018013
v -0.04459637403488159 -0.007876768708229065 -0.9520066976547241
v -0.023549571633338928 -0.01833934336900711 -0.958819568157196
v -0.028902515769004822 -0.01833934336900711 -0.9566296935081482
v -0.05980360135436058 0.04455775022506714 -0.9417874813079834
v -0.05956028401851654 0.039326466619968414 -0.9417874813079834
v -0.03936508670449257 -0.01310805231332779 -0.9534665942192078
v -0.05505894497036934 0.007817089557647705 -0.9466537833213806
v -0.053720708936452866 0.0025858059525489807 -0.9470187425613403
v 0.018422380089759827 -0.01833934336900711 -0.9611310362815857
v 0.0026068612933158875 -0.023570626974105835 -0.9594278335571289
v -0.034133799374103546 -0.01833934336900711 -0.9535882472991943
v -0.05201750248670578 -0.0026454851031303406 -0.9470187425613403
v -0.049949318170547485 -0.007876768708229065 -0.9470187425613403
v -0.06564317643642426 0.04455775022506714 -0.9353395700454712
v -0.06564317643642426 0.04978903383016586 -0.9376510977745056
v -0.0671030730009079 0.04978903383016586 -0.9365561604499817
v -0.06029023230075836 0.023632608354091644 -0.941665768623352
v -0.05992525815963745 0.013170033693313599 -0.9417874813079834
v -0.0593169704079628 0.007817089557647705 -0.9417874813079834
v -0.04459637403488159 -0.01310805231332779 -0.9492085576057434
v -0.03936508670449257 -0.01833934336900711 -0.9500601887702942
v -0.007855713367462158 -0.023570626974105835 -0.958819568157196
v -0.002624422311782837 -0.023570626974105835 -0.9593061804771423
v -0.018318280577659607 -0.023570626974105835 -0.9566296935081482
v -0.013086996972560883 -0.024057261645793915 -0.957481324672699
v 0.007838144898414612 -0.023570626974105835 -0.9590628743171692
v -0.028902515769004822 -0.023813944309949875 -0.9522500038146973
v -0.05822204798460007 0.0025858059525489807 -0.9417874813079834
v -0.05676215514540672 -0.0026454851031303406 -0.9417874813079834
v -0.06564317643642426 0.039326466619968414 -0.934244692325592
v -0.07087446749210358 0.04455775022506714 -0.9297433495521545
v -0.06722472608089447 0.03409518301486969 -0.9313248991966248
v -0.04459637403488159 -0.01833934336900711 -0.9455588459968567
v 0.013069435954093933 -0.023570626974105835 -0.9582112431526184
v 0.02365366369485855 -0.01833934336900711 -0.9590628743171692
v -0.034133799374103546 -0.02612544223666191 -0.9470187425613403
v -0.03936508670449257 -0.023570626974105835 -0.9456804990768433
v -0.06369665265083313 0.018401317298412323 -0.9365561604499817
v -0.07087446749210358 0.05514197796583176 -0.9403275847434998
v -0.023549571633338928 -0.028801914304494858 -0.9496952295303345
v -0.018318280577659607 -0.028193626552820206 -0.9522500038146973
v -0.007855713367462158 -0.028801914304494858 -0.9539532661437988
v -0.002624422311782837 -0.028801914304494858 -0.9544398784637451
v 0.018422380089759827 -0.023570626974105835 -0.9568729996681213
v 0.0026068612933158875 -0.028801914304494858 -0.9545615315437317
v -0.028902515769004822 -0.02916688844561577 -0.9470187425613403
v 0.007838144898414612 -0.028801914304494858 -0.9540749192237854
v 0.028884947299957275 -0.03829122334718704 0.6374527812004089
v 0.02365366369485855 -0.03269496560096741 0.6532682776451111
v 0.02365366369485855 -0.03695298731327057 0.6426840424537659
v 0.028884947299957275 -0.02977517619729042 0.658499538898468
v 0.02365366369485855 -0.028071969747543335 0.663730800151825
v 0.02365366369485855 -0.020285867154598236 0.6794247031211853
v 0.028884947299957275 -0.023570626974105835 0.6710303425788879
v 0.028884947299957275 -0.019555918872356415 0.6794247031211853
v 0.02365366369485855 -0.01833934336900711 0.6846559643745422
v 0.028884947299957275 -0.015784528106451035 0.6898872256278992
v 0.028884947299957275 -0.039872776716947556 0.632221519947052
v 0.028884947299957275 -0.04157598689198494 0.6269901394844055
v 0.02365366369485855 -0.044009141623973846 0.6217588782310486
v 0.028884947299957275 -0.0446174331009388 0.6166492104530334
v 0.02365366369485855 -0.04656395688652992 0.6112963557243347
v 0.018422380089759827 -0.020164210349321365 0.6794247031211853
v 0.018422380089759827 -0.016027841717004776 0.6898872256278992
v 0.018422380089759827 -0.027828652411699295 0.663730800151825
v 0.018422380089759827 -0.028801914304494858 0.6614193320274353
v 0.018422380089759827 -0.03439817577600479 0.6479153037071228
v 0.018422380089759827 -0.03829122334718704 0.6374527812004089
v 0.018422380089759827 -0.043157536536455154 0.6217588782310486
v 0.02365366369485855 -0.014811266213655472 0.6952401995658875
v 0.028884947299957275 -0.014446288347244263 0.6952401995658875
v 0.018422380089759827 -0.01432463526725769 0.6952401995658875
v 0.028884947299957275 -0.01359468698501587 0.7004714608192444
v 0.02365366369485855 -0.01383800059556961 0.7004714608192444
v 0.018422380089759827 -0.0458340086042881 0.6112963557243347
v 0.013069435954093933 -0.018947631120681763 0.6794247031211853
v 0.013069435954093933 -0.02138078585267067 0.6741934418678284
v 0.013069435954093933 -0.028680257499217987 0.658499538898468
v 0.013069435954093933 -0.014689609408378601 0.6898872256278992
v 0.013069435954093933 -0.01310805231332779 0.6952401995658875
v 0.018422380089759827 -0.047658875584602356 0.6007121205329895
v 0.02365366369485855 -0.04838882386684418 0.6007121205329895
v 0.013069435954093933 -0.03269496560096741 0.6479153037071228
v 0.013069435954093933 -0.03646635636687279 0.6374527812004089
v 0.013069435954093933 -0.0425492487847805 0.6165276169776917
v 0.018422380089759827 -0.04863213747739792 0.5902494788169861
v 0.02365366369485855 -0.04924042895436287 0.5902494788169861
v 0.028884947299957275 -0.012621425092220306 0.7109341025352478
v 0.02365366369485855 -0.012378111481666565 0.7161653637886047
v 0.013069435954093933 -0.043765828013420105 0.6112963557243347
v 0.007838144898414612 -0.012378111481666565 0.6898872256278992
v 0.007838144898414612 -0.010796554386615753 0.6952401995658875
v 0.018422380089759827 -0.04960540309548378 0.5639714598655701
v 0.02365366369485855 -0.04984872043132782 0.5693243145942688
v 0.028884947299957275 -0.04668561369180679 0.6059433817863464
v 0.013069435954093933 -0.047658875584602356 0.5693243145942688
v 0.013069435954093933 -0.04595566913485527 0.5954808592796326
v 0.007838144898414612 -0.016027841717004776 0.6794247031211853
v 0.007838144898414612 -0.01833934336900711 0.6743150353431702
v 0.007838144898414612 -0.020529184490442276 0.6689621806144714
v 0.011974513530731201 -0.0446174331009388 0.6007121205329895
v 0.013069435954093933 -0.047658875584602356 0.5325836539268494
v 0.018422380089759827 -0.04997037723660469 0.5063056349754333
v 0.018422380089759827 -0.05094363912940025 0.47479623556137085
v 0.013069435954093933 -0.048267167061567307 0.490611732006073
v 0.010636277496814728 -0.039386145770549774 0.6217588782310486
v 0.009663015604019165 -0.03415485844016075 0.6374527812004089
v 0.02365366369485855 -0.05094363912940025 0.4800274968147278
v 0.02365366369485855 -0.04984872043132782 0.5430462956428528
v -0.0982474759221077 0.013170033693313599 -0.8893529176712036
v -0.09849078953266144 0.013170033693313599 -0.8998154997825623
v -0.09812581539154053 0.007817089557647705 -0.905046820640564
v -0.09800415486097336 0.007817089557647705 -0.8893529176712036
v -0.09788250178098679 0.0025858059525489807 -0.8998154997825623
v -0.0982474759221077 0.018401317298412323 -0.8893529176712036
v -0.09849078953266144 0.018401317298412323 -0.8998154997825623
v -0.09788250178098679 0.007817089557647705 -0.9102780818939209
v -0.0973958671092987 0.0025858059525489807 -0.8893529176712036
v -0.09666591882705688 -0.0026454851031303406 -0.9102780818939209
v -0.0970308929681778 -0.0026454851031303406 -0.8998154997825623
v -0.09593597799539566 -0.007876768708229065 -0.905046820640564
v -0.09690923988819122 0.007817089557647705 -0.8788903951644897
v -0.09715255349874496 0.013170033693313599 -0.8788903951644897
v -0.0961792916059494 0.0025858059525489807 -0.8788903951644897
v -0.09593597799539566 -0.007876768708229065 -0.8998154997825623
v -0.09520602971315384 -0.007876768708229065 -0.8893529176712036
v -0.09763918817043304 0.018401317298412323 -0.8841216564178467
v -0.0949627161026001 -0.0026454851031303406 -0.8788903951644897
v -0.09557100385427475 -0.007876768708229065 -0.9102780818939209
v -0.09605763107538223 0.0025858059525489807 -0.9208623170852661
v -0.09654426574707031 0.007817089557647705 -0.9208623170852661
v -0.09520602971315384 -0.0026454851031303406 -0.9208623170852661
v -0.09751752763986588 0.023632608354091644 -0.9102780818939209
v -0.09666591882705688 0.013170033693313599 -0.9208623170852661
v -0.09788250178098679 0.023632608354091644 -0.8945842385292053
v -0.09800415486097336 0.023632608354091644 -0.8998154997825623
v -0.09447608143091202 -0.01310805231332779 -0.905046820640564
v -0.09447608143091202 -0.01310805231332779 -0.8998154997825623
v -0.09398944675922394 -0.007876768708229065 -0.9208623170852661
v -0.0937461331486702 -0.01310805231332779 -0.8893529176712036
v -0.09398944675922394 -0.01310805231332779 -0.9102780818939209
v -0.09605763107538223 0.013170033693313599 -0.8735374212265015
v -0.09459774196147919 0.007817089557647705 -0.8683061599731445
v -0.09386779367923737 0.0025858059525489807 -0.8683061599731445
v -0.09277287125587463 -0.0026454851031303406 -0.8683061599731445
v -0.09179960936307907 -0.013229712843894958 -0.8788903951644897
v -0.09119132161140442 -0.007876768708229065 -0.8683061599731445
v -0.09179960936307907 -0.01833934336900711 -0.8893529176712036
v -0.09252955764532089 -0.01833934336900711 -0.8998154997825623
v -0.09240789711475372 -0.01833934336900711 -0.905046820640564
v -0.09301618486642838 0.007817089557647705 -0.8630748391151428
v -0.09058303385972977 0.0025858059525489807 -0.8578435778617859
v -0.08948811143636703 -0.0026454851031303406 -0.8578435778617859
v -0.09459774196147919 0.013170033693313599 -0.8683061599731445
v -0.09666591882705688 0.018401317298412323 -0.8788903951644897
v -0.08790656179189682 -0.007876768708229065 -0.8578435778617859
v -0.09021805971860886 -0.023570626974105835 -0.8998154997825623
v -0.08948811143636703 -0.023570626974105835 -0.8893529176712036
v -0.08741992712020874 -0.023570626974105835 -0.8788903951644897
v -0.08705495297908783 -0.01833934336900711 -0.8683061599731445
v -0.09228624403476715 -0.01310805231332779 -0.9208623170852661
v -0.08997473865747452 -0.023570626974105835 -0.905046820640564
v -0.09106966108083725 0.007817089557647705 -0.8578435778617859
v -0.08547340333461761 -0.0026454851031303406 -0.8473809957504272
v -0.0838918536901474 -0.007876768708229065 -0.8473809957504272
v -0.08632500469684601 0.0025858059525489807 -0.8473809957504272
v -0.08462179452180862 -0.023570626974105835 -0.8683061599731445
v -0.0818236693739891 -0.01310805231332779 -0.8473809957504272
v -0.08352687954902649 -0.01833934336900711 -0.8578435778617859
v -0.08462179452180862 -0.028801914304494858 -0.8788903951644897
v -0.08583837747573853 -0.028801914304494858 -0.8841216564178467
v -0.08656832575798035 -0.028801914304494858 -0.8893529176712036
v -0.08948811143636703 -0.023570626974105835 -0.9102780818939209
v -0.09009639918804169 -0.01833934336900711 -0.9208623170852661
v -0.087176613509655 -0.028801914304494858 -0.8998154997825623
v -0.08170200884342194 -0.028801914304494858 -0.8683061599731445
v -0.08328355848789215 -0.03415485844016075 -0.8893529176712036
v -0.08291858434677124 -0.0026454851031303406 -0.8421497344970703
v -0.08133703470230103 -0.007876768708229065 -0.842028021812439
v -0.08133703470230103 -0.03415485844016075 -0.8788903951644897
v -0.08243195712566376 -0.03415485844016075 -0.8841216564178467
v -0.07768730074167252 -0.028801914304494858 -0.8578435778617859
v -0.0761057510972023 -0.023935601115226746 -0.8473809957504272
v -0.08851484954357147 0.007817089557647705 -0.8526122570037842
v -0.0761057510972023 -0.01833934336900711 -0.841176450252533
v -0.08340521901845932 0.0025858059525489807 -0.8421497344970703
v -0.09179960936307907 0.013170033693313599 -0.8616149425506592
v -0.07622741162776947 -0.01310805231332779 -0.836796760559082
v -0.07829558849334717 -0.007876768708229065 -0.836796760559082
v -0.07975548505783081 -0.0026454851031303406 -0.836796760559082
v -0.07415922731161118 -0.03415485844016075 -0.8578435778617859
v -0.07440254092216492 -0.039386145770549774 -0.8683061599731445
v -0.08364853262901306 -0.03415485844016075 -0.8998154997825623
v -0.07744398713111877 -0.039386145770549774 -0.8788903951644897
v -0.07087446749210358 -0.031600043177604675 -0.8473809957504272
v -0.08632500469684601 -0.028801914304494858 -0.9102780818939209
v -0.07926885783672333 -0.039386145770549774 -0.8893529176712036
v -0.07951217144727707 -0.039386145770549774 -0.8945842385292053
v -0.07087446749210358 -0.03841288387775421 -0.8578435778617859
v -0.08741992712020874 -0.023570626974105835 -0.9208623170852661
v -0.0826752707362175 -0.03415485844016075 -0.9102780818939209
v -0.074037566781044 -0.0446174331009388 -0.8841216564178467
v -0.07087446749210358 -0.043644171208143234 -0.8683061599731445
v -0.07087446749210358 -0.0224757082760334 -0.836796760559082
v -0.07087446749210358 -0.01833934336900711 -0.8331470489501953
v -0.07951217144727707 -0.039386145770549774 -0.8998154997825623
v -0.07902553677558899 -0.039386145770549774 -0.905046820640564
v -0.0761057510972023 -0.043035879731178284 -0.8893529176712036
v -0.07087446749210358 -0.04680727422237396 -0.8788903951644897
v -0.08425682783126831 -0.028801914304494858 -0.9208623170852661
v -0.07464585453271866 -0.007876768708229065 -0.8315654993057251
v -0.07087446749210358 -0.01310805231332779 -0.8293756246566772
v -0.0761057510972023 -0.0026454851031303406 -0.8319304585456848
v -0.07087446749210358 -0.047902192920446396 -0.8841216564178467
v -0.09082634747028351 -0.01310805231332779 -0.926093578338623
v -0.09252955764532089 -0.007876768708229065 -0.926093578338623
v -0.09386779367923737 -0.0026454851031303406 -0.926093578338623
v -0.0761057510972023 -0.043157536536455154 -0.8998154997825623
v -0.08036377280950546 -0.03415485844016075 -0.9208623170852661
v -0.07087446749210358 -0.048510484397411346 -0.8893529176712036
v -0.07087446749210358 -0.04863213747739792 -0.8945842385292053
v -0.08583837747573853 -0.023570626974105835 -0.926093578338623
v -0.09471939504146576 0.0025858059525489807 -0.926093578338623
v -0.08668997883796692 -0.01833934336900711 -0.9313248991966248
v -0.06564317643642426 -0.051673583686351776 -0.8788903951644897
v -0.08900147676467896 -0.01310805231332779 -0.9313248991966248
v -0.09216458350419998 -0.0026454851031303406 -0.9313248991966248
v -0.09070468693971634 -0.007876768708229065 -0.9313248991966248
v -0.09520602971315384 0.007817089557647705 -0.926093578338623
v -0.08656832575798035 0.007817089557647705 -0.8484759330749512
v -0.07586243748664856 -0.039386145770549774 -0.9208623170852661
v -0.07330761849880219 -0.0446174331009388 -0.9102780818939209
v -0.07087446749210358 -0.047902192920446396 -0.905046820640564
v -0.0838918536901474 -0.023570626974105835 -0.9313248991966248
v -0.0806070864200592 -0.028801914304494858 -0.9313248991966248
v -0.09301618486642838 0.0025858059525489807 -0.9313248991966248
v -0.06564317643642426 -0.05252519249916077 -0.8841216564178467
v -0.0761057510972023 -0.03415485844016075 -0.9324197769165039
v -0.09715255349874496 0.02886389195919037 -0.905046820640564
v -0.09690923988819122 0.02886389195919037 -0.9102780818939209
v -0.09557100385427475 0.02886389195919037 -0.9208623170852661
v -0.09642260521650314 0.02886389195919037 -0.9155093431472778
v -0.09350281953811646 0.007817089557647705 -0.9313248991966248
v -0.09532768279314041 0.018401317298412323 -0.926093578338623
v -0.08620335161685944 -0.007876768708229065 -0.9417874813079834
v -0.08437848091125488 -0.01310805231332779 -0.9417874813079834
v -0.08206698298454285 -0.01833934336900711 -0.9417874813079834
v -0.08766324073076248 -0.0026454851031303406 -0.9417874813079834
v -0.0937461331486702 0.013170033693313599 -0.9313248991966248
v -0.07914719730615616 -0.023570626974105835 -0.9417874813079834
v -0.08863650262355804 0.0025858059525489807 -0.9417874813079834
v -0.0937461331486702 0.018401317298412323 -0.9313248991966248
v -0.07087446749210358 -0.04449577257037163 -0.9208623170852661
v -0.074037566781044 -0.039386145770549774 -0.926093578338623
v -0.07561911642551422 -0.028801914304494858 -0.9417874813079834
v -0.0892447978258133 0.007817089557647705 -0.9417874813079834
v -0.06564317643642426 -0.05313348025083542 -0.8945842385292053
v -0.07184772193431854 -0.039386145770549774 -0.9313248991966248
v -0.06564317643642426 -0.05228187516331673 -0.905046820640564
v -0.06564317643642426 -0.051430270075798035 -0.9102780818939209
v -0.0814586952328682 -0.01310805231332779 -0.9470187425613403
v -0.07087446749210358 -0.03464148938655853 -0.9417874813079834
v -0.0970308929681778 0.024240896105766296 -0.8893529176712036
v -0.09690923988819122 0.02886389195919037 -0.8998154997825623
v -0.09362447261810303 0.03409518301486969 -0.926093578338623
v -0.08948811143636703 0.018401317298412323 -0.9417874813079834
v -0.0847434550523758 -0.0026454851031303406 -0.9470187425613403
v -0.0761057510972023 -0.023570626974105835 -0.9470187425613403
v -0.07549746334552765 -0.01833934336900711 -0.9522500038146973
v -0.09204292297363281 0.03409518301486969 -0.9313248991966248
v -0.08656832575798035 0.007817089557647705 -0.9470187425613403
v -0.07999879866838455 -0.007876768708229065 -0.9522500038146973
v -0.08158035576343536 -0.0026454851031303406 -0.9522500038146973
v -0.09459774196147919 0.03409518301486969 -0.9208623170852661
v -0.09520602971315384 0.03409518301486969 -0.9155093431472778
v -0.09520602971315384 0.03409518301486969 -0.9102780818939209
v -0.0826752707362175 0.0025858059525489807 -0.9522500038146973
v -0.08681163936853409 0.013170033693313599 -0.9470187425613403
v -0.08790656179189682 0.03409518301486969 -0.9417874813079834
v -0.07233435660600662 -0.028801914304494858 -0.9470187425613403
v -0.07793061435222626 -0.01310805231332779 -0.9522500038146973
v -0.08340521901845932 0.007817089557647705 -0.9522500038146973
v -0.09484105557203293 0.018401317298412323 -0.8735374212265015
v -0.06783302128314972 -0.03415485844016075 -0.9470187425613403
v -0.07233435660600662 -0.023570626974105835 -0.9522500038146973
v -0.08644666522741318 0.023632608354091644 -0.9470187425613403
v -0.0859600305557251 0.02886389195919037 -0.9470187425613403
v -0.07780896127223969 -0.0026454851031303406 -0.957481324672699
v -0.07391591370105743 -0.01310805231332779 -0.957481324672699
v -0.08340521901845932 0.023632608354091644 -0.9522500038146973
v -0.06844130903482437 -0.028801914304494858 -0.9522500038146973
v -0.07136109471321106 -0.01833934336900711 -0.957481324672699
v -0.09447608143091202 0.03409518301486969 -0.905046820640564
v -0.09082634747028351 0.039326466619968414 -0.9313248991966248
v -0.08900147676467896 0.039326466619968414 -0.9365561604499817
v -0.09204292297363281 0.039326466619968414 -0.926093578338623
v -0.08693329989910126 0.039326466619968414 -0.9417874813079834
v -0.09252955764532089 0.039326466619968414 -0.9208623170852661
v -0.0970308929681778 0.026187419891357422 -0.8945842385292053
v -0.08425682783126831 0.039326466619968414 -0.9470187425613403
v -0.07087446749210358 -0.007876768708229065 -0.8268208503723145
v -0.09179960936307907 0.018401317298412323 -0.8669679164886475
v -0.06795467436313629 -0.023570626974105835 -0.957481324672699
v -0.09179960936307907 0.039691440761089325 -0.9155093431472778
v -0.06564317643642426 -0.007876768708229065 -0.8208595514297485
v -0.08535174280405045 0.04455775022506714 -0.9417874813079834
v -0.08656832575798035 0.04540935903787613 -0.9365561604499817
v -0.08279693126678467 0.04455775022506714 -0.9470187425613403
v -0.08827152848243713 0.04455775022506714 -0.9313248991966248
v -0.08827152848243713 0.04455775022506714 -0.926093578338623
v -0.08218864351511002 0.04978903383016586 -0.9417874813079834
v -0.08036377280950546 0.04978903383016586 -0.9470187425613403
v 0.06039433181285858 -0.019069287925958633 -0.9680655598640442
v 0.06915369629859924 -0.01833934336900711 -0.957481324672699
v 0.061610907316207886 -0.028801914304494858 -0.957481324672699
v 0.06392240524291992 -0.01310805231332779 -0.9680655598640442
v 0.05650128424167633 -0.023570626974105835 -0.9680655598640442
v 0.06039433181285858 -0.01310805231332779 -0.9718369245529175
v 0.07170850038528442 -0.01310805231332779 -0.957481324672699
v 0.07280342280864716 -0.01833934336900711 -0.9522500038146973
v 0.0697619765996933 -0.023570626974105835 -0.9522500038146973
v 0.06562560796737671 -0.023935601115226746 -0.957481324672699
v 0.06562560796737671 -0.028801914304494858 -0.9528583288192749
v 0.07316839694976807 -0.028801914304494858 -0.9417874813079834
v 0.07657481729984283 -0.023570626974105835 -0.9417874813079834
v 0.06562560796737671 -0.03415485844016075 -0.9470187425613403
v 0.06927534937858582 -0.03415485844016075 -0.9417874813079834
v 0.06136758625507355 -0.03415485844016075 -0.9522500038146973
v 0.07925128936767578 -0.01833934336900711 -0.9417874813079834
v 0.07523658871650696 -0.01310805231332779 -0.9522500038146973
v 0.06562560796737671 -0.03829122334718704 -0.9417874813079834
v 0.08131948113441467 -0.028801914304494858 -0.926093578338623
v 0.08131948113441467 -0.023570626974105835 -0.9326631426811218
v 0.07779139280319214 -0.03415485844016075 -0.926093578338623
v 0.07085689902305603 -0.039386145770549774 -0.9313248991966248
v 0.08436091244220734 -0.023570626974105835 -0.926093578338623
v 0.08144113421440125 -0.01310805231332779 -0.9417874813079834
v 0.0865507572889328 -0.018825974315404892 -0.926093578338623
v 0.0799812376499176 -0.03415485844016075 -0.9208623170852661
v 0.08338765799999237 -0.028801914304494858 -0.9208623170852661
v 0.08630745112895966 -0.023570626974105835 -0.9208623170852661
v 0.0865507572889328 -0.012621425092220306 -0.9313248991966248
v 0.07365502417087555 -0.007876768708229065 -0.957481324672699
v 0.06623390316963196 -0.007876768708229065 -0.9680655598640442
v 0.08861894905567169 -0.01310805231332779 -0.926093578338623
v 0.08861894905567169 -0.01833934336900711 -0.9208623170852661
v 0.07085689902305603 -0.04242759197950363 -0.926093578338623
v 0.07608819007873535 -0.039386145770549774 -0.9204973578453064
v 0.08338765799999237 -0.03415485844016075 -0.9102780818939209
v 0.0865507572889328 -0.028801914304494858 -0.9101564288139343
v 0.08922722935676575 -0.023570626974105835 -0.9102780818939209
v 0.08290103077888489 -0.007876768708229065 -0.9417874813079834
v 0.09032215178012848 -0.01310805231332779 -0.9208623170852661
v 0.08472588658332825 -0.03415485844016075 -0.905046820640564
v 0.06562560796737671 -0.04473908990621567 -0.9313248991966248
v 0.07085689902305603 -0.04498240724205971 -0.9208623170852661
v 0.06039433181285858 -0.039386145770549774 -0.9470187425613403
v 0.07608819007873535 -0.043400853872299194 -0.9102780818939209
v 0.06039433181285858 -0.043157536536455154 -0.9417874813079834
v 0.05504138767719269 -0.03415485844016075 -0.958819568157196
v 0.0820494145154953 -0.039386145770549774 -0.8998154997825623
v 0.07608819007873535 -0.04510406404733658 -0.905046820640564
v 0.06562560796737671 -0.04984872043132782 -0.9208623170852661
v 0.08874060213565826 -0.028801914304494858 -0.8998154997825623
v 0.09032215178012848 -0.023570626974105835 -0.905046820640564
v 0.07085689902305603 -0.04887545853853226 -0.9102780818939209
v 0.0865507572889328 -0.03415485844016075 -0.8945842385292053
v 0.08290103077888489 -0.039386145770549774 -0.8945842385292053
v 0.09117375314235687 -0.01833934336900711 -0.9102780818939209
v 0.06039433181285858 -0.049118772149086 -0.9313248991966248
v 0.07864300906658173 -0.0446174331009388 -0.8945842385292053
v 0.05552801489830017 -0.039386145770549774 -0.9522500038146973
v 0.07085689902305603 -0.0503353476524353 -0.905046820640564
v 0.05114834010601044 -0.028801914304494858 -0.9680655598640442
v 0.06562560796737671 -0.05337679386138916 -0.9102780818939209
v 0.05504138767719269 -0.043644171208143234 -0.9470187425613403
v 0.07365502417087555 -0.04984872043132782 -0.8945842385292053
v 0.06039433181285858 -0.05386342853307724 -0.9208623170852661
v 0.05504138767719269 -0.04717224836349487 -0.9417874813079834
v 0.05528469383716583 -0.01833934336900711 -0.9732968211174011
v 0.04981009662151337 -0.039386145770549774 -0.9576029777526855
v 0.04981009662151337 -0.043644171208143234 -0.9522500038146973
v 0.05504138767719269 -0.055323321372270584 -0.926093578338623
v 0.06513898074626923 -0.055080004036426544 -0.905046820640564
v 0.04981009662151337 -0.024057261645793915 -0.9732968211174011
v 0.044578805565834045 -0.03391154482960701 -0.9680655598640442
v 0.04981009662151337 -0.05057866498827934 -0.9417874813079834
v 0.04981009662151337 -0.055931609123945236 -0.9313248991966248
v 0.05504138767719269 -0.01310805231332779 -0.9765815734863281
v 0.06039433181285858 -0.007876768708229065 -0.9742701053619385
v 0.05552801489830017 -0.007876768708229065 -0.9785281419754028
v 0.0877673327922821 -0.007876768708229065 -0.9313248991966248
v 0.08131948113441467 -0.0026454851031303406 -0.9467754364013672
v 0.07608819007873535 -0.0026454851031303406 -0.9556564688682556
v 0.0676937997341156 -0.0026454851031303406 -0.9680655598640442
v 0.04981009662151337 -0.01833934336900711 -0.9774332046508789
v 0.04981009662151337 -0.01310805231332779 -0.9804746508598328
v 0.044578805565834045 -0.028801914304494858 -0.9728102087974548
v 0.044578805565834045 -0.0503353476524353 -0.9470187425613403
v 0.044578805565834045 -0.04279256612062454 -0.957481324672699
v 0.05504138767719269 -0.06067626550793648 -0.9102780818939209
v 0.04981009662151337 -0.06031129136681557 -0.9209839701652527
v 0.06562560796737671 -0.05653990060091019 -0.8945842385292053
v 0.044578805565834045 -0.05349845439195633 -0.9417874813079834
v 0.07937294244766235 -0.0446174331009388 -0.8841216564178467
v 0.07608819007873535 -0.048145510256290436 -0.8841216564178467
v 0.08350931107997894 -0.039386145770549774 -0.8841216564178467
v 0.0865507572889328 -0.03488480672240257 -0.8841216564178467
v 0.08971387147903442 -0.028801914304494858 -0.8893529176712036
v 0.06039433181285858 -0.059581346809864044 -0.8998154997825623
v 0.09153872728347778 -0.023570626974105835 -0.8945842385292053
v 0.03934752941131592 -0.04948374629020691 -0.9522500038146973
v 0.044578805565834045 -0.06104123592376709 -0.926093578338623
v 0.03934752941131592 -0.03695298731327057 -0.9680655598640442
v 0.07085689902305603 -0.05301181972026825 -0.8841216564178467
v 0.06562560796737671 -0.05726984515786171 -0.8841216564178467
v 0.06039433181285858 -0.06031129136681557 -0.8945842385292053
v 0.03934752941131592 -0.04559069499373436 -0.957481324672699
v 0.03934752941131592 -0.06104123592376709 -0.9313248991966248
v 0.044578805565834045 -0.023570626974105835 -0.9770682454109192
v 0.04981009662151337 -0.0634743943810463 -0.9102780818939209
v 0.05504138767719269 -0.06274444609880447 -0.8998154997825623
v 0.03934752941131592 -0.031721703708171844 -0.9732968211174011
v 0.044578805565834045 -0.06286610662937164 -0.9208623170852661
v 0.044578805565834045 -0.0659075528383255 -0.9102780818939209
v 0.04981009662151337 -0.06566423177719116 -0.8998154997825623
v 0.0341162383556366 -0.04802384972572327 -0.957481324672699
v 0.044578805565834045 -0.01833934336900711 -0.9807179570198059
v 0.0341162383556366 -0.05787813663482666 -0.9417874813079834
v 0.0341162383556366 -0.055080004036426544 -0.9470187425613403
v 0.03934752941131592 -0.06505594402551651 -0.9208623170852661
v 0.0341162383556366 -0.03415485844016075 -0.9736617803573608
v 0.07608819007873535 -0.047902192920446396 -0.8788903951644897
v 0.089835524559021 -0.028801914304494858 -0.8841216564178467
v 0.0832660049200058 -0.039386145770549774 -0.8788903951644897
v 0.06039433181285858 -0.06079792231321335 -0.8841216564178467
v 0.07085689902305603 -0.05276850610971451 -0.8788903951644897
v 0.04981009662151337 -0.06627252697944641 -0.8945842385292053
v 0.05504138767719269 -0.0638393685221672 -0.8893529176712036
v 0.08679407835006714 -0.03415485844016075 -0.8788903951644897
v 0.06562560796737671 -0.05702652782201767 -0.8788903951644897
v 0.044578805565834045 -0.0679757371544838 -0.8998154997825623
v 0.028884947299957275 -0.05349845439195633 -0.9522500038146973
v 0.02365366369485855 -0.043644171208143234 -0.9680655598640442
v 0.02365366369485855 -0.04984872043132782 -0.9599144458770752
v 0.05504138767719269 -0.06396102905273438 -0.8841216564178467
v 0.0341162383556366 -0.028558600693941116 -0.9785281419754028
v 0.03934752941131592 -0.06907065212726593 -0.905046820640564
v 0.02365366369485855 -0.039386145770549774 -0.9726885557174683
v 0.0341162383556366 -0.023570626974105835 -0.9822995066642761
v 0.03934752941131592 -0.01833934336900711 -0.9833944439888
v 0.06039433181285858 -0.06055460870265961 -0.8788903951644897
v 0.04981009662151337 -0.06651584059000015 -0.8841216564178467
v 0.044578805565834045 -0.06882733851671219 -0.8893529176712036
v 0.02365366369485855 -0.03415485844016075 -0.9777981638908386
v 0.03934752941131592 -0.0704088881611824 -0.8945842385292053
v 0.044578805565834045 -0.06882733851671219 -0.8841216564178467
v 0.05504138767719269 -0.06359605491161346 -0.8788903951644897
v 0.07231679558753967 -0.04984872043132782 -0.8683061599731445
v 0.06562560796737671 -0.055444978177547455 -0.8683061599731445
v 0.03934752941131592 -0.07065220922231674 -0.8893529176712036
v 0.018422380089759827 -0.04510406404733658 -0.9680655598640442
v 0.02365366369485855 -0.023570626974105835 -0.9861925840377808
v 0.044578805565834045 -0.01310805231332779 -0.9836377501487732
v 0.03934752941131592 -0.01310805231332779 -0.9865575432777405
v 0.04981009662151337 -0.06615086644887924 -0.8788903951644897
v 0.013069435954093933 -0.04145433008670807 -0.9732968211174011
v 0.06039433181285858 -0.058973055332899094 -0.8683061599731445
v 0.07742641866207123 -0.0446174331009388 -0.8683061599731445
v 0.028884947299957275 -0.07332868129014969 -0.8945842385292053
v 0.028884947299957275 -0.07357199490070343 -0.8893529176712036
v 0.03934752941131592 -0.07053054869174957 -0.8841216564178467
v 0.044578805565834045 -0.06834070384502411 -0.8788903951644897
v 0.08168444037437439 -0.039386145770549774 -0.8683061599731445
v 0.028884947299957275 -0.01833934336900711 -0.9878957867622375
v 0.0341162383556366 -0.01310805231332779 -0.9888690114021301
v 0.018422380089759827 -0.023570626974105835 -0.9876524806022644
v 0.03934752941131592 -0.07016557455062866 -0.8788903951644897
v 0.04981009662151337 -0.06456931680440903 -0.8683061599731445
v 0.013069435954093933 -0.03415485844016075 -0.9803529977798462
v 0.02365366369485855 -0.01833934336900711 -0.9895989894866943
v 0.02365366369485855 -0.07466691732406616 -0.8841216564178467
v 0.013069435954093933 -0.023570626974105835 -0.9887473583221436
v 0.06562560796737671 -0.05410674214363098 -0.8630748391151428
v 0.07085689902305603 -0.04972705990076065 -0.8630748391151428
v 0.05504138767719269 -0.06067626550793648 -0.8630748391151428
v 0.02365366369485855 -0.07418028265237808 -0.8788903951644897
v 0.07596653699874878 -0.0446174331009388 -0.8630748391151428
v 0.06039433181285858 -0.055931609123945236 -0.8578435778617859
v 0.05504138767719269 -0.059094712138175964 -0.8578435778617859
v 0.03934752941131592 -0.06834070384502411 -0.8683061599731445
v 0.028884947299957275 -0.07101717591285706 -0.8683061599731445
v 0.08521252870559692 -0.03415485844016075 -0.8683061599731445
v 0.08947055041790009 -0.028801914304494858 -0.8788903951644897
v 0.04981009662151337 -0.06164952740073204 -0.8578435778617859
v 0.08022455871105194 -0.039386145770549774 -0.8630748391151428
v 0.07401999831199646 -0.0446174331009388 -0.8578435778617859
v 0.06562560796737671 -0.04984872043132782 -0.8517606854438782
v 0.044578805565834045 -0.06371770799160004 -0.8578435778617859
v 0.06039433181285858 -0.051673583686351776 -0.8473809957504272
v 0.06903202831745148 -0.0446174331009388 -0.8473809957504272
v 0.05504138767719269 -0.055080004036426544 -0.8475026488304138
v 0.08387428522109985 -0.03415485844016075 -0.8630748391151428
v 0.06562560796737671 -0.047780536115169525 -0.8473809957504272
v 0.08788900077342987 -0.028801914304494858 -0.8683061599731445
v 0.02365366369485855 -0.01310805231332779 -0.9922754764556885
v 0.013069435954093933 -0.01833934336900711 -0.991910457611084
v 0.07377669215202332 -0.039386145770549774 -0.8473809957504272
v 0.0820494145154953 -0.03415485844016075 -0.8578435778617859
v 0.07766973972320557 -0.03415485844016075 -0.8473809957504272
v 0.09153872728347778 -0.023570626974105835 -0.8788903951644897
v 0.06039433181285858 -0.04887545853853226 -0.8421497344970703
v 0.018422380089759827 -0.01310805231332779 -0.9934920072555542
v 0.028884947299957275 -0.007876768708229065 -0.9927620887756348
v 0.06562560796737671 -0.0446174331009388 -0.8421497344970703
v 0.07085689902305603 -0.039386145770549774 -0.8422713279724121
v 0.089835524559021 -0.023570626974105835 -0.8683061599731445
v 0.08484755456447601 -0.028801914304494858 -0.8578435778617859
v -0.05505894497036934 -0.05848642438650131 -0.9102780818939209
v -0.049827661365270615 -0.061406210064888 -0.9102780818939209
v -0.05505894497036934 -0.059338029474020004 -0.905046820640564
v -0.049827661365270615 -0.06286610662937164 -0.8998154997825623
v -0.04459637403488159 -0.06396102905273438 -0.9102780818939209
v -0.04459637403488159 -0.0659075528383255 -0.8945842385292053
v -0.03936508670449257 -0.06761076301336288 -0.8998154997825623
v -0.03936508670449257 -0.06602920591831207 -0.9102780818939209
v -0.049827661365270615 -0.059094712138175964 -0.9208623170852661
v -0.05505894497036934 -0.056174926459789276 -0.9208623170852661
v -0.04459637403488159 -0.06152787059545517 -0.9208623170852661
v -0.03936508670449257 -0.06371770799160004 -0.9208623170852661
v -0.034133799374103546 -0.06785407662391663 -0.9102780818939209
v -0.034133799374103546 -0.06955728679895401 -0.8998154997825623
v -0.028902515769004822 -0.0704088881611824 -0.905046820640564
v -0.034133799374103546 -0.06992226094007492 -0.8945842385292053
v -0.028902515769004822 -0.06943562626838684 -0.9102780818939209
v -0.04459637403488159 -0.059946317225694656 -0.926093578338623
v -0.03936508670449257 -0.06201450154185295 -0.926093578338623
v -0.023549571633338928 -0.06834070384502411 -0.9208623170852661
v -0.028902515769004822 -0.06529926508665085 -0.926093578338623
v -0.023549571633338928 -0.07308536022901535 -0.8945842385292053
v -0.03936508670449257 -0.060189634561538696 -0.9313248991966248
v -0.013086996972560883 -0.07308536022901535 -0.9102780818939209
v -0.013086996972560883 -0.07405862212181091 -0.905046820640564
v -0.007855713367462158 -0.0757618322968483 -0.8998154997825623
v -0.013086996972560883 -0.07539685815572739 -0.8945842385292053
v -0.007855713367462158 -0.0712604969739914 -0.9208623170852661
v -0.023549571633338928 -0.07320702075958252 -0.8893529176712036
v -0.034133799374103546 -0.07004391402006149 -0.8893529176712036
v -0.013086996972560883 -0.07564017921686172 -0.8893529176712036
v -0.007855713367462158 -0.07624846696853638 -0.8945842385292053
v -0.007855713367462158 -0.07381530851125717 -0.9102780818939209
v -0.013086996972560883 -0.06870567798614502 -0.926093578338623
v -0.023549571633338928 -0.0646909698843956 -0.9313248991966248
v -0.002624422311782837 -0.07539685815572739 -0.905046820640564
v -0.013086996972560883 -0.0667591542005539 -0.9313248991966248
v -0.028902515769004822 -0.05885139852762222 -0.9417874813079834
v -0.002624422311782837 -0.07430194318294525 -0.9102780818939209
v -0.002624422311782837 -0.07174712419509888 -0.9208623170852661
v -0.002624422311782837 -0.07685675472021103 -0.8945842385292053
v -0.03936508670449257 -0.055688291788101196 -0.9417874813079834
v -0.049827661365270615 -0.055566638708114624 -0.9313248991966248
v -0.002624422311782837 -0.06992226094007492 -0.926093578338623
v 0.0026068612933158875 -0.07649178057909012 -0.8998154997825623
v -0.002624422311782837 -0.0679757371544838 -0.9313248991966248
v -0.013086996972560883 -0.06213615834712982 -0.9417874813079834
v -0.04459637403488159 -0.05349845439195633 -0.9417874813079834
v 0.0026068612933158875 -0.07454525679349899 -0.9102780818939209
v -0.05505894497036934 -0.05459337309002876 -0.926093578338623
v -0.034133799374103546 -0.054715029895305634 -0.9470187425613403
v -0.007855713367462158 -0.06286610662937164 -0.9417874813079834
v -0.049827661365270615 -0.05094363912940025 -0.9417874813079834
v -0.002624422311782837 -0.07710006833076477 -0.8893529176712036
v -0.023549571633338928 -0.05447171628475189 -0.9522500038146973
v 0.007838144898414612 -0.07174712419509888 -0.9208623170852661
v -0.04459637403488159 -0.04984872043132782 -0.9486002922058105
v -0.03936508670449257 -0.04984872043132782 -0.9522500038146973
v -0.049827661365270615 -0.048145510256290436 -0.9470187425613403
v 0.007838144898414612 -0.0679757371544838 -0.9313248991966248
v 0.0026068612933158875 -0.0634743943810463 -0.9417874813079834
v 0.007838144898414612 -0.07551851868629456 -0.905046820640564
v -0.034133799374103546 -0.04984872043132782 -0.9551697969436646
v -0.028902515769004822 -0.04984872043132782 -0.957481324672699
v -0.013086996972560883 -0.05313348025083542 -0.957481324672699
v -0.002624422311782837 -0.06055460870265961 -0.9470187425613403
v 0.007838144898414612 -0.07442359626293182 -0.9102780818939209
v -0.05505894497036934 -0.047902192920446396 -0.9417874813079834
v 0.0026068612933158875 -0.0769784152507782 -0.8945842385292053
v -0.002624422311782837 -0.05410674214363098 -0.957481324672699
v -0.013086996972560883 -0.04595566913485527 -0.9680655598640442
v -0.023549571633338928 -0.043887484818696976 -0.9680655598640442
v 0.013069435954093933 -0.06761076301336288 -0.9313248991966248
v 0.013069435954093933 -0.07138215005397797 -0.9208623170852661
v 0.013069435954093933 -0.07405862212181091 -0.9102780818939209
v 0.013069435954093933 -0.06286610662937164 -0.9417874813079834
v -0.03936508670449257 -0.0446174331009388 -0.9597927927970886
v 0.007838144898414612 -0.06031129136681557 -0.9472620487213135
v 0.007838144898414612 -0.05398508533835411 -0.957481324672699
v -0.002624422311782837 -0.04692893102765083 -0.9680655598640442
v -0.034133799374103546 -0.04048106446862221 -0.9680655598640442
v -0.04459637403488159 -0.043887484818696976 -0.957481324672699
v -0.049827661365270615 -0.0446174331009388 -0.9524933695793152
v -0.06029023230075836 -0.049118772149086 -0.9313248991966248
v 0.013069435954093933 -0.07503189146518707 -0.905046820640564
v 0.007838144898414612 -0.04668561369180679 -0.9680655598640442
v 0.013069435954093933 -0.0569048747420311 -0.9522500038146973
v 0.018422380089759827 -0.07065220922231674 -0.9208623170852661
v 0.018422380089759827 -0.06688081473112106 -0.9313248991966248
v 0.018422380089759827 -0.06213615834712982 -0.9417874813079834
v -0.03936508670449257 -0.03816956654191017 -0.9680655598640442
v 0.007838144898414612 -0.07685675472021103 -0.8945842385292053
v 0.018422380089759827 -0.07332868129014969 -0.9102780818939209
v 0.0026068612933158875 -0.07722172886133194 -0.8893529176712036
v -0.05542391911149025 -0.0446174331009388 -0.9470187425613403
v -0.023549571633338928 -0.039386145770549774 -0.9732968211174011
v -0.002624422311782837 -0.0425492487847805 -0.9732968211174011
v -0.007855713367462158 -0.04218427464365959 -0.9732968211174011
v -0.013086996972560883 -0.03646635636687279 -0.9785281419754028
v 0.02365366369485855 -0.06967894732952118 -0.9208623170852661
v -0.04459637403488159 -0.035128120332956314 -0.9680655598640442
v 0.018422380089759827 -0.05264684930443764 -0.957481324672699
v 0.02365366369485855 -0.05495834723114967 -0.9522500038146973
v 0.02365366369485855 -0.06104123592376709 -0.9417874813079834
v 0.028884947299957275 -0.06456931680440903 -0.9313248991966248
v 0.028884947299957275 -0.06663750112056732 -0.926093578338623
v 0.02365366369485855 -0.07223375886678696 -0.9102780818939209
v 0.007838144898414612 -0.07710006833076477 -0.8893529176712036
v 0.018422380089759827 -0.07564017921686172 -0.8945842385292053
v 0.018422380089759827 -0.07503189146518707 -0.8998154997825623
v 0.02365366369485855 -0.07332868129014969 -0.905046820640564
v -0.002624422311782837 -0.0769784152507782 -0.8841216564178467
v -0.013086996972560883 -0.07551851868629456 -0.8841216564178467
v -0.023549571633338928 -0.07308536022901535 -0.8841216564178467
v -0.049827661365270615 -0.039386145770549774 -0.9593061804771423
v 0.028884947299957275 -0.06834070384502411 -0.9208623170852661
v -0.034133799374103546 -0.06992226094007492 -0.8841216564178467
v -0.06029023230075836 -0.05276850610971451 -0.9208623170852661
v -0.06029023230075836 -0.044252458959817886 -0.9417874813079834
v -0.03936508670449257 -0.03415485844016075 -0.9723235964775085
v -0.028902515769004822 -0.03415485844016075 -0.9768248796463013
v -0.023549571633338928 -0.03415485844016075 -0.9785281419754028
v -0.002624422311782837 -0.03743962198495865 -0.9785281419754028
v -0.057613760232925415 -0.039386145770549774 -0.9522500038146973
v -0.06564317643642426 -0.04899711161851883 -0.9208623170852661
v 0.007838144898414612 -0.03695298731327057 -0.9785281419754028
v 0.0341162383556366 -0.06955728679895401 -0.9102780818939209
v 0.0026068612933158875 -0.07710006833076477 -0.8841216564178467
v 0.018422380089759827 -0.07588349282741547 -0.8893529176712036
v 0.028884947299957275 -0.07284204661846161 -0.8998154997825623
v -0.007855713367462158 -0.07588349282741547 -0.8788903951644897
v 0.013069435954093933 -0.07649178057909012 -0.8841216564178467
v -0.013086996972560883 -0.07503189146518707 -0.8788903951644897
v -0.04483968764543533 -0.06554257869720459 -0.8841216564178467
v -0.023549571633338928 -0.07259873300790787 -0.8788903951644897
v -0.06029023230075836 -0.05605326592922211 -0.905046820640564
v -0.06564317643642426 -0.051430270075798035 -0.9102780818939209
v -0.06564317643642426 -0.04510406404733658 -0.9313248991966248
v -0.05505894497036934 -0.06031129136681557 -0.8945842385292053
v -0.049827661365270615 -0.06335273385047913 -0.8893529176712036
v -0.06029023230075836 -0.039386145770549774 -0.94933021068573
v -0.05505894497036934 -0.06031129136681557 -0.8893529176712036
v -0.06029023230075836 -0.05666155740618706 -0.8998154997825623
v 0.0026068612933158875 -0.07661344110965729 -0.8788903951644897
v -0.002624422311782837 -0.07637012749910355 -0.8788903951644897
v 0.007838144898414612 -0.07637012749910355 -0.8788903951644897
v -0.034133799374103546 -0.06931397318840027 -0.8788903951644897
v -0.04459637403488159 -0.06505594402551651 -0.8788903951644897
v -0.049827661365270615 -0.06310942023992538 -0.8841216564178467
v -0.06564317643642426 -0.05228187516331673 -0.905046820640564
v -0.06564317643642426 -0.039872776716947556 -0.9417874813079834
v -0.049827661365270615 -0.031356729567050934 -0.9680655598640442
v -0.034133799374103546 -0.028801914304494858 -0.9793797135353088
v -0.05858702212572098 -0.03415485844016075 -0.957481324672699
v -0.002624422311782837 -0.028801914304494858 -0.9859492182731628
v 0.007838144898414612 -0.028801914304494858 -0.9854626059532166
v -0.007855713367462158 -0.028801914304494858 -0.9857059121131897
v -0.03936508670449257 -0.028801914304494858 -0.9769465923309326
v -0.023549571633338928 -0.028801914304494858 -0.982907772064209
v -0.013086996972560883 -0.023570626974105835 -0.9889906644821167
v -0.04459637403488159 -0.02953186258673668 -0.9732968211174011
v -0.06357499957084656 -0.03415485844016075 -0.9522500038146973
v -0.07087446749210358 -0.04449577257037163 -0.9208623170852661
v -0.002624422311782837 -0.02490886300802231 -0.9889906644821167
v -0.0527474470436573 -0.028801914304494858 -0.9680655598640442
v -0.06783302128314972 -0.03415485844016075 -0.9470187425613403
v 0.0026068612933158875 -0.024787206202745438 -0.9889906644821167
v -0.028902515769004822 -0.023570626974105835 -0.9850976467132568
v -0.023549571633338928 -0.01833934336900711 -0.9898422956466675
v -0.07184772193431854 -0.039386145770549774 -0.9313248991966248
v 0.007838144898414612 -0.024300575256347656 -0.9889906644821167
v -0.034133799374103546 -0.023570626974105835 -0.9831511378288269
v -0.06564317643642426 -0.05313348025083542 -0.8945842385292053
v -0.07087446749210358 -0.03464148938655853 -0.9417874813079834
v -0.04459637403488159 -0.023570626974105835 -0.9777981638908386
v -0.0638183057308197 -0.028801914304494858 -0.957481324672699
v -0.049827661365270615 -0.023570626974105835 -0.9742701053619385
v -0.06844130903482437 -0.028801914304494858 -0.9522500038146973
v -0.057613760232925415 -0.023570626974105835 -0.9680655598640442
v -0.002624422311782837 -0.01833934336900711 -0.9930053949356079
v 0.0026068612933158875 -0.01833934336900711 -0.9928837418556213
v -0.013086996972560883 -0.01833934336900711 -0.9920321106910706
v -0.06795467436313629 -0.023570626974105835 -0.957481324672699
v 0.060880959033966064 0.05514197796583176 -0.957481324672699
v 0.06538230180740356 0.04978903383016586 -0.957481324672699
v 0.056744590401649475 0.04978903383016586 -0.9680655598640442
v 0.05650128424167633 0.05514197796583176 -0.9628342390060425
v 0.04981009662151337 0.056723542511463165 -0.9680655598640442
v 0.05102667212486267 0.04978903383016586 -0.9732968211174011
v 0.044578805565834045 0.05562862008810043 -0.9732968211174011
v 0.05504138767719269 0.04455775022506714 -0.9735401272773743
v 0.06039433181285858 0.04455775022506714 -0.9684305191040039
v 0.06866705417633057 0.04455775022506714 -0.957481324672699
v 0.06380075216293335 0.039326466619968414 -0.9680655598640442
v 0.06039433181285858 0.039326466619968414 -0.9718369245529175
v 0.04981009662151337 0.04455775022506714 -0.9777981638908386
v 0.05504138767719269 0.039326466619968414 -0.9765815734863281
v 0.04372720420360565 0.04978903383016586 -0.9785281419754028
v 0.04981009662151337 0.039326466619968414 -0.9805963039398193
v 0.044578805565834045 0.04455775022506714 -0.9812045693397522
v 0.03934752941131592 0.05514197796583176 -0.9770682454109192
v 0.061489254236221313 0.03409518301486969 -0.9732968211174011
v 0.05504138767719269 0.03409518301486969 -0.9790147542953491
v 0.06611225008964539 0.03409518301486969 -0.9680655598640442
v 0.044822126626968384 0.039326466619968414 -0.9837594032287598
v 0.03934752941131592 0.04455775022506714 -0.9841243624687195
v 0.03934752941131592 0.04978903383016586 -0.980961263179779
v 0.03934752941131592 0.039326466619968414 -0.9868008494377136
v 0.04981009662151337 0.03409518301486969 -0.9826644659042358
v 0.044578805565834045 0.03409518301486969 -0.9859492182731628
v 0.06039433181285858 0.02886389195919037 -0.9760949611663818
v 0.0341162383556366 0.05514197796583176 -0.9797446727752686
v 0.0341162383556366 0.04455775022506714 -0.9865575432777405
v 0.044578805565834045 0.06037326902151108 -0.9680655598640442
v 0.037157684564590454 0.06037326902151108 -0.9732968211174011
v 0.028884947299957275 0.04978903383016586 -0.9855842590332031
v 0.028884947299957275 0.05514197796583176 -0.9819345474243164
v 0.0341162383556366 0.039326466619968414 -0.989112377166748
v 0.03934752941131592 0.03409518301486969 -0.9887473583221436
v 0.04981009662151337 0.02886389195919037 -0.984246015548706
v 0.044578805565834045 0.02886389195919037 -0.9875308275222778
v 0.02766837179660797 0.04455775022506714 -0.9889906644821167
v 0.06331411004066467 0.02886389195919037 -0.9732968211174011
v 0.06039433181285858 0.023632608354091644 -0.9773115515708923
v 0.05504138767719269 0.023632608354091644 -0.9815695881843567
v 0.03934752941131592 0.02886389195919037 -0.9900856018066406
v 0.06781545281410217 0.02886389195919037 -0.9680655598640442
v 0.04981009662151337 0.023632608354091644 -0.9852192997932434
v 0.044578805565834045 0.023632608354091644 -0.988625705242157
v 0.0644090324640274 0.023632608354091644 -0.9732968211174011
v 0.018422380089759827 0.04978903383016586 -0.9888690114021301
v 0.02365366369485855 0.039326466619968414 -0.9922754764556885
v 0.018422380089759827 0.05514197796583176 -0.98534095287323
v 0.018422380089759827 0.04455775022506714 -0.9915454983711243
v 0.028884947299957275 0.03409518301486969 -0.992397129535675
v 0.0341162383556366 0.02886389195919037 -0.9920321106910706
v 0.028884947299957275 0.06037326902151108 -0.9773115515708923
v 0.018422380089759827 0.039326466619968414 -0.9936137199401855
v 0.03934752941131592 0.023632608354091644 -0.9909372329711914
v 0.04981009662151337 0.018401317298412323 -0.9858275651931763
v 0.0341162383556366 0.023632608354091644 -0.9928837418556213
v 0.044822126626968384 0.018401317298412323 -0.9889906644821167
v 0.03934752941131592 0.018401317298412323 -0.9915454983711243
v 0.018422380089759827 0.03409518301486969 -0.9950735569000244
v 0.013069435954093933 0.05514197796583176 -0.9865575432777405
v 0.018422380089759827 0.06037326902151108 -0.980961263179779
v 0.013069435954093933 0.04455775022506714 -0.9925187826156616
v 0.018422380089759827 0.02886389195919037 -0.9961684942245483
v 0.007838144898414612 0.04978903383016586 -0.9905722737312317
v 0.007838144898414612 0.05514197796583176 -0.9874091148376465
v 0.013069435954093933 0.039326466619968414 -0.9944652915000916
v 0.0341162383556366 0.018401317298412323 -0.9934920072555542
v 0.013069435954093933 0.03409518301486969 -0.9959251880645752
v 0.007838144898414612 0.039326466619968414 -0.9950735569000244
v 0.018422380089759827 0.023632608354091644 -0.9968984723091125
v 0.03934752941131592 0.013170033693313599 -0.9917888045310974
v 0.02365366369485855 0.013170033693313599 -0.9966551065444946
v 0.04981009662151337 0.013170033693313599 -0.9860709309577942
v 0.06039433181285858 0.018401317298412323 -0.9777981638908386
v 0.06039433181285858 0.013170033693313599 -0.9780414700508118
v 0.044822126626968384 0.007817089557647705 -0.9889906644821167
v 0.0341162383556366 0.013170033693313599 -0.9936137199401855
v 0.03934752941131592 0.007817089557647705 -0.9916671514511108
v 0.0341162383556366 0.007817089557647705 -0.9936137199401855
v -0.002624422311782837 0.04455775022506714 -0.9934920072555542
v -0.002624422311782837 0.04978903383016586 -0.991058886051178
v 0.04981009662151337 0.007817089557647705 -0.9858275651931763
v -0.002624422311782837 0.05356042832136154 -0.9889906644821167
v 0.007838144898414612 0.06037326902151108 -0.9831511378288269
v -0.002624422311782837 0.06037326902151108 -0.9841243624687195
v 0.013069435954093933 0.06402301043272018 -0.9785281419754028
v 0.06501732766628265 0.018401317298412323 -0.9732968211174011
v 0.03934752941131592 0.0025858059525489807 -0.9911805391311646
v 0.044578805565834045 0.0025858059525489807 -0.988625705242157
v 0.0341162383556366 0.0025858059525489807 -0.9931270480155945
v 0.06039433181285858 0.007817089557647705 -0.977676510810852
v 0.02365366369485855 0.0025858059525489807 -0.9961684942245483
v 0.0586911141872406 0.0025858059525489807 -0.9785281419754028
v 0.06513898074626923 0.013170033693313599 -0.9732968211174011
v 0.06878872215747833 0.023632608354091644 -0.9680655598640442
v 0.04981009662151337 0.0025858059525489807 -0.9850976467132568
v 0.03934752941131592 -0.0026454851031303406 -0.9902072548866272
v 0.0341162383556366 -0.0026454851031303406 -0.9922754764556885
v 0.02365366369485855 -0.0026454851031303406 -0.9954385757446289
v 0.044578805565834045 -0.0026454851031303406 -0.9875308275222778
v 0.05504138767719269 -0.0026454851031303406 -0.9803529977798462
v 0.06939700245857239 0.018401317298412323 -0.9680655598640442
v 0.028884947299957275 -0.007876768708229065 -0.9927620887756348
v 0.04981009662151337 -0.007876768708229065 -0.9826644659042358
v 0.06416572630405426 0.0025858059525489807 -0.9732968211174011
v 0.06039433181285858 -0.0026454851031303406 -0.9759733080863953
v 0.06951867043972015 0.013170033693313599 -0.9680655598640442
v 0.03934752941131592 -0.007876768708229065 -0.9887473583221436
v 0.05552801489830017 -0.007876768708229065 -0.9785281419754028
v 0.044578805565834045 -0.007876768708229065 -0.9859492182731628
v 0.06927534937858582 0.007817089557647705 -0.9680655598640442
v 0.06866705417633057 0.0025858059525489807 -0.9680655598640442
v 0.07110022008419037 0.039326466619968414 -0.957481324672699
v 0.0730467438697815 0.03409518301486969 -0.957481324672699
v 0.07450664043426514 0.02886389195919037 -0.957481324672699
v 0.06039433181285858 -0.007876768708229065 -0.9742701053619385
v 0.0754798948764801 0.023632608354091644 -0.957481324672699
v 0.0676937997341156 -0.0026454851031303406 -0.9680655598640442
v 0.07608819007873535 0.018401317298412323 -0.957481324672699
v 0.07183016836643219 0.04455775022506714 -0.9522500038146973
v 0.06878872215747833 0.04978903383016586 -0.9522500038146973
v 0.07608819007873535 0.039326466619968414 -0.9488435983657837
v 0.07742641866207123 0.02886389195919037 -0.9522500038146973
v 0.07474994659423828 0.04455775022506714 -0.9470187425613403
v 0.07839968800544739 0.023632608354091644 -0.9522500038146973
v 0.0811978131532669 0.03409518301486969 -0.9417874813079834
v 0.07146519422531128 0.04978903383016586 -0.9470187425613403
v 0.06416572630405426 0.05514197796583176 -0.9522500038146973
v 0.08131948113441467 0.018401317298412323 -0.9477486610412598
v 0.08253605663776398 0.02886389195919037 -0.9417874813079834
v 0.08338765799999237 0.023632608354091644 -0.9417874813079834
v 0.08131948113441467 0.007817089557647705 -0.9483569860458374
v 0.07888631522655487 0.0025858059525489807 -0.9522500038146973
v 0.07608819007873535 -0.0026454851031303406 -0.9556564688682556
v 0.08131948113441467 0.013170033693313599 -0.9483569860458374
v 0.07937294244766235 0.039326466619968414 -0.9417874813079834
v 0.07706144452095032 0.04455775022506714 -0.9417874813079834
v 0.08436091244220734 0.013170033693313599 -0.9417874813079834
v 0.04981009662151337 -0.01310805231332779 -0.9804746508598328
v 0.04981009662151337 0.060251615941524506 -0.9628342390060425
v 0.08131948113441467 -0.0026454851031303406 -0.9467754364013672
v 0.08436091244220734 0.0025858059525489807 -0.9417874813079834
v 0.08387428522109985 -0.0026454851031303406 -0.9417874813079834
v 0.044578805565834045 -0.01310805231332779 -0.9836377501487732
v 0.03934752941131592 -0.01310805231332779 -0.9865575432777405
v 0.0341162383556366 -0.01310805231332779 -0.9888690114021301
v 0.08801065385341644 0.018401317298412323 -0.9313248991966248
v 0.08728070557117462 0.023632608354091644 -0.9313248991966248
v 0.08874060213565826 0.0025858059525489807 -0.9313248991966248
v 0.08849728107452393 -0.0026454851031303406 -0.9313248991966248
v 0.08630745112895966 0.02886389195919037 -0.9313248991966248
v 0.08484755456447601 0.03409518301486969 -0.9313248991966248
v 0.08290103077888489 -0.007876768708229065 -0.9417874813079834
v 0.08302268385887146 0.039326466619968414 -0.9313248991966248
v 0.07353337109088898 0.04978903383016586 -0.9417874813079834
v 0.0787646621465683 0.04455775022506714 -0.9365561604499817
v 0.09056547284126282 0.0025858059525489807 -0.926093578338623
v 0.0877673327922821 -0.007876768708229065 -0.9313248991966248
v 0.08642910420894623 0.03409518301486969 -0.926093578338623
v 0.08436091244220734 0.039326466619968414 -0.926093578338623
v 0.09032215178012848 -0.0026454851031303406 -0.926093578338623
v 0.08922722935676575 0.02886389195919037 -0.9208623170852661
v 0.0902004987001419 0.023632608354091644 -0.9208623170852661
v 0.08764567971229553 0.03409518301486969 -0.9208623170852661
v 0.09141707420349121 0.013170033693313599 -0.9208623170852661
v 0.08971387147903442 -0.007876768708229065 -0.926093578338623
v 0.0919037014245987 -0.0026454851031303406 -0.9208623170852661
v 0.09141707420349121 -0.007876768708229065 -0.9208623170852661
v 0.08861894905567169 -0.01310805231332779 -0.926093578338623
v 0.08022455871105194 0.04455775022506714 -0.9313248991966248
v 0.0853341817855835 0.039326466619968414 -0.9208623170852661
v 0.07608819007873535 0.048329152166843414 -0.9365561604499817
v 0.05504138767719269 0.05940001457929611 -0.957481324672699
v 0.06039433181285858 0.0578184500336647 -0.9522500038146973
v 0.09032215178012848 -0.01310805231332779 -0.9208623170852661
v 0.08861894905567169 0.03409518301486969 -0.9155093431472778
v 0.0910521000623703 0.02886389195919037 -0.9102780818939209
v 0.09287697076797485 0.023632608354091644 -0.905046820640564
v 0.09287697076797485 0.018401317298412323 -0.9102780818939209
v 0.09372857213020325 0.007817089557647705 -0.9102780818939209
v 0.09385022521018982 -0.0026454851031303406 -0.9102780818939209
v 0.08095450699329376 0.04455775022506714 -0.926093578338623
v 0.0856991559267044 0.039326466619968414 -0.9155093431472778
v 0.09166039526462555 0.02886389195919037 -0.905046820640564
v 0.09409354627132416 0.018401317298412323 -0.8998154997825623
v 0.09348525106906891 -0.007876768708229065 -0.9102780818939209
v 0.09458017349243164 -0.0026454851031303406 -0.905046820640564
v 0.09336359798908234 0.023632608354091644 -0.8998154997825623
v 0.09178204834461212 0.028742238879203796 -0.8998154997825623
v 0.08910557627677917 0.03409518301486969 -0.9102780818939209
v 0.08910557627677917 0.03409518301486969 -0.905046820640564
v 0.09494514763355255 0.013170033693313599 -0.8945842385292053
v 0.09421519935131073 -0.007876768708229065 -0.905046820640564
v 0.09445852041244507 0.018401317298412323 -0.8945842385292053
v 0.09348525106906891 0.023632608354091644 -0.8945842385292053
v 0.07085689902305603 0.05246550589799881 -0.9417874813079834
v 0.06562560796737671 0.05550695210695267 -0.9470187425613403
v 0.09531012177467346 -0.0026454851031303406 -0.8945842385292053
v 0.09348525106906891 -0.01310805231332779 -0.905046820640564
v 0.09117375314235687 -0.01833934336900711 -0.9102780818939209
v 0.09458017349243164 0.018401317298412323 -0.8893529176712036
v 0.09518846869468689 0.013170033693313599 -0.8841216564178467
v 0.09324194490909576 0.023632608354091644 -0.8893529176712036
v 0.09141707420349121 0.02886389195919037 -0.8945842385292053
v 0.09543177485466003 0.007817089557647705 -0.8841216564178467
v 0.0865507572889328 0.03810989111661911 -0.9102780818939209
v 0.07608819007873535 0.04905908554792404 -0.9313248991966248
v 0.08131948113441467 0.0443144366145134 -0.9208623170852661
v 0.09518846869468689 -0.007876768708229065 -0.8893529176712036
v 0.0943368673324585 -0.01310805231332779 -0.8945842385292053
v 0.09531012177467346 0.0025858059525489807 -0.8788903951644897
v 0.0943368673324585 0.018401317298412323 -0.8841216564178467
v 0.09239034354686737 0.023632608354091644 -0.8841216564178467
v 0.09531012177467346 0.007817089557647705 -0.8788903951644897
v 0.09482349455356598 0.013170033693313599 -0.8788903951644897
v 0.09324194490909576 -0.01833934336900711 -0.8945842385292053
v 0.09360691905021667 0.018401317298412323 -0.8788903951644897
v 0.09178204834461212 0.026552394032478333 -0.8893529176712036
v 0.09032215178012848 -0.023570626974105835 -0.905046820640564
v 0.09445852041244507 -0.01310805231332779 -0.8841216564178467
v 0.0947018414735794 -0.007876768708229065 -0.8788903951644897
v 0.09153872728347778 -0.023570626974105835 -0.8945842385292053
v 0.09336359798908234 -0.01833934336900711 -0.8841216564178467
v 0.08813230693340302 0.03409518301486969 -0.8998154997825623
v 0.09482349455356598 0.007817089557647705 -0.8735374212265015
v 0.09409354627132416 0.013170033693313599 -0.8735374212265015
v 0.09421519935131073 0.0025858059525489807 -0.8683061599731445
v 0.09397189319133759 -0.0026454851031303406 -0.8683061599731445
v 0.09409354627132416 -0.01310805231332779 -0.8788903951644897
v 0.07462829351425171 0.04978903383016586 -0.9365561604499817
v 0.09178204834461212 0.018401317298412323 -0.8718342185020447
v 0.09178204834461212 0.02205105870962143 -0.8788903951644897
v 0.09409354627132416 0.007817089557647705 -0.8683061599731445
v 0.093120276927948 0.013170033693313599 -0.8683061599731445
v 0.09299862384796143 -0.01833934336900711 -0.8788903951644897
v 0.09336359798908234 -0.007876768708229065 -0.8683061599731445
v 0.09153872728347778 -0.023570626974105835 -0.8788903951644897
v 0.08971387147903442 -0.028801914304494858 -0.8893529176712036
v 0.089835524559021 -0.028801914304494858 -0.8841216564178467
v 0.09299862384796143 0.007817089557647705 -0.8630748391151428
v 0.09324194490909576 0.0025858059525489807 -0.8630748391151428
v 0.0865507572889328 0.03713662922382355 -0.905046820640564
v 0.09178204834461212 0.024605870246887207 -0.8841216564178467
v 0.09141707420349121 -0.01833934336900711 -0.8683061599731445
v 0.09166039526462555 -0.0026454851031303406 -0.8578435778617859
v 0.09141707420349121 -0.01310805231332779 -0.8630748391151428
v 0.09093044698238373 -0.007876768708229065 -0.8578435778617859
v 0.07085689902305603 0.05270882695913315 -0.9365561604499817
v 0.089835524559021 -0.023570626974105835 -0.8683061599731445
v 0.09141707420349121 0.007817089557647705 -0.8578435778617859
v 0.09153872728347778 0.013170033693313599 -0.8630748391151428
v 0.0902004987001419 0.0025858059525489807 -0.8526122570037842
v 0.08131948113441467 0.043462835252285004 -0.9155093431472778
v 0.03934752941131592 0.06280642002820969 -0.9680655598640442
v 0.028884947299957275 0.06365803629159927 -0.9732968211174011
v 0.02365366369485855 0.06523958593606949 -0.9732968211174011
v -0.034133799374103546 -0.01310805231332779 -0.8016376495361328
v -0.028902515769004822 -0.007876768708229065 -0.8000560998916626
v -0.034133799374103546 -0.007876768708229065 -0.8020026087760925
v -0.023549571633338928 -0.01310805231332779 -0.7979879379272461
v -0.023549571633338928 -0.007876768708229065 -0.7983528971672058
v -0.018318280577659607 -0.01310805231332779 -0.7956764101982117
v -0.018318280577659607 -0.007876768708229065 -0.7960413694381714
v -0.04459637403488159 -0.01310805231332779 -0.8067472577095032
v -0.04459637403488159 -0.007876768708229065 -0.8066256046295166
v -0.05201750248670578 -0.007876768708229065 -0.8106403350830078
v -0.013086996972560883 -0.007876768708229065 -0.792878270149231
v -0.013086996972560883 -0.01310805231332779 -0.7922700047492981
v -0.05104423686861992 -0.01310805231332779 -0.8106403350830078
v -0.05505894497036934 -0.007876768708229065 -0.8124651908874512
v -0.058100391179323196 -0.01310805231332779 -0.8158715963363647
v -0.05980360135436058 -0.007876768708229065 -0.8158715963363647
v -0.028902515769004822 -0.01833934336900711 -0.8015159964561462
v -0.018318280577659607 -0.01833934336900711 -0.7976229190826416
v -0.03936508670449257 -0.01833934336900711 -0.8061389923095703
v -0.013086996972560883 -0.01833934336900711 -0.794216513633728
v -0.04459637403488159 -0.01833934336900711 -0.8090587854385376
v -0.049827661365270615 -0.01833934336900711 -0.812221884727478
v -0.05505894497036934 -0.0179743692278862 -0.8158715963363647
v -0.06564317643642426 -0.007876768708229065 -0.8208595514297485
v -0.0638183057308197 -0.01310805231332779 -0.8211029171943665
v -0.018318280577659607 -0.023570626974105835 -0.8006643652915955
v -0.013086996972560883 -0.023570626974105835 -0.7972579598426819
v -0.034133799374103546 -0.023570626974105835 -0.8067472577095032
v -0.04459637403488159 -0.023570626974105835 -0.812221884727478
v -0.049827661365270615 -0.023813944309949875 -0.8158715963363647
v -0.06065520644187927 -0.01833934336900711 -0.8211029171943665
v -0.034133799374103546 -0.029045231640338898 -0.8106403350830078
v -0.04459637403488159 -0.028436940163373947 -0.8158715963363647
v -0.05651884153485298 -0.023570626974105835 -0.8211029171943665
v -0.023549571633338928 -0.028801914304494858 -0.8066256046295166
v -0.018318280577659607 -0.02928854525089264 -0.8054090142250061
v -0.013086996972560883 -0.028801914304494858 -0.8016376495361328
v -0.049827661365270615 -0.030261807143688202 -0.8211029171943665
v -0.034133799374103546 -0.035371437668800354 -0.8158715963363647
v -0.03936508670449257 -0.0380479097366333 -0.8211029171943665
v -0.04459637403488159 -0.03415485844016075 -0.8207379579544067
v -0.028902515769004822 -0.0380479097366333 -0.8158715963363647
v -0.023549571633338928 -0.039386145770549774 -0.8150200247764587
v -0.018318280577659607 -0.03415485844016075 -0.8093020915985107
v -0.013086996972560883 -0.03245164826512337 -0.8054090142250061
v -0.034133799374103546 -0.04108935594558716 -0.8211029171943665
v -0.028902515769004822 -0.043765828013420105 -0.8211029171943665
v -0.013086996972560883 -0.0380479097366333 -0.8106403350830078
v -0.013086996972560883 -0.0446174331009388 -0.8164799213409424
v -0.007855713367462158 -0.04084603860974312 -0.8106403350830078
v -0.018318280577659607 -0.047902192920446396 -0.8211029171943665
v -0.007855713367462158 -0.03743962198495865 -0.8054090142250061
v -0.04459637403488159 -0.044009141623973846 -0.8315654993057251
v -0.049827661365270615 -0.039386145770549774 -0.8305922150611877
v -0.034133799374103546 -0.04984872043132782 -0.8312004804611206
v -0.05505894497036934 -0.03415485844016075 -0.8298622369766235
v -0.023549571633338928 -0.05045700818300247 -0.8263341784477234
v -0.013086996972560883 -0.04984872043132782 -0.8215895295143127
v -0.007855713367462158 -0.0446174331009388 -0.8148983716964722
v -0.002624422311782837 -0.043887484818696976 -0.8106403350830078
v -0.01126212626695633 -0.03415485844016075 -0.8054090142250061
v -0.06029023230075836 -0.030505124479532242 -0.8315654993057251
v -0.049706000834703445 -0.0446174331009388 -0.836796760559082
v -0.05505894497036934 -0.039386145770549774 -0.8357018232345581
v -0.023549571633338928 -0.05459337309002876 -0.8315654993057251
v -0.013086996972560883 -0.055080004036426544 -0.8281590342521667
v -0.04459637403488159 -0.04802384972572327 -0.836796760559082
v -0.034133799374103546 -0.05386342853307724 -0.836796760559082
v -0.028902515769004822 -0.05605326592922211 -0.836796760559082
v -0.007855713367462158 -0.05045700818300247 -0.8211029171943665
v -0.002624422311782837 -0.04656395688652992 -0.8158715963363647
v -0.06029023230075836 -0.03415485844016075 -0.835458517074585
v -0.06564317643642426 -0.024300575256347656 -0.8315654993057251
v -0.049827661365270615 -0.048267167061567307 -0.8421497344970703
v -0.05457231402397156 -0.0446174331009388 -0.8421497344970703
v -0.04459637403488159 -0.054715029895305634 -0.8473809957504272
v -0.06029023230075836 -0.039507802575826645 -0.8421497344970703
v -0.06564317643642426 -0.028801914304494858 -0.8361884355545044
v -0.018318280577659607 -0.059702999889850616 -0.836796760559082
v -0.049827661365270615 -0.051430270075798035 -0.8473809957504272
v -0.05505894497036934 -0.047658875584602356 -0.8473809957504272
v -0.06552152335643768 -0.03415485844016075 -0.8421497344970703
v -0.06029023230075836 -0.043157536536455154 -0.8473809957504272
v -0.011018812656402588 -0.023570626974105835 -0.7948248386383057
v -0.034133799374103546 -0.059824660420417786 -0.8473809957504272
v 0.0026068612933158875 -0.047293901443481445 -0.8158715963363647
v -0.013086996972560883 -0.06091958284378052 -0.836796760559082
v -0.023549571633338928 -0.06104123592376709 -0.8421497344970703
v -0.007855713367462158 -0.05848642438650131 -0.8315654993057251
v -0.06564317643642426 -0.03792625293135643 -0.8473809957504272
v -0.07087446749210358 -0.01833934336900711 -0.8331470489501953
v -0.07087446749210358 -0.01310805231332779 -0.8293756246566772
v -0.07087446749210358 -0.0224757082760334 -0.836796760559082
v -0.0006778985261917114 -0.0446174331009388 -0.8106403350830078
v -0.002624422311782837 -0.059094712138175964 -0.8315654993057251
v -0.05505894497036934 -0.05301181972026825 -0.8578435778617859
v -0.06029023230075836 -0.04899711161851883 -0.8578435778617859
v -0.049827661365270615 -0.05641824007034302 -0.8578435778617859
v -0.07087446749210358 -0.031600043177604675 -0.8473809957504272
v -0.06564317643642426 -0.044130802154541016 -0.8578435778617859
v -0.007855713367462158 -0.03415485844016075 -0.8000560998916626
v -0.0080990269780159 -0.028801914304494858 -0.7948248386383057
v -0.04459637403488159 -0.059459686279296875 -0.8578435778617859
v 0.0026068612933158875 -0.04571235179901123 -0.8106403350830078
v -0.018318280577659607 -0.06517760455608368 -0.8473809957504272
v 0.0026068612933158875 -0.04984872043132782 -0.8192780017852783
v -0.05505894497036934 -0.05520166456699371 -0.8630748391151428
v -0.06029023230075836 -0.051308613270521164 -0.8630748391151428
v -0.034133799374103546 -0.06408268213272095 -0.8578435778617859
v -0.023549571633338928 -0.06773241609334946 -0.8578435778617859
v -0.07087446749210358 -0.03841288387775421 -0.8578435778617859
v 0.007838144898414612 -0.047537222504615784 -0.8158715963363647
v -0.049584344029426575 -0.06031129136681557 -0.8683061599731445
v -0.034133799374103546 -0.0659075528383255 -0.8630748391151428
v -0.03936508670449257 -0.06529926508665085 -0.8683061599731445
v -0.007855713367462158 -0.06700247526168823 -0.8473809957504272
v -0.002624422311782837 -0.06505594402551651 -0.8421497344970703
v -0.06029023230075836 -0.05325513705611229 -0.8683061599731445
v -0.06564317643642426 -0.04887545853853226 -0.8683061599731445
v -0.023549571633338928 -0.06931397318840027 -0.8630748391151428
v -0.0062741562724113464 -0.039386145770549774 -0.8054090142250061
v -0.002624422311782837 -0.043522510677576065 -0.8054090142250061
v -0.07087446749210358 -0.043644171208143234 -0.8683061599731445
v -0.013086996972560883 -0.07016557455062866 -0.8578435778617859
v -0.017831653356552124 -0.07077386230230331 -0.8630748391151428
v 0.0026068612933158875 -0.06237947568297386 -0.836796760559082
v -0.023549571633338928 -0.07077386230230331 -0.8683061599731445
v -0.018318280577659607 -0.07211209833621979 -0.8683061599731445
v 0.007838144898414612 -0.058973055332899094 -0.8315654993057251
v -0.007855713367462158 -0.07077386230230331 -0.857600212097168
v -0.05505894497036934 -0.059338029474020004 -0.8788903951644897
v -0.06029023230075836 -0.055809952318668365 -0.8788903951644897
v 0.007838144898414612 -0.04680727422237396 -0.8106403350830078
v -0.04459637403488159 -0.06505594402551651 -0.8788903951644897
v 0.0026068612933158875 -0.06761076301336288 -0.8473809957504272
v 0.013069435954093933 -0.05070032179355621 -0.8211029171943665
v 0.013069435954093933 -0.047293901443481445 -0.8158715963363647
v -0.002624422311782837 -0.07138215005397797 -0.8578435778617859
v -0.013086996972560883 -0.07308536022901535 -0.8683061599731445
v -0.007855713367462158 -0.07393696904182434 -0.8683061599731445
v -0.002624422311782837 -0.07442359626293182 -0.8683061599731445
v -0.034133799374103546 -0.06931397318840027 -0.8788903951644897
v 0.018422380089759827 -0.0581214502453804 -0.8315654993057251
v -0.06564317643642426 -0.051673583686351776 -0.8788903951644897
v 0.018422380089759827 -0.061406210064888 -0.836796760559082
v 0.013069435954093933 -0.0646909698843956 -0.8421497344970703
v 0.0026068612933158875 -0.07150381058454514 -0.8578435778617859
v -0.023549571633338928 -0.07259873300790787 -0.8788903951644897
v -0.07087446749210358 -0.04680727422237396 -0.8788903951644897
v 0.013069435954093933 -0.0671241283416748 -0.8473809957504272
v -0.05505894497036934 -0.06006797403097153 -0.8841216564178467
v -0.049827661365270615 -0.06310942023992538 -0.8841216564178467
v -0.013086996972560883 -0.07503189146518707 -0.8788903951644897
v -0.04483968764543533 -0.06554257869720459 -0.8841216564178467
v -0.007855713367462158 -0.07588349282741547 -0.8788903951644897
v -0.06029023230075836 -0.05653990060091019 -0.8841216564178467
v -0.06564317643642426 -0.05252519249916077 -0.8841216564178467
v 0.0026068612933158875 -0.07454525679349899 -0.8683061599731445
v 0.02365366369485855 -0.05739150196313858 -0.8315654993057251
v 0.02365366369485855 -0.04534737765789032 -0.8158715963363647
v 0.018422380089759827 -0.04656395688652992 -0.8158715963363647
v 0.013069435954093933 -0.07089552283287048 -0.8578435778617859
v 0.007838144898414612 -0.07442359626293182 -0.8683061599731445
v -0.002624422311782837 -0.07637012749910355 -0.8788903951644897
v 0.02365366369485855 -0.06323108077049255 -0.8421497344970703
v 0.02365366369485855 -0.06566423177719116 -0.8473809957504272
v 0.018422380089759827 -0.07016557455062866 -0.8578435778617859
v 0.028884947299957275 -0.059581346809864044 -0.836796760559082
v 0.028884947299957275 -0.055080004036426544 -0.8298622369766235
v 0.0026068612933158875 -0.07661344110965729 -0.8788903951644897
v 0.013069435954093933 -0.07393696904182434 -0.8683061599731445
v 0.0341162383556366 -0.04984872043132782 -0.8248742818832397
v 0.013069435954093933 -0.047050587832927704 -0.8106403350830078
v -0.05505894497036934 -0.06031129136681557 -0.8893529176712036
v -0.049827661365270615 -0.06335273385047913 -0.8893529176712036
v 0.007838144898414612 -0.07637012749910355 -0.8788903951644897
v 0.0341162383556366 -0.06323108077049255 -0.8473809957504272
v 0.0341162383556366 -0.04668561369180679 -0.8211029171943665
v 0.028884947299957275 -0.043887484818696976 -0.8158715963363647
v 0.03934752941131592 -0.059338029474020004 -0.8421497344970703
v 0.028884947299957275 -0.06821905076503754 -0.8578435778617859
v 0.03934752941131592 -0.05313348025083542 -0.8315654993057251
v 0.044578805565834045 -0.05447171628475189 -0.836796760559082
v 0.02365366369485855 -0.07223375886678696 -0.8683061599731445
v 0.018422380089759827 -0.07515354454517365 -0.8788903951644897
v -0.06564317643642426 -0.05313348025083542 -0.8945842385292053
v 0.013069435954093933 -0.07649178057909012 -0.8841216564178467
v 0.03934752941131592 -0.06554257869720459 -0.8582085371017456
v 0.028884947299957275 -0.07101717591285706 -0.8683061599731445
v 0.044578805565834045 -0.059946317225694656 -0.8473809957504272
v 0.044578805565834045 -0.06371770799160004 -0.8578435778617859
v 0.03946918249130249 -0.0446174331009388 -0.8211029171943665
v 0.02365366369485855 -0.07418028265237808 -0.8788903951644897
v 0.03934752941131592 -0.06834070384502411 -0.8683061599731445
v 0.03934752941131592 -0.039386145770549774 -0.8159932494163513
v 0.0341162383556366 -0.04169764369726181 -0.8158715963363647
v 0.044578805565834045 -0.05094363912940025 -0.8315654993057251
v 0.044578805565834045 -0.04206261783838272 -0.8211029171943665
v 0.0341162383556366 -0.0380479097366333 -0.8106403350830078
v 0.018422380089759827 -0.04632063955068588 -0.8106403350830078
v 0.028884947299957275 -0.04169764369726181 -0.8106403350830078
v 0.04981009662151337 -0.06164952740073204 -0.8578435778617859
v 0.04981009662151337 -0.048267167061567307 -0.8315654993057251
v 0.02365366369485855 -0.04473908990621567 -0.8106403350830078
v 0.05504138767719269 -0.04899711161851883 -0.836796760559082
v 0.05504138767719269 -0.052160218358039856 -0.8421497344970703
v 0.04981009662151337 -0.05763481929898262 -0.8473809957504272
v 0.05504138767719269 -0.055080004036426544 -0.8475026488304138
v 0.04981009662151337 -0.039386145770549774 -0.8214678764343262
v 0.05504138767719269 -0.059094712138175964 -0.8578435778617859
v 0.04981009662151337 -0.03415485844016075 -0.8169665336608887
v 0.03934752941131592 -0.03415485844016075 -0.8106403350830078
v 0.05564966797828674 -0.0446174331009388 -0.8315654993057251
v 0.0026068612933158875 -0.047293901443481445 -0.8054090142250061
v 0.06039433181285858 -0.04887545853853226 -0.8421497344970703
v 0.06039433181285858 -0.051673583686351776 -0.8473809957504272
v 0.05504138767719269 -0.040237750858068466 -0.8263341784477234
v 0.06039433181285858 -0.04522572085261345 -0.836796760559082
v 0.05613631010055542 -0.03415485844016075 -0.8211029171943665
v 0.06039433181285858 -0.04096769914031029 -0.8315654993057251
v 0.044578805565834045 -0.03001849353313446 -0.8106403350830078
v 0.03934752941131592 -0.02928854525089264 -0.8054090142250061
v 0.06562560796737671 -0.0446174331009388 -0.8421497344970703
v 0.053946465253829956 -0.028801914304494858 -0.8158715963363647
v 0.06562560796737671 -0.04072438180446625 -0.836796760559082
v 0.04981009662151337 -0.024787206202745438 -0.8106403350830078
v 0.04409217834472656 -0.023570626974105835 -0.8054090142250061
v 0.06562560796737671 -0.03415485844016075 -0.8299839496612549
v 0.007838144898414612 -0.049118772149086 -0.8054090142250061
v 0.013069435954093933 -0.04960540309548378 -0.8054090142250061
v 0.018422380089759827 -0.051916901022195816 -0.8001777529716492
v 0.02365366369485855 -0.04692893102765083 -0.8054090142250061
v 0.007838144898414612 -0.052160218358039856 -0.8001777529716492
v 0.013069435954093933 -0.05252519249916077 -0.8001777529716492
v 0.018422380089759827 -0.055323321372270584 -0.7948248386383057
v 0.013069435954093933 -0.055931609123945236 -0.7948248386383057
v 0.022437088191509247 0.02886389195919037 0.6426840424537659
v 0.02365366369485855 0.02533581852912903 0.6374527812004089
v 0.018422380089759827 0.026187419891357422 0.6426840424537659
v 0.018422380089759827 0.030202127993106842 0.6479153037071228
v 0.020733878016471863 0.023632608354091644 0.6374527812004089
v 0.02365366369485855 0.023632608354091644 0.6351413130760193
v 0.02365366369485855 0.02144276350736618 0.632221519947052
v 0.02365366369485855 0.02886389195919037 0.6419541239738464
v 0.02365366369485855 0.02947217971086502 0.6426840424537659
v 0.02365366369485855 0.0332435742020607 0.6479153037071228
v 0.018665693700313568 0.03409518301486969 0.6532682776451111
v 0.018422380089759827 0.02168608456850052 0.6374527812004089
v 0.018422380089759827 0.018401317298412323 0.6333163380622864
v 0.02365366369485855 0.016819767653942108 0.6269901394844055
v 0.02365366369485855 0.012196771800518036 0.6217588782310486
v 0.018422380089759827 0.012805059552192688 0.6269901394844055
v 0.018422380089759827 0.008182063698768616 0.6217588782310486
v 0.02365366369485855 0.007938750088214874 0.6165276169776917
v 0.018422380089759827 0.007817089557647705 0.6213939785957336
v 0.02353201061487198 0.007817089557647705 0.6165276169776917
v 0.018422380089759827 0.0025858059525489807 0.614216148853302
v 0.02365366369485855 0.0041673555970191956 0.6112963557243347
v 0.018057405948638916 0.007817089557647705 0.6217588782310486
v 0.020855538547039032 0.0025858059525489807 0.6112963557243347
v 0.018422380089759827 0.0008825957775115967 0.6112963557243347
v 0.02365366369485855 -0.00009066611528396606 0.6007121205329895
v 0.018422380089759827 -0.0015505626797676086 0.6059433817863464
v 0.014164358377456665 0.02886389195919037 0.6532682776451111
v 0.012704461812973022 0.03409518301486969 0.663730800151825
v 0.013069435954093933 -0.00544361025094986 0.6112963557243347
v 0.02365366369485855 0.0025858059525489807 0.607646644115448
v 0.012704461812973022 -0.007876768708229065 0.6059433817863464
v 0.018422380089759827 0.03677165508270264 0.658499538898468
v 0.010027989745140076 -0.01310805231332779 0.6007121205329895
v 0.02365366369485855 0.04139465093612671 0.663730800151825
v 0.017814092338085175 0.039326466619968414 0.663730800151825
v 0.02365366369485855 -0.0014289021492004395 0.5954808592796326
v 0.018422380089759827 -0.004105374217033386 0.5954808592796326
v 0.013677723705768585 -0.007876768708229065 0.6007121205329895
v 0.02365366369485855 -0.0021588504314422607 0.5902494788169861
v 0.015502594411373138 -0.007876768708229065 0.5850182175636292
v 0.018422380089759827 -0.00580858439207077 0.5745556950569153
v 0.016232535243034363 -0.007876768708229065 0.5639714598655701
v 0.018422380089759827 -0.0065385326743125916 0.5325836539268494
v 0.015502594411373138 0.03409518301486969 0.658499538898468
v 0.014407671988010406 0.039326466619968414 0.6689621806144714
v 0.00844644010066986 0.03409518301486969 0.6741934418678284
v 0.009663015604019165 0.039326466619968414 0.6794247031211853
v 0.013069435954093933 0.04309786111116409 0.6794247031211853
v 0.007838144898414612 0.039326466619968414 0.6846559643745422
v 0.012947775423526764 0.04455775022506714 0.6846559643745422
v 0.01124456524848938 0.04455775022506714 0.6898872256278992
v 0.007838144898414612 0.04163796454668045 0.6898872256278992
v 0.007838144898414612 0.043462835252285004 0.6952401995658875
v -0.0007995590567588806 0.03409518301486969 0.7004714608192444
v 0.002850174903869629 0.039326466619968414 0.7004714608192444
v -0.002624422311782837 0.03409518301486969 0.7091092467308044
v 0.00017370283603668213 0.02886389195919037 0.6898872256278992
v 0.0038234367966651917 0.02886389195919037 0.6794247031211853
v -0.0016511604189872742 0.02886389195919037 0.6952401995658875
v 0.007838144898414612 0.02886389195919037 0.6688404679298401
v 0.009298041462898254 0.018401317298412323 0.6532682776451111
v 0.013312749564647675 0.013170033693313599 0.6374527812004089
v 0.01598922163248062 0.018401317298412323 0.6374527812004089
v 0.015502594411373138 0.013170033693313599 0.632221519947052
v 0.013069435954093933 0.007817089557647705 0.6316131949424744
v 0.007838144898414612 0.0041673555970191956 0.6426840424537659
v 0.011487886309623718 -0.0026454851031303406 0.6217588782310486
v 0.013069435954093933 0.0041673555970191956 0.6269901394844055
v 0.013069435954093933 0.00039596110582351685 0.6217588782310486
v 0.015137620270252228 0.007817089557647705 0.6269901394844055
v 0.014407671988010406 0.0025858059525489807 0.6217588782310486
v -0.002624422311782837 0.0299588143825531 0.7004714608192444
v 0.003945097327232361 0.018401317298412323 0.6689621806144714
v 0.010027989745140076 -0.007876768708229065 0.6165276169776917
v 0.00844644010066986 -0.01310805231332779 0.6112963557243347
v 0.007473178207874298 -0.01310805231332779 0.6165276169776917
v 0.005648307502269745 -0.0026454851031303406 0.6426840424537659
v 0.005891621112823486 0.007817089557647705 0.6532682776451111
v -0.005300894379615784 0.02886389195919037 0.7109341025352478
v -0.004692606627941132 0.023632608354091644 0.7004714608192444
v -0.002624422311782837 0.018401317298412323 0.689643919467926
v 0.0026068612933158875 0.013170033693313599 0.6690837740898132
v -0.004570946097373962 0.03409518301486969 0.7213966250419617
v -0.002624422311782837 0.03737994283437729 0.7213966250419617
v -0.0011645331978797913 0.039326466619968414 0.7213966250419617
v 0.0024852007627487183 -0.0026454851031303406 0.658499538898468
v -0.00797736644744873 0.02886389195919037 0.7319808602333069
v -0.0062741562724113464 0.03409518301486969 0.7372121214866638
v -0.007369078695774078 0.023632608354091644 0.7161653637886047
v -0.01211373507976532 0.02886389195919037 0.8105718493461609
v -0.008707314729690552 0.03409518301486969 0.7791841626167297
v -0.010897159576416016 0.03409518301486969 0.8211560845375061
v -0.010045550763607025 0.023632608354091644 0.7476747632026672
v -0.013816945254802704 0.02886389195919037 0.8525437712669373
v -0.013816945254802704 0.03409518301486969 0.8788219094276428
v -0.014911867678165436 0.02886389195919037 0.8840531706809998
v -0.012722022831439972 0.023632608354091644 0.8105718493461609
v -0.014668546617031097 0.023632608354091644 0.8735906481742859
v -0.015398494899272919 0.02886389195919037 0.9418405890464783
v -0.015033520758152008 0.023632608354091644 0.9155625700950623
v -0.014425233006477356 0.03409518301486969 0.9260250926017761
v -0.014790207147598267 0.03409518301486969 0.9418405890464783
v -0.015398494899272919 0.03409518301486969 0.973228394985199
v -0.01564180850982666 0.02886389195919037 0.973228394985199
v -0.014425233006477356 0.039326466619968414 0.973228394985199
v -0.015033520758152008 0.03409518301486969 0.9784596562385559
v -0.015398494899272919 0.02886389195919037 0.9784596562385559
v -0.014181919395923615 0.039326466619968414 0.9784596562385559
v -0.014425233006477356 0.03409518301486969 0.9838126301765442
v -0.014790207147598267 0.02886389195919037 0.9838126301765442
v -0.015033520758152008 0.023632608354091644 0.9784596562385559
v -0.014546893537044525 0.023632608354091644 0.9838126301765442
v -0.013451971113681793 0.039326466619968414 0.9418405890464783
v -0.012843683362007141 0.039326466619968414 0.9207938313484192
v -0.013086996972560883 0.04455775022506714 0.973228394985199
v -0.013451971113681793 0.039326466619968414 0.9838126301765442
v -0.012843683362007141 0.04455775022506714 0.9784596562385559
v -0.01211373507976532 0.039326466619968414 0.8840531706809998
v -0.01174876093864441 0.04455775022506714 0.9470719695091248
v -0.010775499045848846 0.04455775022506714 0.9260250926017761
v -0.011870421469211578 0.04455775022506714 0.9838126301765442
v -0.010167211294174194 0.039326466619968414 0.8473125100135803
v -0.010653838515281677 0.04978903383016586 0.9679970145225525
v -0.013086996972560883 0.02886389195919037 0.9894087910652161
v -0.013208657503128052 0.023632608354091644 0.9890438914299011
v -0.013086996972560883 0.03348688781261444 0.9890438914299011
v -0.011870421469211578 0.039326466619968414 0.9890438914299011
v -0.010775499045848846 0.04978903383016586 0.973228394985199
v -0.010410524904727936 0.04978903383016586 0.9784596562385559
v -0.002624422311782837 0.0521005317568779 0.9890438914299011
v -0.002624422311782837 0.05514197796583176 0.9852724671363831
v -0.007855713367462158 0.04978903383016586 0.9862456917762756
v -0.007855713367462158 0.047477543354034424 0.9890438914299011
v -0.007855713367462158 0.051492251455783844 0.9838126301765442
v -0.00396265834569931 0.05514197796583176 0.9838126301765442
v -0.007855713367462158 0.05368209630250931 0.9784596562385559
v -0.002624422311782837 0.05830509215593338 0.9784596562385559
v -0.009072288870811462 0.04978903383016586 0.9838126301765442
v 0.0026068612933158875 0.05867006629705429 0.9838126301765442
v 0.0026068612933158875 0.06037326902151108 0.9800412058830261
v 0.0026068612933158875 0.06085989624261856 0.9784596562385559
v 0.0026068612933158875 0.05416872352361679 0.9890438914299011
v -0.009558923542499542 0.04455775022506714 0.9890438914299011
v -0.007125765085220337 0.05514197796583176 0.973228394985199
v -0.007855713367462158 0.05392540246248245 0.9679970145225525
v -0.007855713367462158 0.05039732903242111 0.9364877343177795
v -0.007247418165206909 0.04978903383016586 0.9207938313484192
v -0.009072288870811462 0.04455775022506714 0.8788219094276428
v -0.007855713367462158 0.04455775022506714 0.859964907169342
v -0.007855713367462158 0.040056414902210236 0.8211560845375061
v -0.005057580769062042 0.039326466619968414 0.7739527821540833
v -0.002624422311782837 0.039569780230522156 0.7372121214866638
v -0.002624422311782837 0.058913372457027435 0.973228394985199
v -0.0068824514746665955 0.05514197796583176 0.9679970145225525
v -0.002624422311782837 0.05587192624807358 0.9418405890464783
v -0.002624422311782837 0.05356042832136154 0.9155625700950623
v -0.004814267158508301 0.04978903383016586 0.8840531706809998
v -0.002624422311782837 0.04954572767019272 0.8578967452049255
v -0.00396265834569931 0.04455775022506714 0.8211560845375061
v -0.002624422311782837 0.044071123003959656 0.8001092076301575
v 0.0026068612933158875 0.04516604542732239 0.763368546962738
v 0.0026068612933158875 0.043827809393405914 0.7319808602333069
v 0.0026068612933158875 0.042976200580596924 0.7213966250419617
v 0.0026068612933158875 0.04151630401611328 0.7109341025352478
v 0.007838144898414612 0.04589598625898361 0.7161653637886047
v 0.006378255784511566 0.04455775022506714 0.7109341025352478
v 0.007838144898414612 0.044436097145080566 0.7004714608192444
v 0.007838144898414612 0.04626096040010452 0.7266278862953186
v 0.013069435954093933 0.0467475950717926 0.6952401995658875
v 0.0026068612933158875 0.0500323548913002 0.83161860704422
v 0.0026068612933158875 0.04650428146123886 0.7896466851234436
v 0.0026068612933158875 0.05514197796583176 0.8998686671257019
v 0.0026068612933158875 0.05356042832136154 0.8735906481742859
v 0.013069435954093933 0.047355882823467255 0.7004714608192444
v 0.013069435954093933 0.047964178025722504 0.7109341025352478
v 0.0026068612933158875 0.05745347589254379 0.9312563538551331
v 0.0026068612933158875 0.06122487038373947 0.973228394985199
v 0.007838144898414612 0.047720856964588165 0.7739527821540833
v 0.007838144898414612 0.04978903383016586 0.8060705065727234
v 0.013069435954093933 0.048085831105709076 0.7213966250419617
v 0.018422380089759827 0.047720856964588165 0.6898872256278992
v 0.018422380089759827 0.0467475950717926 0.6846559643745422
v 0.018422380089759827 0.04455775022506714 0.6752883791923523
v 0.007838144898414612 0.05392540246248245 0.8578967452049255
v 0.013069435954093933 0.047964178025722504 0.7372121214866638
v 0.018422380089759827 0.04845080524682999 0.6952401995658875
v 0.018422380089759827 0.0488157793879509 0.7004714608192444
v 0.013069435954093933 0.04820748418569565 0.7529060244560242
v 0.007838144898414612 0.05757514387369156 0.9155625700950623
v 0.007838144898414612 0.06134653836488724 0.9627657532691956
v 0.007838144898414612 0.06256311386823654 0.973228394985199
v 0.013069435954093933 0.04893743246793747 0.7739527821540833
v 0.013069435954093933 0.050518982112407684 0.8001092076301575
v 0.018422380089759827 0.04918075352907181 0.7109341025352478
v 0.013069435954093933 0.05404707044363022 0.8473125100135803
v 0.007838144898414612 0.06207648664712906 0.9784596562385559
v 0.02365366369485855 0.043584488332271576 0.6689621806144714
v 0.007838144898414612 0.059886641800403595 0.9838126301765442
v 0.0341162383556366 0.05976497381925583 0.973228394985199
v 0.0341162383556366 0.05745347589254379 0.9784596562385559
v 0.03934752941131592 0.05623690038919449 0.973228394985199
v 0.03934752941131592 0.05392540246248245 0.9784596562385559
v 0.04056410491466522 0.05514197796583176 0.973228394985199
v 0.0341162383556366 0.05514197796583176 0.9819876551628113
v 0.03934752941131592 0.04978903383016586 0.9834476113319397
v 0.0341162383556366 0.05356042832136154 0.9838126301765442
v 0.04263228178024292 0.04978903383016586 0.9784596562385559
v 0.03922586143016815 0.04455775022506714 0.9890438914299011
v 0.044578805565834045 0.039326466619968414 0.9883139729499817
v 0.0341162383556366 0.04978903383016586 0.9870973229408264
v 0.028884947299957275 0.05514197796583176 0.9845425486564636
v 0.018422380089759827 0.06037326902151108 0.982231080532074
v 0.027425065636634827 0.06037326902151108 0.9784596562385559
v 0.028884947299957275 0.06037326902151108 0.9774864315986633
v 0.028884947299957275 0.06146819144487381 0.973228394985199
v 0.02365366369485855 0.051248930394649506 0.9890438914299011
v 0.018422380089759827 0.05514197796583176 0.9875839352607727
v 0.028884947299957275 0.04954572767019272 0.9890438914299011
v 0.013069435954093933 0.06000829488039017 0.9838126301765442
v 0.007838144898414612 0.054655350744724274 0.9890438914299011
v 0.007838144898414612 0.059886641800403595 0.9838126301765442
v 0.0341162383556366 0.04455775022506714 0.9903821349143982
v 0.03934752941131592 0.039326466619968414 0.9915986657142639
v 0.044578805565834045 0.03409518301486969 0.9907470345497131
v 0.028884947299957275 0.04455775022506714 0.9913553595542908
v 0.02365366369485855 0.04978903383016586 0.9897738099098206
v 0.0341162383556366 0.039326466619968414 0.9926936030387878
v 0.018422380089759827 0.04455775022506714 0.9925718903541565
v 0.0026068612933158875 0.04978903383016586 0.9919636845588684
v 0.0026068612933158875 0.05416872352361679 0.9890438914299011
v 0.0026068612933158875 0.05867006629705429 0.9838126301765442
v 0.007838144898414612 0.04455775022506714 0.9935452342033386
v 0.03934752941131592 0.03409518301486969 0.9931802153587341
v 0.044578805565834045 0.02886389195919037 0.9919636845588684
v -0.002624422311782837 0.0521005317568779 0.9890438914299011
v 0.04652532935142517 0.03409518301486969 0.9890438914299011
v 0.04774191975593567 0.02886389195919037 0.9890438914299011
v 0.044578805565834045 0.023632608354091644 0.9924502968788147
v 0.04810689389705658 0.023632608354091644 0.9890438914299011
v 0.044578805565834045 0.018401317298412323 0.9919636845588684
v 0.0476202517747879 0.018401317298412323 0.9890438914299011
v 0.028884947299957275 0.039326466619968414 0.9928153157234192
v 0.013069435954093933 0.03409518301486969 0.992936909198761
v 0.02365366369485855 0.02886389195919037 0.9926936030387878
v 0.03934752941131592 0.018401317298412323 0.9937885403633118
v 0.0341162383556366 0.018401317298412323 0.9933019280433655
v 0.018422380089759827 0.02886389195919037 0.9924502968788147
v 0.013069435954093933 0.02886389195919037 0.9925718903541565
v 0.018422380089759827 0.023632608354091644 0.9920852780342102
v 0.0341162383556366 0.013170033693313599 0.9933019280433655
v 0.0341162383556366 0.007817089557647705 0.9930586218833923
v 0.013069435954093933 0.023632608354091644 0.9920852780342102
v 0.013069435954093933 0.013170033693313599 0.991233766078949
v 0.02365366369485855 0.007817089557647705 0.9914770722389221
v 0.028884947299957275 0.007817089557647705 0.9923285841941833
v 0.028884947299957275 -0.0026454851031303406 0.9907470345497131
v 0.013069435954093933 0.007817089557647705 0.991233766078949
v 0.03934752941131592 0.007817089557647705 0.9924502968788147
v 0.028884947299957275 0.0025858059525489807 0.9920852780342102
v 0.0341162383556366 0.0025858059525489807 0.9920852780342102
v 0.007838144898414612 0.03409518301486969 0.9933019280433655
v -0.002624422311782837 0.04455775022506714 0.9934235215187073
v 0.007838144898414612 0.013170033693313599 0.9915986657142639
v 0.013069435954093933 -0.0026454851031303406 0.9908687472343445
v 0.018422380089759827 0.0025858059525489807 0.9913553595542908
v 0.018422380089759827 -0.0026454851031303406 0.9909903407096863
v 0.02365366369485855 -0.0026454851031303406 0.9909903407096863
v 0.007838144898414612 0.018401317298412323 0.9919636845588684
v -0.007855713367462158 0.02886389195919037 0.9937885403633118
v -0.002624422311782837 0.03409518301486969 0.9941534399986267
v -0.007855713367462158 0.03409518301486969 0.9935452342033386
v -0.002624422311782837 0.013170033693313599 0.9928153157234192
v -0.007855713367462158 0.018401317298412323 0.9925718903541565
v -0.007855713367462158 0.039326466619968414 0.9928153157234192
v -0.002624422311782837 0.007817089557647705 0.9909903407096863
v 0.044578805565834045 0.013170033693313599 0.9907470345497131
v 0.018422380089759827 -0.006903506815433502 0.9890438914299011
v 0.02365366369485855 -0.007876768708229065 0.988070547580719
v 0.028884947299957275 -0.005686931312084198 0.9890438914299011
v 0.03934752941131592 0.0025858059525489807 0.9898955225944519
v -0.0012861862778663635 0.0025858059525489807 0.9890438914299011
v 0.007838144898414612 -0.004105374217033386 0.9890438914299011
v 0.013069435954093933 -0.006051905453205109 0.9890438914299011
v -0.007855713367462158 0.013170033693313599 0.9906254410743713
v 0.03484618663787842 -0.0026454851031303406 0.9890438914299011
v 0.04056410491466522 0.0025858059525489807 0.9890438914299011
v -0.007855713367462158 0.010128587484359741 0.9890438914299011
v 0.044578805565834045 0.008547037839889526 0.9890438914299011
v -0.013086996972560883 0.02886389195919037 0.9894087910652161
v -0.013208657503128052 0.023632608354091644 0.9890438914299011
v -0.01211373507976532 0.018401317298412323 0.9890438914299011
v -0.013086996972560883 0.03348688781261444 0.9890438914299011
v -0.009558923542499542 0.04455775022506714 0.9890438914299011
v -0.007855713367462158 0.047477543354034424 0.9890438914299011
v -0.011870421469211578 0.039326466619968414 0.9890438914299011
v -0.08133703470230103 0.04784251004457474 -0.926093578338623
v -0.08133703470230103 0.0500323548913002 -0.9313248991966248
v -0.08656832575798035 0.04650428146123886 -0.9313248991966248
v -0.08656832575798035 0.04601764678955078 -0.926093578338623
v -0.08827152848243713 0.04455775022506714 -0.926093578338623
v -0.08656832575798035 0.04455775022506714 -0.9208623170852661
v -0.08133703470230103 0.04455775022506714 -0.9203757047653198
v -0.0761057510972023 0.05027567595243454 -0.9313248991966248
v -0.08133703470230103 0.05112727731466293 -0.9365561604499817
v -0.0761057510972023 0.0533171221613884 -0.9365561604499817
v -0.08133703470230103 0.04163796454668045 -0.9155093431472778
v -0.08133703470230103 0.05076230317354202 -0.9417874813079834
v -0.0761057510972023 0.054777003824710846 -0.9417874813079834
v -0.08291858434677124 0.04978903383016586 -0.9365561604499817
v -0.0761057510972023 0.054655350744724274 -0.9470187425613403
v -0.07452419400215149 0.05514197796583176 -0.9417874813079834
v -0.07087446749210358 0.05514197796583176 -0.9403275847434998
v -0.07087446749210358 0.05587192624807358 -0.9417874813079834
v -0.07087446749210358 0.05794011801481247 -0.9470187425613403
v -0.06564317643642426 0.058913372457027435 -0.9470187425613403
v -0.07087446749210358 0.05246550589799881 -0.9365561604499817
v -0.07087446749210358 0.05769679695367813 -0.9522500038146973
v -0.06564317643642426 0.060616590082645416 -0.9522500038146973
v -0.06564317643642426 0.059886641800403595 -0.957481324672699
v -0.06029023230075836 0.06280642002820969 -0.957481324672699
v -0.06564317643642426 0.05514197796583176 -0.9420307874679565
v -0.08656832575798035 0.04540935903787613 -0.9365561604499817
v -0.08827152848243713 0.04455775022506714 -0.9313248991966248
v -0.06029023230075836 0.06085989624261856 -0.9628342390060425
v -0.07379425317049026 0.05514197796583176 -0.9522500038146973
v -0.05505894497036934 0.0643879845738411 -0.957481324672699
v -0.05505894497036934 0.06414466351270676 -0.9628342390060425
v -0.08218864351511002 0.04978903383016586 -0.9417874813079834
v -0.08036377280950546 0.04978903383016586 -0.9470187425613403
v -0.07063114643096924 0.05514197796583176 -0.957481324672699
v -0.08535174280405045 0.04455775022506714 -0.9417874813079834
v -0.0761057510972023 0.0521005317568779 -0.9522500038146973
v -0.05578889325261116 0.06037326902151108 -0.9680655598640442
v -0.049827661365270615 0.0643879845738411 -0.9680655598640442
v -0.049827661365270615 0.06596953421831131 -0.9628342390060425
v -0.04459637403488159 0.06657781451940536 -0.9680655598640442
v -0.04459637403488159 0.06268476694822311 -0.9732968211174011
v -0.03936508670449257 0.06536123901605606 -0.9732968211174011
v -0.03936508670449257 0.06803771108388901 -0.9680655598640442
v -0.034133799374103546 0.06706445664167404 -0.9732968211174011
v 0.07608819007873535 0.04845080524682999 -0.926093578338623
v 0.07085689902305603 0.04893743246793747 -0.926093578338623
v 0.07608819007873535 0.04650428146123886 -0.9208623170852661
v 0.07608819007873535 0.04905908554792404 -0.9313248991966248
v 0.07085689902305603 0.04978903383016586 -0.9279184341430664
v 0.07085689902305603 0.05137059837579727 -0.9313248991966248
v 0.07462829351425171 0.04978903383016586 -0.9365561604499817
v 0.07085689902305603 0.05270882695913315 -0.9365561604499817
v 0.06562560796737671 0.05404707044363022 -0.9365561604499817
v 0.07085689902305603 0.05246550589799881 -0.9417874813079834
v 0.06562560796737671 0.05550695210695267 -0.9417874813079834
v 0.06562560796737671 0.05550695210695267 -0.9470187425613403
v 0.06039433181285858 0.05806177109479904 -0.9470187425613403
v 0.06039433181285858 0.0578184500336647 -0.9522500038146973
v 0.05504138767719269 0.06000829488039017 -0.9522500038146973
v 0.05504138767719269 0.05940001457929611 -0.957481324672699
v 0.06039433181285858 0.056115247309207916 -0.9417874813079834
v 0.06562560796737671 0.05514197796583176 -0.9402059316635132
v 0.05504138767719269 0.05842674523591995 -0.9470187425613403
v 0.05309486389160156 0.06037326902151108 -0.957481324672699
v 0.04981009662151337 0.06073824316263199 -0.9522500038146973
v 0.04981009662151337 0.06158984452486038 -0.957481324672699
v 0.044578805565834045 0.06280642002820969 -0.957481324672699
v 0.044578805565834045 0.06268476694822311 -0.9628342390060425
v 0.03934752941131592 0.06414466351270676 -0.9628342390060425
v 0.03934752941131592 0.06268476694822311 -0.957481324672699
v 0.0341162383556366 0.06487461179494858 -0.9628342390060425
v 0.0341162383556366 0.06463129073381424 -0.9680655598640442
v 0.06039433181285858 0.05514197796583176 -0.9399625658988953
v 0.044578805565834045 0.06000829488039017 -0.9522500038146973
v 0.028884947299957275 0.06487461179494858 -0.9628342390060425
v 0.028884947299957275 0.0656045600771904 -0.9680655598640442
v 0.02365366369485855 0.06450963765382767 -0.9628342390060425
v 0.02365366369485855 0.0656045600771904 -0.9656323790550232
v 0.02365366369485855 0.06633450835943222 -0.9680655598640442
v 0.018422380089759827 0.06669948250055313 -0.9680655598640442
v 0.018422380089759827 0.0656045600771904 -0.96538907289505
v 0.013069435954093933 0.06694278866052628 -0.9680655598640442
v 0.013069435954093933 0.0656045600771904 -0.96538907289505
v 0.007838144898414612 0.0656045600771904 -0.96538907289505
v -0.013086996972560883 0.0656045600771904 -0.9650241136550903
v 0.018422380089759827 0.06377968937158585 -0.9628342390060425
v 0.0341162383556366 0.06171151250600815 -0.957481324672699
v 0.06562560796737671 0.04978903383016586 -0.9302299618721008
v 0.05504138767719269 0.05514197796583176 -0.9423957467079163
v 0.06039433181285858 0.052587173879146576 -0.9365561604499817
v 0.04981009662151337 0.05684519559144974 -0.9470187425613403
v 0.013069435954093933 0.06304974108934402 -0.9628342390060425
v -0.018318280577659607 0.06828103214502335 -0.9680655598640442
v -0.013086996972560883 0.0688893124461174 -0.9732968211174011
v -0.002624422311782837 0.06864600628614426 -0.9732968211174011
v -0.023549571633338928 0.06864600628614426 -0.9732968211174011
v -0.018318280577659607 0.0656045600771904 -0.964537501335144
v -0.023549571633338928 0.06852433830499649 -0.9680655598640442
v -0.028902515769004822 0.0656045600771904 -0.9628342390060425
v -0.028902515769004822 0.06876765936613083 -0.9680655598640442
v -0.034133799374103546 0.06864600628614426 -0.9680655598640442
v -0.034133799374103546 0.06645616143941879 -0.9628342390060425
v -0.03936508670449257 0.06706445664167404 -0.9628342390060425
v 0.013069435954093933 0.06706445664167404 -0.9732968211174011
v 0.03934752941131592 0.06037326902151108 -0.9545615315437317
v -0.034133799374103546 0.0656045600771904 -0.9618610143661499
v -0.03936508670449257 0.0656045600771904 -0.960766077041626
v -0.04459637403488159 0.06694278866052628 -0.9628342390060425
v -0.04459637403488159 0.0656045600771904 -0.9600361585617065
v -0.049827661365270615 0.06463129073381424 -0.957481324672699
v -0.04459637403488159 0.06365803629159927 -0.957481324672699
v 0.07085689902305603 0.04455775022506714 -0.9201323390007019
v 0.07608819007873535 0.04455775022506714 -0.9163609743118286
v 0.08131948113441467 0.0443144366145134 -0.9208623170852661
v 0.08131948113441467 0.043462835252285004 -0.9155093431472778
v 0.08131948113441467 0.04163796454668045 -0.9102780818939209
v 0.07608819007873535 0.04078636318445206 -0.9102780818939209
v 0.08131948113441467 0.039448127150535583 -0.905046820640564
v 0.028884947299957275 0.06037326902151108 -0.9577246308326721
v -0.028902515769004822 0.06803771108388901 -0.9732968211174011
v 0.07608819007873535 0.039326466619968414 -0.908088207244873
v 0.007838144898414612 0.062441445887088776 -0.9628342390060425
v -0.05505894497036934 0.06122487038373947 -0.9522500038146973
v -0.06029023230075836 0.06171151250600815 -0.9522500038146973
v -0.06029023230075836 0.06037326902151108 -0.9500601887702942
v -0.05505894497036934 0.06037326902151108 -0.9512767791748047
v -0.06029023230075836 0.05769679695367813 -0.9470187425613403
v -0.049827661365270615 0.06037326902151108 -0.953101634979248
v -0.04459637403488159 0.06037326902151108 -0.9551697969436646
v 0.02365366369485855 0.06037326902151108 -0.9591845273971558
v 0.044578805565834045 0.05514197796583176 -0.9483569860458374
v 0.07608819007873535 0.03409518301486969 -0.9016403555870056
v -0.06029023230075836 0.05514197796583176 -0.9448289275169373
v 0.0341162383556366 0.06037326902151108 -0.9562647342681885
v 0.018422380089759827 0.06621284037828445 -0.9732968211174011
v -0.007855713367462158 0.06037326902151108 -0.9623476266860962
v -0.05505894497036934 0.05514197796583176 -0.9477486610412598
v 0.08095450699329376 0.04455775022506714 -0.926093578338623
v 0.06562560796737671 0.04455775022506714 -0.9254853129386902
v 0.018422380089759827 0.06037326902151108 -0.9604011178016663
v 0.08131948113441467 0.03664999455213547 -0.8998154997825623
v 0.08131948113441467 0.03409518301486969 -0.8953141570091248
v 0.04981009662151337 0.05514197796583176 -0.9454371929168701
v 0.03934752941131592 0.05708850175142288 -0.9522500038146973
v 0.07085689902305603 0.039326466619968414 -0.9147794246673584
v 0.05504138767719269 0.04978903383016586 -0.9382593631744385
v 0.06039433181285858 0.04978903383016586 -0.9338796734809875
v -0.03936508670449257 0.06037326902151108 -0.9572380185127258
v -0.034133799374103546 0.06037326902151108 -0.958819568157196
v 0.02365366369485855 0.06523958593606949 -0.9732968211174011
v 0.013069435954093933 0.06037326902151108 -0.9612526893615723
v -0.018318280577659607 0.062441445887088776 -0.9628342390060425
v 0.03934752941131592 0.06280642002820969 -0.9680655598640442
v 0.04981009662151337 0.060251615941524506 -0.9628342390060425
v 0.028884947299957275 0.06365803629159927 -0.9732968211174011
v 0.08022455871105194 0.04455775022506714 -0.9313248991966248
v 0.03934752941131592 0.05514197796583176 -0.9512767791748047
v 0.002971835434436798 0.0656045600771904 -0.9785281419754028
v -0.007855713367462158 0.06609118729829788 -0.9785281419754028
v 0.044578805565834045 0.06037326902151108 -0.9680655598640442
v -0.018318280577659607 0.06572621315717697 -0.9785281419754028
v 0.013069435954093933 0.06402301043272018 -0.9785281419754028
v -0.08656832575798035 0.02144276350736618 -0.8683061599731445
v -0.08656832575798035 0.023632608354091644 -0.8745107054710388
v -0.09179960936307907 0.022172711789608 -0.8735374212265015
v -0.09179960936307907 0.023632608354091644 -0.8759706020355225
v -0.08656832575798035 0.02521415799856186 -0.8788903951644897
v -0.09179960936307907 0.02886389195919037 -0.8866764307022095
v -0.08656832575798035 0.02971550077199936 -0.8893529176712036
v -0.09179960936307907 0.03227031230926514 -0.8945842385292053
v -0.08656832575798035 0.03409518301486969 -0.8985989093780518
v -0.09179960936307907 0.0365283340215683 -0.905046820640564
v -0.08656832575798035 0.03750159591436386 -0.905046820640564
v -0.09179960936307907 0.03835320472717285 -0.9102780818939209
v -0.08656832575798035 0.040056414902210236 -0.9102780818939209
v -0.09179960936307907 0.039691440761089325 -0.9155093431472778
v -0.09179960936307907 0.018401317298412323 -0.8669679164886475
v -0.08656832575798035 0.019131265580654144 -0.8630748391151428
v -0.08656832575798035 0.018401317298412323 -0.8612499833106995
v -0.08656832575798035 0.04273288697004318 -0.9155093431472778
v -0.09362447261810303 0.02886389195919037 -0.8893529176712036
v -0.09228624403476715 0.03409518301486969 -0.8998154997825623
v -0.08133703470230103 0.04163796454668045 -0.9155093431472778
v -0.08656832575798035 0.04455775022506714 -0.9208623170852661
v -0.09179960936307907 0.04029972851276398 -0.9208623170852661
v -0.09350281953811646 0.023632608354091644 -0.8788903951644897
v -0.09581431746482849 0.02886389195919037 -0.8945842385292053
v -0.09447608143091202 0.03409518301486969 -0.905046820640564
v -0.09605763107538223 0.023632608354091644 -0.8841216564178467
v -0.09179960936307907 0.013170033693313599 -0.8616149425506592
v -0.08656832575798035 0.016454793512821198 -0.8578435778617859
v -0.08973142504692078 0.013170033693313599 -0.8578435778617859
v -0.08656832575798035 0.013170033693313599 -0.8529772758483887
v -0.09484105557203293 0.018401317298412323 -0.8735374212265015
v -0.0970308929681778 0.024240896105766296 -0.8893529176712036
v -0.09690923988819122 0.02886389195919037 -0.8998154997825623
v -0.09520602971315384 0.03409518301486969 -0.9102780818939209
v -0.0970308929681778 0.026187419891357422 -0.8945842385292053
v -0.09666591882705688 0.018401317298412323 -0.8788903951644897
v -0.09204292297363281 0.039326466619968414 -0.926093578338623
v -0.08827152848243713 0.04455775022506714 -0.926093578338623
v -0.09252955764532089 0.039326466619968414 -0.9208623170852661
v 0.028884947299957275 0.02083447575569153 0.632221519947052
v 0.028884947299957275 0.023632608354091644 0.6357495188713074
v 0.0341162383556366 0.020347848534584045 0.6374527812004089
v 0.0341162383556366 0.023632608354091644 0.6413457989692688
v 0.02900661528110504 0.02886389195919037 0.6426840424537659
v 0.0341162383556366 0.024727530777454376 0.6426840424537659
v 0.0341162383556366 0.028620578348636627 0.6479153037071228
v 0.0320480614900589 0.018401317298412323 0.632221519947052
v 0.028884947299957275 0.018401317298412323 0.6294233202934265
v 0.028884947299957275 0.03409518301486969 0.6505917906761169
v 0.0341162383556366 0.031905338168144226 0.6532682776451111
v 0.03143976628780365 0.03409518301486969 0.6532682776451111
v 0.0341162383556366 0.016211479902267456 0.632221519947052
v 0.0341162383556366 0.013170033693313599 0.6288149952888489
v 0.032656341791152954 0.013170033693313599 0.6269901394844055
v 0.028884947299957275 0.011710137128829956 0.6217588782310486
v 0.0341162383556366 0.011466823518276215 0.6269901394844055
v 0.0341162383556366 0.0069654881954193115 0.6217588782310486
v 0.028884947299957275 0.007817089557647705 0.6170142292976379
v 0.028884947299957275 0.0036807209253311157 0.6112963557243347
v 0.0341162383556366 0.0029507800936698914 0.6165276169776917
v 0.0341162383556366 -0.00021232664585113525 0.6112963557243347
v 0.0341162383556366 0.03725828230381012 0.663730800151825
v 0.028884947299957275 0.035555072128772736 0.6532682776451111
v 0.028884947299957275 0.039326466619968414 0.6610544323921204
v 0.036549389362335205 0.02886389195919037 0.6532682776451111
v 0.028884947299957275 -0.0005773007869720459 0.6007121205329895
v 0.0341162383556366 -0.002402164041996002 0.6059433817863464
v 0.037522658705711365 0.023632608354091644 0.6479153037071228
v 0.03886088728904724 0.03409518301486969 0.6689621806144714
v 0.034359559416770935 0.039326466619968414 0.6689621806144714
v 0.038252606987953186 0.039326466619968414 0.6794247031211853
v 0.035819441080093384 -0.0026454851031303406 0.6112963557243347
v 0.03679271042346954 0.0025858059525489807 0.6217588782310486
v 0.03630608320236206 0.007817089557647705 0.6269901394844055
v 0.03594110906124115 0.013170033693313599 0.632221519947052
v 0.03934752941131592 0.018401317298412323 0.6463337540626526
v 0.03934752941131592 0.027160681784152985 0.658499538898468
v 0.037887632846832275 -0.007876768708229065 0.6059433817863464
v 0.04336223006248474 0.03409518301486969 0.6846559643745422
v 0.03922586143016815 -0.0026454851031303406 0.6217588782310486
v 0.04336223006248474 0.02886389195919037 0.6741934418678284
v 0.03934752941131592 -0.007876768708229065 0.6143377423286438
v 0.04263228178024292 0.023632608354091644 0.663730800151825
v 0.04153735935688019 0.018401317298412323 0.6532682776451111
v 0.04470047354698181 0.02886389195919037 0.6794247031211853
v 0.04445715248584747 0.03409518301486969 0.6898872256278992
v 0.04336223006248474 0.039326466619968414 0.7004714608192444
v 0.046282023191452026 0.03409518301486969 0.7004714608192444
v 0.04652532935142517 0.023632608354091644 0.6794247031211853
v 0.0431189239025116 0.013170033693313599 0.6532682776451111
v 0.04019913077354431 0.007817089557647705 0.6374527812004089
v 0.04080742597579956 -0.007876768708229065 0.6217588782310486
v 0.048350200057029724 0.02886389195919037 0.7004714608192444
v 0.048350200057029724 0.023632608354091644 0.6898872256278992
v 0.04786357283592224 0.018401317298412323 0.6794247031211853
v 0.04737694561481476 0.03409518301486969 0.7109341025352478
v 0.044578805565834045 0.039326466619968414 0.7109341025352478
v 0.03934752941131592 0.04248957335948944 0.6952401995658875
v 0.03934752941131592 0.043462835252285004 0.7004714608192444
v 0.0341162383556366 0.042976200580596924 0.6794247031211853
v 0.03934752941131592 0.04455775022506714 0.7109341025352478
v 0.03934752941131592 0.04480107128620148 0.7372121214866638
v 0.044578805565834045 0.04029972851276398 0.7372121214866638
v 0.04506544768810272 0.039326466619968414 0.7213966250419617
v 0.028884947299957275 -0.004956983029842377 0.4800274968147278
v 0.03289966285228729 -0.007876768708229065 0.4800274968147278
v 0.030101537704467773 -0.007876768708229065 0.38562101125717163
v 0.028884947299957275 -0.004470348358154297 0.5482775568962097
v 0.028884947299957275 -0.007025167346000671 0.38562101125717163
v 0.0341162383556366 -0.007390141487121582 0.5693243145942688
v 0.028884947299957275 -0.0032537728548049927 0.5797869563102722
v 0.0341162383556366 -0.0065385326743125916 0.5850182175636292
v 0.028884947299957275 -0.0025238245725631714 0.5902494788169861
v 0.028884947299957275 -0.008971691131591797 0.33841782808303833
v 0.0341162383556366 -0.005200296640396118 0.5954808592796326
v 0.030588164925575256 -0.0026454851031303406 0.5954808592796326
v 0.03448121249675751 -0.01310805231332779 0.3646959662437439
v 0.03350794315338135 -0.01310805231332779 0.3331865668296814
v 0.03168308734893799 -0.01310805231332779 0.29121464490890503
v 0.028884947299957275 -0.011404849588871002 0.2807520031929016
v 0.029249921441078186 -0.01310805231332779 0.2544739842414856
v 0.0341162383556366 -0.01773105189204216 0.26493650674819946
v 0.03314296901226044 -0.01833934336900711 0.22819584608078003
v 0.028884947299957275 -0.015176240354776382 0.21250194311141968
v 0.028884947299957275 -0.0179743692278862 0.14425188302993774
v 0.029858216643333435 -0.01833934336900711 0.15483611822128296
v 0.03557613492012024 -0.007876768708229065 0.5902494788169861
v 0.033751264214515686 -0.023570626974105835 0.14425188302993774
v 0.028884947299957275 -0.018582656979560852 0.10751122236251831
v 0.03350794315338135 -0.023570626974105835 0.12332683801651001
v 0.03289966285228729 -0.023570626974105835 0.02879863977432251
v 0.0341162383556366 -0.008971691131591797 0.49584299325942993
v 0.0341162383556366 -0.021137472242116928 0.21250194311141968
v 0.036914363503456116 -0.007876768708229065 0.6007121205329895
v 0.03180474042892456 -0.023570626974105835 -0.060376524925231934
v 0.028884947299957275 -0.020407523959875107 -0.04979228973388672
v 0.028884947299957275 -0.020894154906272888 -0.08653295040130615
v 0.034359559416770935 -0.028801914304494858 -0.11281102895736694
v 0.037522658705711365 -0.01310805231332779 0.5745556950569153
v 0.036549389362335205 -0.01310805231332779 0.5010743737220764
v 0.03131811320781708 -0.023570626974105835 -0.18106108903884888
v 0.028884947299957275 -0.020894154906272888 -0.14432042837142944
v 0.03423789143562317 -0.028801914304494858 -0.17047685384750366
v 0.03046649694442749 -0.023570626974105835 -0.3017456531524658
v 0.033629611134529114 -0.028801914304494858 -0.28593015670776367
v 0.03460286557674408 -0.028801914304494858 -0.4276614785194397
v 0.03545448184013367 -0.01833934336900711 0.3016771674156189
v 0.038252606987953186 -0.01310805231332779 0.5902494788169861
v 0.036549389362335205 -0.01833934336900711 0.3593429923057556
v 0.03216971457004547 -0.023570626974105835 -0.4328927993774414
v 0.03241303563117981 -0.023570626974105835 -0.5325305461883545
v 0.03484618663787842 -0.028801914304494858 -0.5535773038864136
v 0.03557613492012024 -0.023570626974105835 0.22819584608078003
v 0.03642773628234863 -0.023570626974105835 0.2701677680015564
v 0.0353328138589859 -0.028801914304494858 0.039382874965667725
v 0.03557613492012024 -0.028801914304494858 0.11809545755386353
v 0.036914363503456116 -0.028801914304494858 0.2177332043647766
v 0.0377659797668457 -0.01833934336900711 0.4695649743080139
v 0.03898255527019501 -0.01310805231332779 0.6007121205329895
v 0.03180474042892456 -0.023570626974105835 -0.6060118675231934
v 0.037279337644577026 -0.023570626974105835 0.31737107038497925
v 0.036914363503456116 -0.03415485844016075 0.02879863977432251
v 0.03667105734348297 -0.03415485844016075 -0.028867125511169434
v 0.03594110906124115 -0.03415485844016075 -0.17047685384750366
v 0.03545448184013367 -0.03415485844016075 -0.2334955930709839
v 0.03594110906124115 -0.03415485844016075 -0.38568955659866333
v 0.03423789143562317 -0.028801914304494858 -0.6112431287765503
v 0.03350794315338135 -0.028801914304494858 -0.6742619276046753
v 0.037522658705711365 -0.028801914304494858 0.26493650674819946
v 0.038252606987953186 -0.01833934336900711 0.5378150343894958
v 0.03886088728904724 -0.01833934336900711 0.5797869563102722
v 0.03119644522666931 -0.023570626974105835 -0.6951870918273926
v 0.033021315932273865 -0.028801914304494858 -0.7162338495254517
v 0.03107479214668274 -0.023570626974105835 -0.7162338495254517
v 0.03703603148460388 -0.03415485844016075 0.15483611822128296
v 0.036184415221214294 -0.03415485844016075 -0.5535773038864136
v 0.035089507699012756 -0.03415485844016075 -0.6427525281906128
v 0.034359559416770935 -0.03415485844016075 -0.7004183530807495
v 0.03192639350891113 -0.028801914304494858 -0.7528528571128845
v 0.03046649694442749 -0.023570626974105835 -0.7423902750015259
v 0.03192639350891113 -0.028801914304494858 -0.7686683535575867
v 0.03800928592681885 -0.028801914304494858 0.31737107038497925
v 0.0308314710855484 -0.023570626974105835 -0.7686683535575867
v 0.0398341566324234 -0.01833934336900711 0.6007121205329895
v 0.028154999017715454 -0.01833934336900711 -0.7476215362548828
v 0.028884947299957275 -0.01833934336900711 -0.7686683535575867
v 0.036914363503456116 -0.039386145770549774 -0.17047685384750366
v 0.037522658705711365 -0.039386145770549774 -0.055145263671875
v 0.03642773628234863 -0.039386145770549774 -0.28069883584976196
v 0.03253468871116638 -0.028801914304494858 -0.7791309356689453
v 0.0386175811290741 -0.023570626974105835 0.4591023325920105
v 0.03764431178569794 -0.039386145770549774 0.007873475551605225
v 0.03253468871116638 -0.03415485844016075 -0.7528528571128845
v 0.03667105734348297 -0.039386145770549774 -0.39092081785202026
v 0.038252606987953186 -0.028801914304494858 0.3646959662437439
v 0.029493242502212524 -0.01833934336900711 -0.7738996744155884
v 0.03192639350891113 -0.023570626974105835 -0.7791309356689453
v 0.03314296901226044 -0.028801914304494858 -0.7843621969223022
v 0.037887632846832275 -0.03415485844016075 0.2492426037788391
v 0.04007747769355774 -0.01310805231332779 0.6112963557243347
v 0.04153735935688019 -0.01310805231332779 0.6217588782310486
v 0.03679271042346954 -0.039386145770549774 -0.5272992849349976
v 0.040685757994651794 -0.01833934336900711 0.6112963557243347
v 0.03046649694442749 -0.01833934336900711 -0.7791309356689453
v 0.033021315932273865 -0.023570626974105835 -0.7843621969223022
v 0.042753949761390686 0.0025858059525489807 0.6426840424537659
v 0.04336223006248474 -0.0026454851031303406 0.6426840424537659
v 0.044213831424713135 0.013170033693313599 0.658499538898468
v 0.044578805565834045 0.0025858059525489807 0.654363214969635
v 0.044822126626968384 0.007817089557647705 0.658499538898468
v 0.0464036762714386 0.013170033693313599 0.6689621806144714
v 0.04652532935142517 0.007817089557647705 0.6689621806144714
v 0.04822854697704315 0.013170033693313599 0.6794247031211853
v 0.0488368421792984 0.013170033693313599 0.6846559643745422
v 0.04920180141925812 0.018401317298412323 0.6898872256278992
v 0.0341162383556366 -0.028801914304494858 -0.789593517780304
v 0.04993174970149994 0.018401317298412323 0.7004714608192444
v 0.04956677556037903 0.023632608354091644 0.7004714608192444
v 0.03448121249675751 -0.023570626974105835 -0.789593517780304
v 0.03229136765003204 -0.01833934336900711 -0.7843621969223022
v 0.03448121249675751 -0.01833934336900711 -0.789593517780304
v 0.03667105734348297 -0.023570626974105835 -0.7948248386383057
v 0.0341162383556366 -0.01310805231332779 -0.7905668020248413
v 0.03460286557674408 -0.06031129136681557 -0.19675493240356445
v 0.0332646369934082 -0.06031129136681557 -0.39092081785202026
v 0.03521116077899933 -0.055080004036426544 -0.396152138710022
v 0.03229136765003204 -0.06031129136681557 -0.4538179039955139
v 0.03460286557674408 -0.055080004036426544 -0.4800960421562195
v 0.03448121249675751 -0.055080004036426544 -0.5377618074417114
v 0.03168308734893799 -0.06031129136681557 -0.5220679640769958
v 0.03229136765003204 -0.06031129136681557 -0.5955492854118347
v 0.03460286557674408 -0.055080004036426544 -0.6060118675231934
v 0.03216971457004547 -0.06031129136681557 -0.616474449634552
v 0.0341162383556366 -0.055080004036426544 -0.6479837894439697
v 0.030953139066696167 -0.06031129136681557 -0.6794931888580322
v 0.03314296901226044 -0.055080004036426544 -0.6899557709693909
v 0.028884947299957275 -0.06031129136681557 -0.7162338495254517
v 0.03107479214668274 -0.055080004036426544 -0.7266964316368103
v 0.028884947299957275 -0.055080004036426544 -0.7586924433708191
v 0.036184415221214294 -0.055080004036426544 -0.19675493240356445
v 0.035089507699012756 -0.06031129136681557 -0.013173282146453857
v 0.036914363503456116 -0.055080004036426544 -0.013173282146453857
v 0.03667105734348297 -0.055080004036426544 0.039382874965667725
v 0.03496783971786499 -0.06031129136681557 0.013104856014251709
v 0.0341162383556366 -0.06031129136681557 0.06030803918838501
v 0.03594110906124115 -0.055080004036426544 0.08658617734909058
v 0.03496783971786499 -0.055080004036426544 0.1390206217765808
v 0.03229136765003204 -0.04984872043132782 -0.731927752494812
v 0.03046649694442749 -0.04984872043132782 -0.7634370923042297
v 0.028884947299957275 -0.0524035319685936 -0.7738996744155884
v 0.03569778800010681 -0.04984872043132782 -0.5849650502204895
v 0.03557613492012024 -0.04984872043132782 -0.6112431287765503
v 0.03594110906124115 -0.04984872043132782 -0.4276614785194397
v 0.03679271042346954 -0.04984872043132782 0.11286419630050659
v 0.036184415221214294 -0.04984872043132782 0.18099254369735718
v 0.03423789143562317 -0.04984872043132782 -0.6899557709693909
v 0.037157684564590454 -0.0446174331009388 0.1705300211906433
v 0.03594110906124115 -0.04984872043132782 0.23342710733413696
v 0.03703603148460388 -0.0446174331009388 0.26493650674819946
v 0.03764431178569794 -0.04984872043132782 -0.0025890469551086426
v 0.033629611134529114 -0.0446174331009388 -0.7214651107788086
v 0.036549389362335205 -0.04984872043132782 -0.24918943643569946
v 0.035089507699012756 -0.0446174331009388 -0.6794931888580322
v 0.03131811320781708 -0.0446174331009388 -0.7686683535575867
v 0.029736563563346863 -0.04984872043132782 -0.7843621969223022
v 0.03764431178569794 -0.0446174331009388 0.06553930044174194
v 0.036184415221214294 -0.0446174331009388 -0.6060118675231934
v 0.03642773628234863 -0.0446174331009388 -0.5588086247444153
v 0.03642773628234863 -0.0446174331009388 -0.44335538148880005
v 0.03764431178569794 -0.039386145770549774 0.1914551854133606
v 0.0377659797668457 -0.039386145770549774 0.2701677680015564
v 0.03764431178569794 -0.039386145770549774 0.3331865668296814
v 0.03679271042346954 -0.0446174331009388 -0.24395817518234253
v 0.038130953907966614 -0.03415485844016075 0.322723925113678
v 0.03800928592681885 -0.03415485844016075 0.37515848875045776
v 0.03740100562572479 -0.039386145770549774 0.10751122236251831
v 0.037157684564590454 -0.039386145770549774 0.37515848875045776
v 0.03703603148460388 -0.039386145770549774 0.4328243136405945
v 0.03484618663787842 -0.039386145770549774 -0.6951870918273926
v 0.036549389362335205 -0.039386145770549774 -0.5745024681091309
v 0.03289966285228729 -0.039386145770549774 -0.7423902750015259
v 0.03192639350891113 -0.039386145770549774 -0.7686683535575867
v 0.03143976628780365 -0.0446174331009388 -0.789593517780304
v 0.037887632846832275 -0.0446174331009388 -0.018404603004455566
v 0.037279337644577026 -0.0446174331009388 -0.11281102895736694
v 0.038252606987953186 -0.03415485844016075 0.4434085488319397
v 0.03873923420906067 -0.028801914304494858 0.4434085488319397
v 0.0377659797668457 -0.03415485844016075 0.5219995379447937
v 0.03849591314792633 -0.028801914304494858 0.5430462956428528
v 0.03800928592681885 -0.03415485844016075 0.5639714598655701
v 0.03873923420906067 -0.023570626974105835 0.5430462956428528
v 0.03910420835018158 -0.023570626974105835 0.5693243145942688
v 0.03886088728904724 -0.028801914304494858 0.5693243145942688
v 0.04007747769355774 -0.023570626974105835 0.6007121205329895
v 0.04007747769355774 -0.028801914304494858 0.6112963557243347
v 0.04092907905578613 -0.023570626974105835 0.6165276169776917
v 0.03886088728904724 -0.03415485844016075 0.6059433817863464
v 0.03229136765003204 -0.03415485844016075 -0.7738996744155884
v 0.03253468871116638 -0.03415485844016075 -0.7791309356689453
v 0.032656341791152954 -0.039386145770549774 -0.789593517780304
v 0.04348389804363251 -0.007876768708229065 0.6426840424537659
v 0.0431189239025116 -0.01310805231332779 0.6426840424537659
v 0.044578805565834045 -0.0031321123242378235 0.658499538898468
v 0.04397052526473999 -0.007876768708229065 0.658499538898468
v 0.04129405319690704 -0.023570626974105835 0.6269901394844055
v 0.04019913077354431 -0.028801914304494858 0.6217588782310486
v 0.04336223006248474 -0.007876768708229065 0.6689621806144714
v 0.04129405319690704 -0.023570626974105835 0.6374527812004089
v 0.04214565455913544 -0.01833934336900711 0.6479153037071228
v 0.03350794315338135 -0.03415485844016075 -0.789593517780304
v 0.032656341791152954 -0.039386145770549774 -0.7948248386383057
v 0.036549389362335205 -0.0446174331009388 0.3331865668296814
v 0.03557613492012024 -0.0446174331009388 0.38562101125717163
v 0.044578805565834045 -0.0036187469959259033 0.663730800151825
v 0.04725527763366699 0.007817089557647705 0.6741934418678284
v 0.04774191975593567 0.007817089557647705 0.6794247031211853
v 0.047985225915908813 0.007817089557647705 0.6898872256278992
v 0.049323469400405884 0.013170033693313599 0.7004714608192444
v 0.05066169798374176 0.018401317298412323 0.7424435019493103
v 0.05066169798374176 0.023632608354091644 0.7266278862953186
v 0.049445122480392456 0.013170033693313599 0.7529060244560242
v 0.0488368421792984 0.013170033693313599 0.8788219094276428
v 0.044578805565834045 -0.003375433385372162 0.6689621806144714
v 0.050053417682647705 0.018401317298412323 0.8892844319343567
v 0.047985225915908813 0.013170033693313599 0.973228394985199
v 0.049323469400405884 0.018401317298412323 0.973228394985199
v 0.050783365964889526 0.023632608354091644 0.8788219094276428
v 0.05017507076263428 0.023632608354091644 0.9575344920158386
v 0.0509050190448761 0.023632608354091644 0.7791841626167297
v 0.04981009662151337 0.023267634212970734 0.973228394985199
v 0.04920180141925812 0.023632608354091644 0.9838126301765442
v 0.048715174198150635 0.018401317298412323 0.9838126301765442
v 0.03667105734348297 -0.039386145770549774 0.4800274968147278
v 0.03630608320236206 -0.039386145770549774 0.5430462956428528
v 0.03545448184013367 -0.04984872043132782 0.27539902925491333
v 0.04749859869480133 0.013170033693313599 0.9838126301765442
v 0.037157684564590454 -0.039386145770549774 0.5954808592796326
v 0.04092907905578613 -0.023570626974105835 0.6426840424537659
v 0.05017507076263428 0.02886389195919037 0.9627657532691956
v 0.03873923420906067 -0.03415485844016075 0.6165276169776917
v 0.049688443541526794 0.02886389195919037 0.9784596562385559
v 0.0308314710855484 -0.0446174331009388 -0.7948248386383057
v 0.033994585275650024 -0.03415485844016075 -0.7948248386383057
v 0.03216971457004547 -0.039386145770549774 -0.8001777529716492
v 0.04774191975593567 0.007817089557647705 0.7004714608192444
v 0.04737694561481476 0.007817089557647705 0.7109341025352478
v 0.0398341566324234 -0.028801914304494858 0.632221519947052
v 0.042753949761390686 -0.007876768708229065 0.6741934418678284
v 0.05066169798374176 0.02886389195919037 0.8578967452049255
v 0.04713362455368042 0.007817089557647705 0.7319808602333069
v 0.03934752941131592 -0.030748441815376282 0.6269901394844055
v 0.03837426006793976 -0.03415485844016075 0.6217588782310486
v 0.045917049050331116 0.007817089557647705 0.9784596562385559
v 0.04567372798919678 0.007817089557647705 0.9838126301765442
v 0.04701197147369385 0.007817089557647705 0.8683592677116394
v 0.049080148339271545 0.02886389195919037 0.9838126301765442
v 0.03934752941131592 -0.02892357110977173 0.6374527812004089
v 0.04092907905578613 -0.01833934336900711 0.658499538898468
v 0.04810689389705658 0.023632608354091644 0.9890438914299011
v 0.0476202517747879 0.018401317298412323 0.9890438914299011
v 0.03521116077899933 -0.028801914304494858 -0.7948248386383057
v 0.034359559416770935 -0.03415485844016075 -0.8001777529716492
v 0.033751264214515686 -0.055080004036426544 0.2020394206047058
v 0.0341162383556366 -0.0536201111972332 0.24401134252548218
v 0.0341162383556366 -0.035736411809921265 -0.8054090142250061
v 0.049445122480392456 0.03409518301486969 0.973228394985199
v 0.0341162383556366 -0.04546903818845749 0.4591023325920105
v 0.0341162383556366 -0.05021369457244873 0.33841782808303833
v 0.046282023191452026 0.013170033693313599 0.9890438914299011
v 0.03642773628234863 -0.039386145770549774 0.6112963557243347
v 0.04348389804363251 -0.0026454851031303406 0.6898872256278992
v 0.03971250355243683 -0.01833934336900711 0.663730800151825
v 0.042024001479148865 -0.007876768708229065 0.6794247031211853
v 0.044578805565834045 0.002707459032535553 0.8840531706809998
v 0.044578805565834045 0.0024641454219818115 0.7948779463768005
v 0.037887632846832275 -0.03415485844016075 0.6269901394844055
v 0.028884947299957275 -0.05057866498827934 -0.789593517780304
v 0.03387291729450226 -0.0446174331009388 0.5010743737220764
v 0.04348389804363251 0.0025858059525489807 0.973228394985199
v 0.044578805565834045 0.0018558576703071594 0.7057028412818909
v 0.0341162383556366 -0.047537222504615784 0.38562101125717163
v 0.036914363503456116 -0.03415485844016075 0.632221519947052
v 0.0341162383556366 -0.05094363912940025 0.31737107038497925
v 0.04774191975593567 0.02886389195919037 0.9890438914299011
v 0.044578805565834045 0.007817089557647705 0.988070547580719
v 0.044578805565834045 0.0029507800936698914 0.7266278862953186
v 0.03849591314792633 -0.028801914304494858 0.6426840424537659
v 0.03934752941131592 -0.0212591290473938 0.658499538898468
v 0.044578805565834045 0.008547037839889526 0.9890438914299011
v 0.03350794315338135 -0.0446174331009388 0.5378150343894958
v 0.03423789143562317 -0.0446174331009388 0.5745556950569153
v 0.04287560284137726 0.0025858059525489807 0.9838126301765442
v 0.041780680418014526 -0.0026454851031303406 0.8368499875068665
v 0.028884947299957275 -0.04522572085261345 -0.8001777529716492
v 0.028884947299957275 -0.048510484397411346 -0.7948248386383057
v 0.03934752941131592 -0.014202974736690521 0.6741934418678284
v 0.04129405319690704 -0.007876768708229065 0.6846559643745422
v 0.041415706276893616 -0.0026454851031303406 0.9050999283790588
v 0.03995580971240997 -0.0026454851031303406 0.9679970145225525
v 0.04251062870025635 -0.0026454851031303406 0.7004714608192444
v 0.03934752941131592 -0.005565270781517029 0.7161653637886047
v 0.0341162383556366 -0.05605326592922211 0.14948326349258423
v 0.03934752941131592 -0.016636133193969727 0.6689621806144714
v 0.041415706276893616 -0.0026454851031303406 0.7476747632026672
v 0.03143976628780365 -0.039386145770549774 -0.8054090142250061
v 0.026816770434379578 -0.055080004036426544 -0.7791309356689453
v 0.03569778800010681 -0.039386145770549774 0.6165276169776917
v 0.0341162383556366 -0.0446174331009388 0.5902494788169861
v 0.0341162383556366 -0.061406210064888 -0.13373619318008423
v 0.03070981800556183 -0.04984872043132782 0.4434085488319397
v 0.03703603148460388 -0.028801914304494858 -0.8001777529716492
v 0.0353328138589859 -0.03415485844016075 -0.8054090142250061
v 0.03557613492012024 -0.03415485844016075 0.6374527812004089
v 0.0341162383556366 -0.043279197067022324 0.6059433817863464
v 0.03934752941131592 -0.005200296640396118 0.7266278862953186
v 0.03934752941131592 -0.00909334421157837 0.6898872256278992
v 0.03289966285228729 -0.055080004036426544 0.2544739842414856
v 0.0341162383556366 -0.06164952740073204 0.002642214298248291
v 0.03934752941131592 -0.00580858439207077 0.7685999274253845
v 0.03934752941131592 -0.005321957170963287 0.9155625700950623
v 0.026086822152137756 -0.055080004036426544 -0.7843621969223022
v 0.037887632846832275 -0.007876768708229065 0.8631280064582825
v 0.03934752941131592 -0.0026454851031303406 0.9784596562385559
v 0.03873923420906067 -0.007876768708229065 0.7004714608192444
v 0.0341162383556366 -0.039994433522224426 0.6217588782310486
v 0.04056410491466522 0.0025858059525489807 0.9890438914299011
v 0.0341162383556366 -0.04242759197950363 0.6112963557243347
v 0.02791169285774231 -0.04984872043132782 -0.7948248386383057
v 0.038130953907966614 -0.01833934336900711 0.6689621806144714
v 0.03934752941131592 -0.00179387629032135 0.9838126301765442
v 0.0320480614900589 -0.06031129136681557 0.11286419630050659
v 0.036914363503456116 -0.028801914304494858 0.6479153037071228
v 0.0341162383556366 -0.0380479097366333 -0.8106403350830078
v 0.028884947299957275 -0.04279256612062454 -0.8054090142250061
v 0.028884947299957275 -0.04169764369726181 -0.8106403350830078
v 0.03934752941131592 -0.023570626974105835 -0.7995694875717163
v 0.03934752941131592 -0.02928854525089264 -0.8054090142250061
v 0.03934752941131592 -0.01833934336900711 -0.7968930006027222
v 0.0341162383556366 -0.03865619748830795 0.6269901394844055
v 0.028884947299957275 -0.06201450154185295 -0.6899557709693909
v 0.037522658705711365 -0.007876768708229065 0.763368546962738
v 0.03679271042346954 -0.007876768708229065 0.7319808602333069
v 0.03764431178569794 -0.007876768708229065 0.7109341025352478
v 0.033386290073394775 -0.03415485844016075 0.6426840424537659
v 0.028884947299957275 -0.06286610662937164 -0.668908953666687
v 0.036184415221214294 -0.007876768708229065 0.9418405890464783
v 0.029858216643333435 -0.06554257869720459 -0.20198625326156616
v 0.028884947299957275 -0.06006797403097153 0.18099254369735718
v 0.0341162383556366 -0.01833934336900711 0.6771132349967957
v 0.028884947299957275 -0.06408268213272095 -0.43812406063079834
v 0.028884947299957275 -0.06310942023992538 -0.5483460426330566
v 0.028884947299957275 -0.06493429094552994 -0.396152138710022
v 0.028884947299957275 -0.06627252697944641 -0.19675493240356445
v 0.028884947299957275 -0.06371770799160004 -0.590317964553833
v 0.0341162383556366 -0.010553240776062012 0.9155625700950623
v 0.024626925587654114 -0.055080004036426544 -0.789593517780304
v 0.028884947299957275 -0.04972705990076065 0.47479623556137085
v 0.028884947299957275 -0.04899711161851883 0.5010743737220764
v 0.0341162383556366 -0.023570626974105835 0.6660423874855042
v 0.0377659797668457 -0.023570626974105835 0.658499538898468
v 0.0341162383556366 -0.02941020578145981 0.6532682776451111
v 0.02365366369485855 -0.06031129136681557 -0.758205771446228
v 0.02365366369485855 -0.05702652782201767 -0.7843621969223022
v 0.029858216643333435 -0.055080004036426544 0.31737107038497925
v 0.0341162383556366 -0.007876768708229065 0.9728633761405945
v 0.03703603148460388 -0.01310805231332779 0.6846559643745422
v 0.0341162383556366 -0.011161528527736664 0.8105718493461609
v 0.028884947299957275 -0.05836476385593414 0.2544739842414856
v 0.028884947299957275 -0.04875379800796509 0.5639714598655701
v 0.02693842351436615 -0.0446174331009388 -0.8054090142250061
v 0.028884947299957275 -0.0659075528383255 -0.08130168914794922
v 0.0341162383556366 -0.011161528527736664 0.8578967452049255
v 0.04409217834472656 -0.023570626974105835 -0.8054090142250061
v 0.0341162383556366 -0.007268480956554413 0.9784596562385559
v 0.028884947299957275 -0.055080004036426544 0.3331865668296814
v 0.028884947299957275 -0.05289016664028168 0.38562101125717163
v 0.0341162383556366 -0.006416872143745422 0.9838126301765442
v 0.0341162383556366 -0.013716347515583038 0.6898872256278992
v 0.0341162383556366 -0.011283189058303833 0.7057028412818909
v 0.0341162383556366 -0.00982329249382019 0.9364877343177795
v 0.03253468871116638 -0.0446174331009388 0.6059433817863464
v 0.028884947299957275 -0.06529926508665085 0.03415161371231079
v 0.0341162383556366 -0.010066613554954529 0.7213966250419617
v 0.0341162383556366 -0.010553240776062012 0.763368546962738
v 0.03107479214668274 -0.0446174331009388 0.6112963557243347
v 0.028884947299957275 -0.0659075528383255 -0.018404603004455566
v 0.02365366369485855 -0.05349845439195633 -0.7948248386383057
v 0.02365366369485855 -0.055809952318668365 -0.789593517780304
v 0.03934752941131592 -0.03415485844016075 -0.8106403350830078
v 0.028884947299957275 -0.04863213747739792 0.5797869563102722
v 0.04725527763366699 -0.01833934336900711 -0.8054090142250061
v 0.028884947299957275 -0.06298775970935822 0.10227996110916138
v 0.03484618663787842 -0.0026454851031303406 0.9890438914299011
v 0.02365366369485855 -0.04984872043132782 -0.8006643652915955
v 0.02365366369485855 -0.04692893102765083 -0.8054090142250061
v 0.028884947299957275 -0.04802384972572327 0.5954808592796326
v 0.044578805565834045 0.013170033693313599 0.9907470345497131
v 0.044578805565834045 0.018401317298412323 0.9919636845588684
v 0.028884947299957275 -0.0446174331009388 0.6166492104530334
v 0.02365366369485855 -0.04473908990621567 -0.8106403350830078
v 0.02365366369485855 -0.06396102905273438 -0.7056496143341064
v 0.028884947299957275 -0.04157598689198494 0.6269901394844055
v 0.028884947299957275 -0.04668561369180679 0.6059433817863464
v 0.028884947299957275 -0.039872776716947556 0.632221519947052
v 0.02365366369485855 -0.06481263041496277 -0.6847244501113892
v 0.02414029836654663 -0.06554257869720459 -0.6217057108879089
v 0.02365366369485855 -0.06542091816663742 -0.5483460426330566
v 0.02365366369485855 -0.06578589230775833 -0.5955492854118347
v 0.02365366369485855 -0.0659075528383255 -0.4538179039955139
v 0.02365366369485855 -0.06688081473112106 -0.38568955659866333
v 0.02365366369485855 -0.05252519249916077 0.44863981008529663
v 0.018422380089759827 -0.060189634561538696 -0.7738996744155884
v 0.018422380089759827 -0.05885139852762222 -0.7843621969223022
v 0.018422380089759827 -0.05763481929898262 -0.789593517780304
v 0.02365366369485855 -0.05495834723114967 0.36992722749710083
v 0.018422380089759827 -0.06298775970935822 -0.7423902750015259
v 0.018422380089759827 -0.055323321372270584 -0.7948248386383057
v 0.018422380089759827 -0.051916901022195816 -0.8001777529716492
v 0.02365366369485855 -0.05094363912940025 0.4800274968147278
v 0.02365366369485855 -0.04984872043132782 0.5430462956428528
v 0.02365366369485855 -0.06006797403097153 0.24401134252548218
v 0.02365366369485855 -0.06152787059545517 0.18099254369735718
v 0.02365366369485855 -0.05653990060091019 0.32795530557632446
v 0.02365366369485855 -0.04984872043132782 0.5693243145942688
v 0.02365366369485855 -0.04838882386684418 0.6007121205329895
v 0.02365366369485855 -0.04924042895436287 0.5902494788169861
v 0.044578805565834045 0.04978903383016586 0.97249835729599
v 0.044578805565834045 0.04455775022506714 0.9816227555274963
v 0.04676865041255951 0.04455775022506714 0.973228394985199
v 0.04263228178024292 0.04978903383016586 0.9784596562385559
v 0.04056410491466522 0.05514197796583176 0.973228394985199
v 0.03934752941131592 0.05392540246248245 0.9784596562385559
v 0.041415706276893616 0.05514197796583176 0.9679970145225525
v 0.044578805565834045 0.05064065009355545 0.9679970145225525
v 0.044578805565834045 0.039326466619968414 0.9883139729499817
v 0.045552074909210205 0.04455775022506714 0.9784596562385559
v 0.0464036762714386 0.039326466619968414 0.9838126301765442
v 0.04652532935142517 0.03409518301486969 0.9890438914299011
v 0.0476202517747879 0.039326466619968414 0.9784596562385559
v 0.04822854697704315 0.03409518301486969 0.9838126301765442
v 0.04847186803817749 0.039326466619968414 0.973228394985199
v 0.049080148339271545 0.03409518301486969 0.9784596562385559
v 0.04713362455368042 0.04455775022506714 0.9679970145225525
v 0.049445122480392456 0.03409518301486969 0.973228394985199
v 0.044578805565834045 0.05027567595243454 0.9470719695091248
v 0.04676865041255951 0.04455775022506714 0.9155625700950623
v 0.04847186803817749 0.039326466619968414 0.9103313088417053
v 0.048715174198150635 0.039326466619968414 0.9575344920158386
v 0.046160370111465454 0.04455775022506714 0.8840531706809998
v 0.04810689389705658 0.039326466619968414 0.8578967452049255
v 0.04981009662151337 0.03373020887374878 0.8735906481742859
v 0.049080148339271545 0.03409518301486969 0.8001092076301575
v 0.04725527763366699 0.039326466619968414 0.8105718493461609
v 0.048350200057029724 0.03409518301486969 0.7529060244560242
v 0.050418391823768616 0.02886389195919037 0.7948779463768005
v 0.04981009662151337 0.02886389195919037 0.7319808602333069
v 0.04786357283592224 0.03409518301486969 0.7213966250419617
v 0.04920180141925812 0.02886389195919037 0.7109341025352478
v 0.04737694561481476 0.03409518301486969 0.7109341025352478
v 0.05066169798374176 0.02886389195919037 0.8578967452049255
v 0.049688443541526794 0.03409518301486969 0.9523032307624817
v 0.048350200057029724 0.02886389195919037 0.7004714608192444
v 0.0443354994058609 0.04978903383016586 0.9207938313484192
v 0.04956677556037903 0.023632608354091644 0.7004714608192444
v 0.05066169798374176 0.023632608354091644 0.7266278862953186
v 0.048350200057029724 0.023632608354091644 0.6898872256278992
v 0.0509050190448761 0.023632608354091644 0.7791841626167297
v 0.05017507076263428 0.02886389195919037 0.9627657532691956
v 0.04543042182922363 0.039326466619968414 0.7476747632026672
v 0.04506544768810272 0.039326466619968414 0.7213966250419617
v 0.044578805565834045 0.04589598625898361 0.8578967452049255
v 0.044578805565834045 0.039326466619968414 0.7109341025352478
v 0.049688443541526794 0.02886389195919037 0.9784596562385559
v 0.049080148339271545 0.02886389195919037 0.9838126301765442
v 0.04774191975593567 0.02886389195919037 0.9890438914299011
v 0.044578805565834045 0.04188127815723419 0.7844154238700867
v 0.04348389804363251 0.04455775022506714 0.805340588092804
v 0.044578805565834045 0.04029972851276398 0.7372121214866638
v 0.04019913077354431 0.05514197796583176 0.9418405890464783
v 0.03934752941131592 0.055020324885845184 0.9260250926017761
v 0.04251062870025635 0.04978903383016586 0.8840531706809998
v 0.040320783853530884 0.04455775022506714 0.7581372857093811
v 0.03946918249130249 0.04978903383016586 0.8420812487602234
v 0.03934752941131592 0.052587173879146576 0.8892844319343567
v 0.03934752941131592 0.04480107128620148 0.7372121214866638
v 0.03934752941131592 0.048085831105709076 0.8105718493461609
v 0.03934752941131592 0.05684519559144974 0.9627657532691956
v 0.03934752941131592 0.05696684867143631 0.9679970145225525
v 0.03934752941131592 0.05623690038919449 0.973228394985199
v 0.04847186803817749 -0.01310805231332779 -0.8054090142250061
v 0.05504138767719269 -0.01310805231332779 -0.8100320100784302
v 0.04981009662151337 -0.007876768708229065 -0.8080855011940002
v 0.044578805565834045 -0.007876768708229065 -0.8049224019050598
v 0.05504138767719269 -0.007876768708229065 -0.810883641242981
v 0.06039433181285858 -0.01310805231332779 -0.8138034343719482
v 0.06039433181285858 -0.007876768708229065 -0.8140467405319214
v 0.06562560796737671 -0.007876768708229065 -0.8175747990608215
v 0.06562560796737671 -0.01310805231332779 -0.8179397583007812
v 0.07085689902305603 -0.007876768708229065 -0.8221977949142456
v 0.0676937997341156 -0.0026454851031303406 -0.8211029171943665
v 0.07085689902305603 -0.0026454851031303406 -0.8234143853187561
v 0.06562560796737671 -0.0026454851031303406 -0.8197646737098694
v 0.07389834523200989 -0.0026454851031303406 -0.8263341784477234
v 0.06039433181285858 -0.0026454851031303406 -0.8172098398208618
v 0.06039433181285858 -0.004470348358154297 -0.8158715963363647
v 0.044578805565834045 -0.01310805231332779 -0.8020026087760925
v 0.03849591314792633 -0.007876768708229065 -0.8001777529716492
v 0.07608819007873535 -0.007876768708229065 -0.8281590342521667
v 0.07608819007873535 -0.0026454851031303406 -0.8284024000167847
v 0.07888631522655487 -0.0026454851031303406 -0.8315654993057251
v 0.07608819007873535 0.002829119563102722 -0.8315654993057251
v 0.07085689902305603 0.0025858059525489807 -0.8281590342521667
v 0.07085689902305603 0.0008825957775115967 -0.8263341784477234
v 0.08131948113441467 -0.0026454851031303406 -0.8347285985946655
v 0.08131948113441467 0.0025858059525489807 -0.8364318013191223
v 0.06562560796737671 -0.001185588538646698 -0.8211029171943665
v 0.05504138767719269 -0.002402164041996002 -0.8158715963363647
v 0.04981009662151337 -0.005200296640396118 -0.8106403350830078
v 0.07608819007873535 0.0069654881954193115 -0.836796760559082
v 0.08131948113441467 0.007817089557647705 -0.841176450252533
v 0.0865507572889328 0.0025858059525489807 -0.8440962433815002
v 0.0865507572889328 0.007938750088214874 -0.8473809957504272
v 0.08131948113441467 0.011710137128829956 -0.8473809957504272
v 0.0865507572889328 0.013170033693313599 -0.8540721535682678
v 0.06039433181285858 0.0001526474952697754 -0.8211029171943665
v 0.06562560796737671 0.0023424848914146423 -0.8263341784477234
v 0.04981009662151337 -0.0026454851031303406 -0.8153849840164185
v 0.07085689902305603 0.004653990268707275 -0.8315654993057251
v 0.08922722935676575 0.007817089557647705 -0.8526122570037842
v 0.08886225521564484 0.013170033693313599 -0.8578435778617859
v 0.0865507572889328 0.015359878540039062 -0.8578435778617859
v 0.08131948113441467 0.01389998197555542 -0.8526122570037842
v 0.044578805565834045 -0.004348695278167725 -0.8106403350830078
v 0.07085689902305603 0.006722167134284973 -0.836796760559082
v 0.07608819007873535 0.009276986122131348 -0.8421497344970703
v 0.08131948113441467 0.016211479902267456 -0.8578435778617859
v 0.08131948113441467 0.018401317298412323 -0.8635615110397339
v 0.07608819007873535 0.011101849377155304 -0.8473809957504272
v 0.0865507572889328 0.01827966421842575 -0.8630748391151428
v 0.06039433181285858 0.0017341971397399902 -0.8263341784477234
v 0.03934752941131592 -0.0048353224992752075 -0.8106403350830078
v 0.08131948113441467 0.020347848534584045 -0.8683061599731445
v 0.06562560796737671 0.004045695066452026 -0.8315654993057251
v 0.0865507572889328 0.020956136286258698 -0.8683061599731445
v 0.0902004987001419 0.018401317298412323 -0.8683061599731445
v 0.05504138767719269 -0.00033398717641830444 -0.8211029171943665
v 0.08131948113441467 0.022416025400161743 -0.8735374212265015
v 0.044578805565834045 -0.003497086465358734 -0.8158715963363647
v 0.0865507572889328 0.023510947823524475 -0.8735374212265015
v 0.09178204834461212 0.018401317298412323 -0.8718342185020447
v 0.09178204834461212 0.02205105870962143 -0.8788903951644897
v 0.08131948113441467 0.02484918385744095 -0.8788903951644897
v 0.07608819007873535 0.012440085411071777 -0.8526122570037842
v 0.04895849525928497 -0.0026454851031303406 -0.8158715963363647
v 0.07085689902305603 0.007695429027080536 -0.8421497344970703
v 0.04981009662151337 -0.00179387629032135 -0.8211029171943665
v 0.08131948113441467 0.02886389195919037 -0.8858248591423035
v 0.0865507572889328 0.02886389195919037 -0.8841216564178467
v 0.0865507572889328 0.03141871094703674 -0.8893529176712036
v 0.08131948113441467 0.03409518301486969 -0.8953141570091248
v 0.0865507572889328 0.03409518301486969 -0.896044135093689
v 0.08131948113441467 0.03664999455213547 -0.8998154997825623
v 0.0865507572889328 0.03543341904878616 -0.8998154997825623
v 0.0865507572889328 0.03713662922382355 -0.905046820640564
v 0.08131948113441467 0.039448127150535583 -0.905046820640564
v 0.08509086072444916 0.039326466619968414 -0.9102780818939209
v 0.09056547284126282 0.023632608354091644 -0.8788903951644897
v 0.08131948113441467 0.04163796454668045 -0.9102780818939209
v 0.06562560796737671 0.004775643348693848 -0.836796760559082
v 0.05504138767719269 0.0001526474952697754 -0.8263341784477234
v 0.06039433181285858 0.0023424848914146423 -0.8315654993057251
v 0.09007883071899414 0.02886389195919037 -0.8893529176712036
v 0.07608819007873535 0.01353500783443451 -0.8578435778617859
v 0.09178204834461212 0.024605870246887207 -0.8841216564178467
v 0.07085689902305603 0.008425377309322357 -0.8473809957504272
v 0.08813230693340302 0.03409518301486969 -0.8998154997825623
v 0.09141707420349121 0.02886389195919037 -0.8945842385292053
v 0.0856991559267044 0.039326466619968414 -0.9155093431472778
v 0.09178204834461212 0.026552394032478333 -0.8893529176712036
v 0.09153872728347778 0.013170033693313599 -0.8630748391151428
v 0.08131948113441467 0.043462835252285004 -0.9155093431472778
v 0.0865507572889328 0.03810989111661911 -0.9102780818939209
v 0.07608819007873535 0.014751583337783813 -0.8630748391151428
v 0.06562560796737671 0.004897303879261017 -0.8421497344970703
v 0.08910557627677917 0.03409518301486969 -0.905046820640564
v 0.07085689902305603 0.008790351450443268 -0.8526122570037842
v -0.049827661365270615 -0.0026454851031303406 -0.8124651908874512
v -0.049827661365270615 -0.0004556402564048767 -0.8158715963363647
v -0.05505894497036934 -0.0015505626797676086 -0.8158715963363647
v -0.04459637403488159 -0.0026454851031303406 -0.8106403350830078
v -0.05505894497036934 0.0014908835291862488 -0.8211029171943665
v -0.06029023230075836 0.0012475699186325073 -0.8211029171943665
v -0.05505894497036934 -0.0026454851031303406 -0.8147766590118408
v -0.06029023230075836 -0.0026454851031303406 -0.817453145980835
v -0.06564317643642426 -0.0026454851031303406 -0.8211029171943665
v -0.049827661365270615 -0.005200296640396118 -0.8106403350830078
v -0.04459637403488159 -0.007876768708229065 -0.8066256046295166
v -0.03936508670449257 -0.0026454851031303406 -0.8099103569984436
v -0.03936508670449257 -0.006416872143745422 -0.8054090142250061
v -0.034133799374103546 -0.007876768708229065 -0.8020026087760925
v -0.034133799374103546 -0.004105374217033386 -0.8054090142250061
v -0.028902515769004822 -0.007876768708229065 -0.8000560998916626
v -0.028902515769004822 -0.0031321123242378235 -0.8054090142250061
v -0.023549571633338928 -0.005321957170963287 -0.8001777529716492
v -0.023549571633338928 -0.007876768708229065 -0.7983528971672058
v -0.018318280577659607 -0.007876768708229065 -0.7960413694381714
v -0.018318280577659607 -0.003497086465358734 -0.8001777529716492
v -0.013086996972560883 -0.0026454851031303406 -0.8000560998916626
v -0.023549571633338928 -0.002888798713684082 -0.8054090142250061
v -0.034133799374103546 -0.0026454851031303406 -0.8103970289230347
v -0.03936508670449257 -0.00228051096200943 -0.8106403350830078
v -0.013086996972560883 -0.00544361025094986 -0.7948248386383057
v -0.007855713367462158 -0.0026454851031303406 -0.7970146536827087
v -0.013086996972560883 -0.007876768708229065 -0.792878270149231
v -0.009315602481365204 -0.007876768708229065 -0.789593517780304
v -0.007855713367462158 -0.006416872143745422 -0.789593517780304
v -0.007855713367462158 -0.002888798713684082 -0.7948248386383057
v -0.002624422311782837 -0.0032537728548049927 -0.789593517780304
v -0.002624422311782837 -0.006416872143745422 -0.7843621969223022
v 0.0026068612933158875 -0.0038620606064796448 -0.7843621969223022
v 0.0026068612933158875 -0.00629521906375885 -0.7791309356689453
v 0.007838144898414612 -0.004592008888721466 -0.7791309356689453
v 0.0002953633666038513 -0.007876768708229065 -0.7791309356689453
v 0.007838144898414612 -0.006051905453205109 -0.7738996744155884
v 0.0026068612933158875 -0.007876768708229065 -0.7757245302200317
v 0.007838144898414612 -0.007876768708229065 -0.7678167819976807
v -0.004205979406833649 -0.007876768708229065 -0.7843621969223022
v 0.002850174903869629 -0.01310805231332779 -0.7686683535575867
v 0.004675045609474182 -0.01310805231332779 -0.7634370923042297
v 0.007838144898414612 -0.009336665272712708 -0.7634370923042297
v 0.006134942173957825 -0.01310805231332779 -0.758205771446228
v 0.007838144898414612 -0.010918214917182922 -0.758205771446228
v 0.018422380089759827 -0.006173558533191681 -0.8001777529716492
v 0.018422380089759827 -0.007511794567108154 -0.8054090142250061
v 0.013069435954093933 -0.006903506815433502 -0.8054090142250061
v 0.02365366369485855 -0.0065385326743125916 -0.8001777529716492
v -0.002624422311782837 -0.0026454851031303406 -0.8001777529716492
v -0.007855713367462158 -0.0036187469959259033 -0.8054090142250061
v 0.007838144898414612 -0.0032537728548049927 -0.7948248386383057
v -0.007855713367462158 -0.00228051096200943 -0.8001777529716492
v 0.0026068612933158875 -0.0025238245725631714 -0.7948248386383057
v 0.018422380089759827 -0.00544361025094986 -0.7948248386383057
v 0.028884947299957275 -0.007025167346000671 -0.7948248386383057
v -0.002624422311782837 -0.00228051096200943 -0.7948248386383057
v 0.013069435954093933 -0.004105374217033386 -0.789593517780304
v 0.007838144898414612 -0.0031321123242378235 -0.789593517780304
v 0.02365366369485855 -0.007390141487121582 -0.8054090142250061
v 0.0026068612933158875 -0.002767138183116913 -0.789593517780304
v 0.0026068612933158875 -0.0026454851031303406 -0.7920266389846802
v 0.028884947299957275 -0.00629521906375885 -0.8001777529716492
v 0.02365366369485855 -0.006903506815433502 -0.789593517780304
v 0.013069435954093933 -0.004348695278167725 -0.7843621969223022
v 0.007838144898414612 -0.0036187469959259033 -0.7843621969223022
v 0.018422380089759827 -0.0059302449226379395 -0.7843621969223022
v 0.013069435954093933 -0.005565270781517029 -0.7738996744155884
v 0.018422380089759827 -0.0076334550976753235 -0.7686683535575867
v 0.013069435954093933 -0.006416872143745422 -0.7686683535575867
v 0.013069435954093933 -0.007268480956554413 -0.7634370923042297
v 0.013069435954093933 -0.007876768708229065 -0.758205771446228
v 0.018422380089759827 -0.008363403379917145 -0.758205771446228
v 0.013069435954093933 -0.008363403379917145 -0.7528528571128845
v 0.018422380089759827 -0.008971691131591797 -0.7476215362548828
v 0.018422380089759827 -0.00982329249382019 -0.737159013748169
v 0.0341162383556366 -0.0065385326743125916 -0.8001777529716492
v 0.028884947299957275 -0.006660193204879761 -0.8054090142250061
v 0.028884947299957275 -0.007876768708229065 -0.791783332824707
v 0.0320480614900589 -0.007876768708229065 -0.7948248386383057
v 0.0341162383556366 -0.007876768708229065 -0.7964063882827759
v 0.013069435954093933 -0.010918214917182922 -0.731927752494812
v 0.02365366369485855 -0.007998429238796234 -0.7843621969223022
v 0.028884947299957275 -0.008728377521038055 -0.789593517780304
v 0.021098852157592773 -0.007876768708229065 -0.7791309356689453
v -0.013086996972560883 -0.0031321123242378235 -0.8054090142250061
v 0.018422380089759827 -0.011161528527736664 -0.7162338495254517
v 0.0341162383556366 -0.00580858439207077 -0.8054090142250061
v 0.03934752941131592 -0.00580858439207077 -0.8054090142250061
v 0.0341162383556366 -0.006173558533191681 -0.8106403350830078
v -0.018318280577659607 -0.002888798713684082 -0.8054090142250061
v 0.013069435954093933 -0.012743085622787476 -0.7108808755874634
v -0.023549571633338928 -0.004227034747600555 -0.8106403350830078
v -0.028902515769004822 -0.0032537728548049927 -0.8106403350830078
v 0.018422380089759827 -0.012986399233341217 -0.6899557709693909
v 0.013069435954093933 -0.015662871301174164 -0.668908953666687
v -0.034133799374103546 -0.004105374217033386 -0.8158715963363647
v 0.028884947299957275 -0.007755108177661896 -0.8106403350830078
v 0.02365366369485855 -0.00909334421157837 -0.8106403350830078
v -0.03936508670449257 -0.002402164041996002 -0.8158715963363647
v -0.04459637403488159 -0.0010639280080795288 -0.8158715963363647
v -0.049827661365270615 0.0002743080258369446 -0.8211029171943665
v -0.05505894497036934 0.002099171280860901 -0.8263341784477234
v -0.04459637403488159 -0.0019155368208885193 -0.8211029171943665
v -0.049827661365270615 -0.0005773007869720459 -0.8263341784477234
v 0.018422380089759827 -0.014689609408378601 -0.6427525281906128
v -0.06029023230075836 0.0025858059525489807 -0.824022650718689
v -0.06029023230075836 0.0034374073147773743 -0.8263341784477234
v -0.057492103427648544 0.0025858059525489807 -0.8315654993057251
v -0.06564317643642426 0.003315754234790802 -0.8263341784477234
v -0.06564317643642426 0.005992226302623749 -0.8315654993057251
v -0.06029023230075836 0.0041673555970191956 -0.8315654993057251
v -0.06564317643642426 0.006843827664852142 -0.836796760559082
v -0.07087446749210358 0.00574890524148941 -0.8315654993057251
v 0.0341162383556366 -0.007390141487121582 -0.8158715963363647
v 0.013069435954093933 -0.016757789999246597 -0.6427525281906128
v 0.018422380089759827 -0.014932923018932343 -0.6269370317459106
v 0.013069435954093933 -0.017001107335090637 -0.6007806062698364
v -0.05505894497036934 0.0011259093880653381 -0.8315654993057251
v 0.018422380089759827 -0.014811266213655472 -0.5849650502204895
v 0.02365366369485855 -0.015419553965330124 -0.5588086247444153
v 0.018422380089759827 -0.015176240354776382 -0.5535773038864136
v 0.018422380089759827 -0.016879446804523468 -0.4538179039955139
v 0.02365366369485855 -0.016757789999246597 -0.4538179039955139
v 0.018422380089759827 -0.01724442094564438 -0.4013833999633789
v 0.02365366369485855 -0.01809602603316307 -0.3489488959312439
v 0.018422380089759827 -0.018582656979560852 -0.27546757459640503
v 0.02365366369485855 -0.01846100017428398 -0.24395817518234253
v 0.02365366369485855 -0.01809602603316307 -0.1862923502922058
v 0.018422380089759827 -0.018582656979560852 -0.1862923502922058
v 0.02365366369485855 -0.01833934336900711 -0.07083910703659058
v 0.018422380089759827 -0.019069287925958633 -0.055145263671875
v 0.02365366369485855 -0.01760939508676529 -0.018404603004455566
v 0.018422380089759827 -0.01821768283843994 0.04984551668167114
v 0.018422380089759827 -0.01736607775092125 0.13378936052322388
v 0.02365366369485855 -0.016636133193969727 0.11809545755386353
v 0.02365366369485855 -0.016271159052848816 0.1390206217765808
v 0.02365366369485855 -0.012134790420532227 0.23878008127212524
v 0.018422380089759827 -0.01432463526725769 0.2177332043647766
v 0.018422380089759827 -0.012378111481666565 0.26493650674819946
v 0.02365366369485855 -0.009579978883266449 0.29121464490890503
v -0.05919531360268593 0.0025858059525489807 -0.836796760559082
v -0.03936508670449257 -0.004592008888721466 -0.8211029171943665
v 0.018422380089759827 -0.00994495302438736 -0.8106403350830078
v 0.018422380089759827 -0.010553240776062012 0.31737107038497925
v -0.018318280577659607 -0.00544361025094986 -0.8106403350830078
v 0.018422380089759827 -0.009336665272712708 0.3488803505897522
v 0.02365366369485855 -0.006173558533191681 0.3803897500038147
v 0.018422380089759827 -0.007998429238796234 0.38562101125717163
v 0.028884947299957275 -0.008971691131591797 0.33841782808303833
v 0.028884947299957275 -0.007025167346000671 0.38562101125717163
v 0.028884947299957275 -0.004956983029842377 0.4800274968147278
v 0.02365366369485855 -0.004105374217033386 0.4800274968147278
v 0.028884947299957275 -0.004470348358154297 0.5482775568962097
v 0.02365366369485855 -0.004105374217033386 0.5430462956428528
v 0.02365366369485855 -0.003375433385372162 0.5693243145942688
v 0.028884947299957275 -0.0032537728548049927 0.5797869563102722
v 0.028884947299957275 -0.0025238245725631714 0.5902494788169861
v 0.02365366369485855 -0.0021588504314422607 0.5902494788169861
v 0.028884947299957275 -0.00179387629032135 0.5954808592796326
v 0.02365366369485855 -0.0014289021492004395 0.5954808592796326
v 0.028884947299957275 -0.0005773007869720459 0.6007121205329895
v 0.02365366369485855 -0.00009066611528396606 0.6007121205329895
v 0.030588164925575256 -0.0026454851031303406 0.5954808592796326
v 0.02365366369485855 0.0025858059525489807 0.607646644115448
v 0.028884947299957275 0.0036807209253311157 0.6112963557243347
v 0.02365366369485855 0.0041673555970191956 0.6112963557243347
v 0.0341162383556366 -0.002402164041996002 0.6059433817863464
v -0.06564317643642426 0.006478853523731232 -0.8421497344970703
v 0.018422380089759827 -0.006660193204879761 0.45387107133865356
v -0.06758970022201538 0.007817089557647705 -0.8421497344970703
v -0.06819799542427063 0.007817089557647705 -0.8473809957504272
v -0.04459637403488159 -0.004105374217033386 -0.8263341784477234
v 0.018422380089759827 -0.0065385326743125916 0.5325836539268494
v 0.028884947299957275 -0.00982329249382019 -0.8158715963363647
v 0.03934752941131592 -0.005200296640396118 -0.8158715963363647
v 0.03934752941131592 -0.0065385326743125916 -0.8211029171943665
v -0.028902515769004822 -0.006416872143745422 -0.8158715963363647
v 0.013069435954093933 -0.010066613554954529 -0.8106403350830078
v 0.007838144898414612 -0.007876768708229065 -0.8080855011940002
v -0.013086996972560883 -0.0065385326743125916 -0.8106403350830078
v 0.018422380089759827 -0.00580858439207077 0.5745556950569153
v 0.016232535243034363 -0.01833934336900711 -0.4013833999633789
v 0.012947775423526764 -0.01833934336900711 -0.5325305461883545
v 0.013069435954093933 -0.0212591290473938 -0.3646427392959595
v 0.044578805565834045 -0.0038620606064796448 -0.8211029171943665
v 0.04749859869480133 -0.0026454851031303406 -0.8211029171943665
v 0.04981009662151337 -0.0021588504314422607 -0.8263341784477234
v 0.05504138767719269 -0.00021232664585113525 -0.8315654993057251
v 0.044578805565834045 -0.005078636109828949 -0.8263341784477234
v 0.05504138767719269 -0.0016722232103347778 -0.836796760559082
v 0.02365366369485855 -0.012378111481666565 -0.8158715963363647
v 0.024261951446533203 0.007817089557647705 0.6165276169776917
v 0.0341162383556366 -0.00945831835269928 -0.8211029171943665
v 0.04019913077354431 -0.007876768708229065 -0.8263341784477234
v 0.02365366369485855 0.007938750088214874 0.6165276169776917
v 0.028884947299957275 0.007817089557647705 0.6170142292976379
v 0.05114834010601044 -0.0026454851031303406 -0.8315654993057251
v 0.007838144898414612 -0.00982329249382019 -0.8106403350830078
v -0.023549571633338928 -0.007876768708229065 -0.8152633309364319
v 0.06039433181285858 0.002099171280860901 -0.836796760559082
v 0.06234085559844971 0.0025858059525489807 -0.8421497344970703
v 0.06562560796737671 0.004410669207572937 -0.8473809957504272
v 0.007838144898414612 -0.01310805231332779 -0.74701327085495
v 0.010636277496814728 -0.01310805231332779 -0.7266964316368103
v 0.016719169914722443 -0.007876768708229065 0.464333713054657
v 0.016232535243034363 -0.007876768708229065 0.5639714598655701
v 0.028884947299957275 -0.01310805231332779 -0.821224570274353
v 0.018422380089759827 -0.01310805231332779 -0.8147766590118408
v 0.013069435954093933 -0.01310805231332779 -0.8140467405319214
v 0.007838144898414612 -0.01310805231332779 -0.8139250874519348
v -0.018318280577659607 -0.007876768708229065 -0.8134384751319885
v 0.044578805565834045 -0.007511794567108154 -0.8315654993057251
v 0.013069435954093933 -0.020042549818754196 -0.46428048610687256
v 0.06489567458629608 0.0025858059525489807 -0.8526122570037842
v 0.0341162383556366 -0.012621425092220306 -0.8263341784477234
v 0.02365366369485855 -0.01833934336900711 -0.8230494260787964
v -0.028902515769004822 -0.011161528527736664 -0.8211029171943665
v 0.04981009662151337 -0.00629521906375885 -0.836796760559082
v 0.011366225779056549 -0.01833934336900711 -0.6322899460792542
v 0.010392963886260986 -0.01833934336900711 -0.6636776924133301
v 0.013556063175201416 -0.01310805231332779 0.3646959662437439
v 0.0026068612933158875 -0.01310805231332779 -0.814168393611908
v 0.008203119039535522 -0.01833934336900711 -0.7056496143341064
v 0.007838144898414612 -0.01785271242260933 -0.7162338495254517
v 0.018422380089759827 -0.019434262067079544 -0.8211029171943665
v 0.01173119992017746 -0.01833934336900711 -0.5955492854118347
v 0.013191096484661102 -0.01310805231332779 0.38562101125717163
v -0.023549571633338928 -0.014081321656703949 -0.8211029171943665
v -0.013086996972560883 -0.01310805231332779 -0.816601574420929
v -0.018318280577659607 -0.016514476388692856 -0.8211029171943665
v -0.007855713367462158 -0.020042549818754196 -0.8211029171943665
v -0.007855713367462158 -0.030261807143688202 -0.8315654993057251
v -0.018318280577659607 -0.02673373371362686 -0.8315654993057251
v -0.002624422311782837 -0.028801914304494858 -0.8287673592567444
v -0.002624422311782837 -0.0212591290473938 -0.8211029171943665
v -0.007855713367462158 -0.0347631499171257 -0.836796760559082
v -0.002624422311782837 -0.035736411809921265 -0.836796760559082
v -0.007855713367462158 -0.04230593517422676 -0.8473809957504272
v -0.002624422311782837 -0.043157536536455154 -0.8473809957504272
v -0.013086996972560883 -0.04680727422237396 -0.8578435778617859
v -0.002624422311782837 -0.048510484397411346 -0.8578435778617859
v -0.007855713367462158 -0.05009203404188156 -0.8630748391151428
v -0.002624422311782837 -0.05082198232412338 -0.8630748391151428
v -0.007855713367462158 -0.05203855782747269 -0.8683061599731445
v 0.0026068612933158875 -0.05301181972026825 -0.8683061599731445
v -0.002624422311782837 -0.055080004036426544 -0.8788903951644897
v 0.0026068612933158875 -0.055323321372270584 -0.8788903951644897
v -0.002624422311782837 -0.055688291788101196 -0.8841216564178467
v 0.0026068612933158875 -0.05605326592922211 -0.8841216564178467
v -0.002624422311782837 -0.05605326592922211 -0.8893529176712036
v 0.0026068612933158875 -0.05629658326506615 -0.8893529176712036
v 0.0026068612933158875 -0.056174926459789276 -0.8945842385292053
v 0.007838144898414612 -0.05629658326506615 -0.8893529176712036
v 0.007838144898414612 -0.056174926459789276 -0.8945842385292053
v 0.007838144898414612 -0.05605326592922211 -0.8841216564178467
v -0.007855713367462158 -0.055444978177547455 -0.8945842385292053
v -0.002624422311782837 -0.055566638708114624 -0.8998154997825623
v 0.013069435954093933 -0.055809952318668365 -0.8841216564178467
v 0.013069435954093933 -0.055931609123945236 -0.8893529176712036
v 0.013069435954093933 -0.055809952318668365 -0.8945842385292053
v 0.007838144898414612 -0.055444978177547455 -0.8788903951644897
v -0.013086996972560883 -0.05459337309002876 -0.8893529176712036
v 0.0026068612933158875 -0.05495834723114967 -0.905046820640564
v -0.013086996972560883 -0.05422840267419815 -0.8841216564178467
v -0.007855713367462158 -0.05435005575418472 -0.8788903951644897
v 0.013069435954093933 -0.055323321372270584 -0.8998154997825623
v 0.018422380089759827 -0.055323321372270584 -0.8893529176712036
v 0.018422380089759827 -0.055080004036426544 -0.8841216564178467
v 0.013069435954093933 -0.055080004036426544 -0.8788903951644897
v -0.013086996972560883 -0.05410674214363098 -0.8998154997825623
v 0.018422380089759827 -0.05447171628475189 -0.8788903951644897
v -0.002624422311782837 -0.054715029895305634 -0.905046820640564
v -0.007855713367462158 -0.05422840267419815 -0.905046820640564
v 0.018422380089759827 -0.05447171628475189 -0.8998154997825623
v 0.02365366369485855 -0.05398508533835411 -0.8945842385292053
v -0.013086996972560883 -0.05337679386138916 -0.905046820640564
v 0.007838144898414612 -0.05301181972026825 -0.8683061599731445
v 0.013069435954093933 -0.05435005575418472 -0.905046820640564
v 0.013069435954093933 -0.05276850610971451 -0.8683061599731445
v 0.02365366369485855 -0.05422840267419815 -0.8893529176712036
v 0.02365366369485855 -0.05398508533835411 -0.8841216564178467
v -0.002624422311782837 -0.05349845439195633 -0.9102780818939209
v 0.007838144898414612 -0.05349845439195633 -0.9102780818939209
v -0.007855713367462158 -0.05301181972026825 -0.9102780818939209
v -0.013086996972560883 -0.05228187516331673 -0.9102780818939209
v 0.02365366369485855 -0.05337679386138916 -0.8788903951644897
v 0.018422380089759827 -0.05203855782747269 -0.8683061599731445
v 0.0026068612933158875 -0.0536201111972332 -0.9102780818939209
v 0.018422380089759827 -0.05349845439195633 -0.905046820640564
v 0.013069435954093933 -0.05301181972026825 -0.9102780818939209
v 0.02365366369485855 -0.05325513705611229 -0.8998154997825623
v -0.007855713367462158 -0.04972705990076065 -0.9208623170852661
v 0.007838144898414612 -0.05118695646524429 -0.8630748391151428
v 0.0026068612933158875 -0.05021369457244873 -0.9208623170852661
v -0.002624422311782837 -0.05009203404188156 -0.9208623170852661
v 0.028884947299957275 -0.0524035319685936 -0.8841216564178467
v 0.028884947299957275 -0.05264684930443764 -0.8893529176712036
v 0.013069435954093933 -0.05094363912940025 -0.8630748391151428
v 0.02365366369485855 -0.05082198232412338 -0.8683061599731445
v 0.007838144898414612 -0.04997037723660469 -0.9208623170852661
v 0.028884947299957275 -0.051795244216918945 -0.8788903951644897
v -0.018318280577659607 -0.047902192920446396 -0.9208623170852661
v 0.0026068612933158875 -0.04899711161851883 -0.8578435778617859
v 0.018422380089759827 -0.05203855782747269 -0.9102780818939209
v 0.018422380089759827 -0.05021369457244873 -0.8630748391151428
v 0.02365366369485855 -0.052160218358039856 -0.905046820640564
v 0.028884947299957275 -0.05070032179355621 -0.8735374212265015
v 0.028884947299957275 -0.05228187516331673 -0.8945842385292053
v 0.007838144898414612 -0.04899711161851883 -0.8578435778617859
v 0.028884947299957275 -0.051551930606365204 -0.8998154997825623
v 0.013069435954093933 -0.04924042895436287 -0.9208623170852661
v 0.013069435954093933 -0.04863213747739792 -0.8578435778617859
v 0.02365366369485855 -0.05070032179355621 -0.9102780818939209
v 0.0341162383556366 -0.05045700818300247 -0.8841216564178467
v -0.013086996972560883 -0.04656395688652992 -0.926093578338623
v 0.028884947299957275 -0.04924042895436287 -0.8683061599731445
v 0.0341162383556366 -0.04984872043132782 -0.8788903951644897
v 0.018422380089759827 -0.047902192920446396 -0.8578435778617859
v 0.0341162383556366 -0.05057866498827934 -0.8893529176712036
v 0.0341162383556366 -0.0503353476524353 -0.8945842385292053
v 0.018422380089759827 -0.048145510256290436 -0.9208623170852661
v 0.0026068612933158875 -0.043522510677576065 -0.8473809957504272
v 0.007838144898414612 -0.043644171208143234 -0.8473809957504272
v 0.02365366369485855 -0.04887545853853226 -0.8630748391151428
v -0.023549571633338928 -0.044252458959817886 -0.926093578338623
v -0.018318280577659607 -0.04291422292590141 -0.9313248991966248
v -0.007369078695774078 -0.0446174331009388 -0.9313248991966248
v 0.013069435954093933 -0.043279197067022324 -0.8473809957504272
v 0.028884947299957275 -0.0503353476524353 -0.905046820640564
v 0.0026068612933158875 -0.04498240724205971 -0.9313248991966248
v 0.007838144898414612 -0.047415561974048615 -0.926093578338623
v 0.013069435954093933 -0.04680727422237396 -0.926093578338623
v -0.023549571633338928 -0.04157598689198494 -0.9313248991966248
v 0.02365366369485855 -0.04656395688652992 -0.8578435778617859
v 0.02365366369485855 -0.04668561369180679 -0.9208623170852661
v 0.028884947299957275 -0.04717224836349487 -0.8630748391151428
v -0.028902515769004822 -0.039751119911670685 -0.9313248991966248
v -0.013086996972560883 -0.03780459240078926 -0.9417874813079834
v 0.018422380089759827 -0.04571235179901123 -0.926093578338623
v 0.018422380089759827 -0.04230593517422676 -0.8473809957504272
v 0.0341162383556366 -0.047050587832927704 -0.8683061599731445
v -0.002624422311782837 -0.03889951482415199 -0.9417874813079834
v -0.018318280577659607 -0.0368313305079937 -0.9417874813079834
v 0.0026068612933158875 -0.039386145770549774 -0.840933084487915
v 0.007838144898414612 -0.040237750858068466 -0.8421497344970703
v 0.0026068612933158875 -0.03889951482415199 -0.9417874813079834
v 0.007838144898414612 -0.03865619748830795 -0.9417874813079834
v -0.023549571633338928 -0.035371437668800354 -0.9417874813079834
v 0.028884947299957275 -0.0446174331009388 -0.8577219247817993
v 0.013069435954093933 -0.039751119911670685 -0.8421497344970703
v -0.028902515769004822 -0.03342491388320923 -0.9417874813079834
v 0.03934752941131592 -0.0458340086042881 -0.8735374212265015
v 0.0341162383556366 -0.04486074671149254 -0.8630748391151428
v 0.013069435954093933 -0.03780459240078926 -0.9417874813079834
v 0.02365366369485855 -0.04072438180446625 -0.8473809957504272
v 0.018422380089759827 -0.03658801689743996 -0.9417874813079834
v -0.007855713367462158 -0.03415485844016075 -0.9479920268058777
v 0.007838144898414612 -0.03415485844016075 -0.8338769674301147
v 0.013069435954093933 -0.03415485844016075 -0.8346068859100342
v 0.018422380089759827 -0.03877785801887512 -0.8421497344970703
v -0.018318280577659607 -0.03415485844016075 -0.9455588459968567
v 0.0026068612933158875 -0.032086677849292755 -0.8315654993057251
v -0.002624422311782837 -0.03415485844016075 -0.948478639125824
v 0.0026068612933158875 -0.03524978086352348 -0.9470187425613403
v 0.02365366369485855 -0.04108935594558716 -0.9313248991966248
v 0.03934752941131592 -0.044130802154541016 -0.8683061599731445
v 0.007838144898414612 -0.03488480672240257 -0.9470187425613403
v 0.013069435954093933 -0.03415485844016075 -0.9470187425613403
v 0.0341162383556366 -0.04218427464365959 -0.8578435778617859
v 0.028884947299957275 -0.03853454068303108 -0.8473809957504272
v 0.02365366369485855 -0.0347631499171257 -0.9417874813079834
v 0.018422380089759827 -0.03415485844016075 -0.8361884355545044
v 0.03934752941131592 -0.04181930050253868 -0.8630748391151428
v 0.018422380089759827 -0.03269496560096741 -0.9470187425613403
v -0.023549571633338928 -0.028801914304494858 -0.9496952295303345
v -0.028902515769004822 -0.02916688844561577 -0.9470187425613403
v 0.02365366369485855 -0.03415485844016075 -0.8384999632835388
v 0.0026068612933158875 -0.028801914304494858 -0.8280373811721802
v -0.034133799374103546 -0.030870098620653152 -0.9417874813079834
v 0.007838144898414612 -0.028801914304494858 -0.8280373811721802
v 0.013069435954093933 -0.028801914304494858 -0.8287673592567444
v 0.0026068612933158875 -0.028801914304494858 -0.9545615315437317
v 0.007838144898414612 -0.028801914304494858 -0.9540749192237854
v 0.013069435954093933 -0.028801914304494858 -0.9532232880592346
v -0.002624422311782837 -0.028801914304494858 -0.9544398784637451
v -0.007855713367462158 -0.028801914304494858 -0.9539532661437988
v -0.018318280577659607 -0.028193626552820206 -0.9522500038146973
v 0.044578805565834045 -0.04060272499918938 -0.8683061599731445
v 0.0026068612933158875 -0.02186742052435875 -0.8211029171943665
v 0.03934752941131592 -0.03889951482415199 -0.8578435778617859
v 0.007838144898414612 -0.02186742052435875 -0.8211029171943665
v 0.0341162383556366 -0.035493094474077225 -0.8473809957504272
v 0.018422380089759827 -0.028801914304494858 -0.9516417384147644
v 0.018422380089759827 -0.028801914304494858 -0.8304705619812012
v 0.013069435954093933 -0.021137472242116928 -0.8211029171943665
v 0.028884947299957275 -0.03415485844016075 -0.8417847156524658
v -0.034133799374103546 -0.02612544223666191 -0.9470187425613403
v 0.044578805565834045 -0.0380479097366333 -0.8630748391151428
v 0.03934752941131592 -0.03415485844016075 -0.8507874011993408
v 0.044578805565834045 -0.03415485844016075 -0.856748640537262
v 0.02365366369485855 -0.028801914304494858 -0.833025336265564
v 0.007838144898414612 -0.023570626974105835 -0.9590628743171692
v 0.013069435954093933 -0.023570626974105835 -0.9582112431526184
v 0.018422380089759827 -0.023570626974105835 -0.9568729996681213
v 0.028884947299957275 -0.017122764140367508 -0.8263341784477234
v 0.02365366369485855 -0.02150244638323784 -0.8263341784477234
v 0.0386175811290741 -0.01310805231332779 -0.8315654993057251
v 0.029249921441078186 -0.028801914304494858 -0.836796760559082
v 0.0341162383556366 -0.028801914304494858 -0.8404464721679688
v 0.041780680418014526 -0.028801914304494858 -0.8473809957504272
v 0.03350794315338135 -0.01833934336900711 -0.8315654993057251
v 0.028884947299957275 -0.020894154906272888 -0.14432042837142944
v 0.028884947299957275 -0.021137472242116928 -0.20198625326156616
v 0.028884947299957275 -0.02174575999379158 -0.2911614179611206
v 0.028884947299957275 -0.020894154906272888 -0.08653295040130615
v 0.028884947299957275 -0.019677579402923584 -0.4276614785194397
v 0.02657344937324524 -0.01833934336900711 -0.4170772433280945
v 0.028033345937728882 -0.01833934336900711 -0.5168366432189941
v 0.028398320078849792 -0.01833934336900711 -0.564039945602417
v 0.027060091495513916 -0.01833934336900711 -0.6375212669372559
v 0.028884947299957275 -0.020407523959875107 -0.04979228973388672
v 0.028884947299957275 -0.018582656979560852 0.10751122236251831
v 0.02365366369485855 -0.016027841717004776 -0.6375212669372559
v 0.027425065636634827 -0.01833934336900711 -0.6742619276046753
v 0.028884947299957275 -0.0179743692278862 0.14425188302993774
v 0.028884947299957275 -0.015176240354776382 0.21250194311141968
v 0.028884947299957275 -0.018825974315404892 -0.5429930686950684
v 0.02365366369485855 -0.015662871301174164 -0.6636776924133301
v 0.028033345937728882 -0.01833934336900711 -0.7004183530807495
v 0.029249921441078186 -0.01310805231332779 0.2544739842414856
v 0.028884947299957275 -0.011404849588871002 0.2807520031929016
v 0.03241303563117981 -0.023570626974105835 -0.5325305461883545
v 0.03180474042892456 -0.023570626974105835 -0.6060118675231934
v 0.028884947299957275 -0.020164210349321365 -0.6375212669372559
v 0.02365366369485855 -0.014202974736690521 -0.7004183530807495
v 0.02365366369485855 -0.013351373374462128 -0.7162338495254517
v 0.02365366369485855 -0.012986399233341217 -0.7266964316368103
v 0.02401863783597946 -0.01310805231332779 -0.737159013748169
v 0.02365366369485855 -0.011891476809978485 -0.7634370923042297
v 0.028154999017715454 -0.01833934336900711 -0.7476215362548828
v 0.03216971457004547 -0.023570626974105835 -0.4328927993774414
v 0.03046649694442749 -0.023570626974105835 -0.3017456531524658
v 0.028884947299957275 -0.01833934336900711 -0.7686683535575867
v 0.03119644522666931 -0.023570626974105835 -0.6951870918273926
v 0.03107479214668274 -0.023570626974105835 -0.7162338495254517
v 0.02827666699886322 -0.01833934336900711 -0.7162338495254517
v 0.03131811320781708 -0.023570626974105835 -0.18106108903884888
v 0.025356873869895935 -0.01310805231332779 -0.7686683535575867
v 0.026208482682704926 -0.01310805231332779 -0.7738996744155884
v 0.029493242502212524 -0.01833934336900711 -0.7738996744155884
v 0.02365366369485855 -0.011404849588871002 -0.7686683535575867
v 0.02365366369485855 -0.009336665272712708 -0.7791309356689453
v 0.02766837179660797 -0.01310805231332779 -0.7791309356689453
v 0.03046649694442749 -0.01833934336900711 -0.7791309356689453
v -0.06564317643642426 0.0025858059525489807 -0.825360894203186
v -0.06564317643642426 0.003315754234790802 -0.8263341784477234
v -0.07087446749210358 0.00574890524148941 -0.8315654993057251
v -0.07087446749210358 0.0025858059525489807 -0.8282806873321533
v -0.0761057510972023 0.0025858059525489807 -0.8326603770256042
v -0.07087446749210358 0.007817089557647705 -0.8353368639945984
v -0.0761057510972023 0.007938750088214874 -0.836796760559082
v -0.06029023230075836 0.0025858059525489807 -0.824022650718689
v -0.06564317643642426 -0.0026454851031303406 -0.8211029171943665
v -0.07087446749210358 -0.0026454851031303406 -0.8260908722877502
v -0.07975548505783081 0.0025858059525489807 -0.836796760559082
v -0.08133703470230103 0.007817089557647705 -0.8414197564125061
v -0.0761057510972023 0.011101849377155304 -0.8421497344970703
v -0.08133703470230103 0.012926720082759857 -0.8473809957504272
v -0.08656832575798035 0.007817089557647705 -0.8484759330749512
v -0.08656832575798035 0.013170033693313599 -0.8529772758483887
v -0.06029023230075836 0.0012475699186325073 -0.8211029171943665
v -0.08340521901845932 0.0025858059525489807 -0.8421497344970703
v -0.08851484954357147 0.007817089557647705 -0.8526122570037842
v -0.08973142504692078 0.013170033693313599 -0.8578435778617859
v -0.08632500469684601 0.0025858059525489807 -0.8473809957504272
v -0.0761057510972023 -0.0026454851031303406 -0.8319304585456848
v -0.09106966108083725 0.007817089557647705 -0.8578435778617859
v -0.09179960936307907 0.013170033693313599 -0.8616149425506592
v -0.07975548505783081 -0.0026454851031303406 -0.836796760559082
v -0.07087446749210358 -0.007876768708229065 -0.8268208503723145
v -0.06564317643642426 -0.007876768708229065 -0.8208595514297485
v -0.06029023230075836 -0.0026454851031303406 -0.817453145980835
v -0.05980360135436058 -0.007876768708229065 -0.8158715963363647
v -0.05505894497036934 -0.0026454851031303406 -0.8147766590118408
v -0.05505894497036934 -0.007876768708229065 -0.8124651908874512
v -0.049827661365270615 -0.0026454851031303406 -0.8124651908874512
v -0.05201750248670578 -0.007876768708229065 -0.8106403350830078
v -0.049827661365270615 -0.005200296640396118 -0.8106403350830078
v -0.04459637403488159 -0.007876768708229065 -0.8066256046295166
v -0.07464585453271866 -0.007876768708229065 -0.8315654993057251
v -0.08656832575798035 0.013170033693313599 -0.8529772758483887
v -0.08133703470230103 0.012926720082759857 -0.8473809957504272
v -0.08133703470230103 0.015238218009471893 -0.8526122570037842
v -0.08656832575798035 0.016454793512821198 -0.8578435778617859
v -0.08133703470230103 0.01706308126449585 -0.8578435778617859
v -0.08133703470230103 0.01827966421842575 -0.8630748391151428
v -0.0761057510972023 0.013170033693313599 -0.849084198474884
v -0.0761057510972023 0.012805059552192688 -0.8473809957504272
v -0.0761057510972023 0.011101849377155304 -0.8421497344970703
v -0.08656832575798035 0.018401317298412323 -0.8612499833106995
v -0.08656832575798035 0.019131265580654144 -0.8630748391151428
v -0.08133703470230103 0.019252926111221313 -0.8683061599731445
v -0.07087446749210358 0.00976361334323883 -0.8421497344970703
v -0.07087446749210358 0.008547037839889526 -0.836796760559082
v -0.0761057510972023 0.007938750088214874 -0.836796760559082
v -0.07087446749210358 0.007817089557647705 -0.8353368639945984
v -0.0761057510972023 0.013656668365001678 -0.8526122570037842
v -0.08656832575798035 0.02144276350736618 -0.8683061599731445
v -0.08656832575798035 0.023632608354091644 -0.8745107054710388
v -0.0761057510972023 0.014143295586109161 -0.8578435778617859
v -0.08133703470230103 0.02156442403793335 -0.8788903951644897
v -0.06758970022201538 0.007817089557647705 -0.8421497344970703
v -0.06564317643642426 0.006843827664852142 -0.836796760559082
v -0.07087446749210358 0.00574890524148941 -0.8315654993057251
v -0.07525414228439331 0.013170033693313599 -0.8526122570037842
v -0.07087446749210358 0.010006934404373169 -0.8473809957504272
v -0.0748891681432724 0.013170033693313599 -0.8578435778617859
v -0.07087446749210358 0.009641960263252258 -0.8526122570037842
v -0.0838918536901474 0.023632608354091644 -0.8788903951644897
v -0.08656832575798035 0.02521415799856186 -0.8788903951644897
v -0.08158035576343536 0.023632608354091644 -0.8841216564178467
v -0.08656832575798035 0.02971550077199936 -0.8893529176712036
v -0.06819799542427063 0.007817089557647705 -0.8473809957504272
v -0.08133703470230103 0.02521415799856186 -0.8893529176712036
v -0.08133703470230103 0.02886389195919037 -0.8966524004936218
v -0.08656832575798035 0.03409518301486969 -0.8985989093780518
v -0.08133703470230103 0.030567102134227753 -0.8998154997825623
v -0.08133703470230103 0.03409518301486969 -0.904803454875946
v -0.08656832575798035 0.03750159591436386 -0.905046820640564
v -0.08133703470230103 0.03786657005548477 -0.9102780818939209
v -0.08656832575798035 0.040056414902210236 -0.9102780818939209
v -0.08133703470230103 0.04163796454668045 -0.9155093431472778
v -0.07866056263446808 0.039326466619968414 -0.9155093431472778
v -0.08133703470230103 0.04455775022506714 -0.9203757047653198
v -0.0761057510972023 0.039326466619968414 -0.9191591143608093
v -0.0761057510972023 0.04613930732011795 -0.926093578338623
v -0.08133703470230103 0.04784251004457474 -0.926093578338623
v -0.0761057510972023 0.05027567595243454 -0.9313248991966248
v -0.07440254092216492 0.04455775022506714 -0.926093578338623
v -0.07087446749210358 0.04455775022506714 -0.9297433495521545
v -0.07087446749210358 0.04978903383016586 -0.9336363673210144
v -0.07087446749210358 0.05246550589799881 -0.9365561604499817
v -0.0671030730009079 0.04978903383016586 -0.9365561604499817
v -0.07087446749210358 0.05514197796583176 -0.9403275847434998
v 0.012339487671852112 -0.01310805231332779 0.4695649743080139
v 0.01173119992017746 -0.01310805231332779 0.5639714598655701
v 0.013191096484661102 -0.01310805231332779 0.38562101125717163
v 0.03934752941131592 -0.01310805231332779 -0.7967713475227356
v 0.03934752941131592 -0.008363403379917145 -0.8001777529716492
v 0.03849591314792633 -0.007876768708229065 -0.8001777529716492
v 0.044578805565834045 -0.01310805231332779 -0.8020026087760925
v 0.037522658705711365 -0.01310805231332779 -0.7948248386383057
v 0.0341162383556366 -0.007876768708229065 -0.7964063882827759
v 0.0341162383556366 -0.008850030601024628 -0.7948248386383057
v 0.0341162383556366 -0.01310805231332779 -0.7905668020248413
v 0.0320480614900589 -0.007876768708229065 -0.7948248386383057
v 0.028884947299957275 -0.007876768708229065 -0.791783332824707
v 0.028884947299957275 -0.008728377521038055 -0.789593517780304
v 0.028884947299957275 -0.011891476809978485 -0.7843621969223022
v 0.029858216643333435 -0.01310805231332779 -0.7843621969223022
v 0.02365366369485855 -0.007998429238796234 -0.7843621969223022
v 0.02766837179660797 -0.01310805231332779 -0.7791309356689453
v 0.02365366369485855 -0.009336665272712708 -0.7791309356689453
v 0.03046649694442749 -0.01833934336900711 -0.7791309356689453
v 0.03229136765003204 -0.01833934336900711 -0.7843621969223022
v 0.021098852157592773 -0.007876768708229065 -0.7791309356689453
v 0.03448121249675751 -0.01833934336900711 -0.789593517780304
v 0.03934752941131592 -0.01833934336900711 -0.7968930006027222
v 0.04725527763366699 -0.01833934336900711 -0.8054090142250061
v 0.04847186803817749 -0.01310805231332779 -0.8054090142250061
v 0.05504138767719269 -0.01310805231332779 -0.8100320100784302
v 0.06039433181285858 -0.01310805231332779 -0.8138034343719482
v 0.06039433181285858 -0.01833934336900711 -0.8152633309364319
v 0.06562560796737671 -0.01310805231332779 -0.8179397583007812
v 0.06708550453186035 -0.01833934336900711 -0.8211029171943665
v 0.07085689902305603 -0.01310805231332779 -0.823171079158783
v 0.07085689902305603 -0.007876768708229065 -0.8221977949142456
v 0.07608819007873535 -0.007876768708229065 -0.8281590342521667
v 0.077548086643219 -0.01310805231332779 -0.8315654993057251
v 0.0787646621465683 -0.007876768708229065 -0.8315654993057251
v 0.07888631522655487 -0.0026454851031303406 -0.8315654993057251
v 0.08131948113441467 -0.007876768708229065 -0.8355801701545715
v 0.08131948113441467 -0.0026454851031303406 -0.8347285985946655
v 0.08496920764446259 -0.007876768708229065 -0.8421497344970703
v 0.0856991559267044 -0.0026454851031303406 -0.8421497344970703
v 0.08131948113441467 0.0025858059525489807 -0.8364318013191223
v 0.0865507572889328 0.0025858059525489807 -0.8440962433815002
v 0.08825397491455078 0.0025858059525489807 -0.8473809957504272
v 0.0865507572889328 0.007938750088214874 -0.8473809957504272
v 0.0902004987001419 0.0025858059525489807 -0.8526122570037842
v 0.08922722935676575 0.007817089557647705 -0.8526122570037842
v 0.09141707420349121 0.007817089557647705 -0.8578435778617859
v 0.08886225521564484 0.013170033693313599 -0.8578435778617859
v 0.09153872728347778 0.013170033693313599 -0.8630748391151428
v 0.08813230693340302 -0.0026454851031303406 -0.8473809957504272
v 0.080832839012146 -0.01310805231332779 -0.836796760559082
v 0.0874023586511612 -0.007876768708229065 -0.8473809957504272
v 0.07170850038528442 -0.01833934336900711 -0.8263341784477234
v 0.07608819007873535 -0.01833934336900711 -0.8320521116256714
v 0.09166039526462555 -0.0026454851031303406 -0.8578435778617859
v 0.06453070044517517 -0.023570626974105835 -0.8211029171943665
v 0.06039433181285858 -0.023570626974105835 -0.8175747990608215
v 0.08131948113441467 -0.01833934336900711 -0.8405681252479553
v 0.07730476558208466 -0.023570626974105835 -0.836796760559082
v 0.07085689902305603 -0.023570626974105835 -0.8281590342521667
v 0.08472588658332825 -0.01833934336900711 -0.8473809957504272
v 0.09093044698238373 -0.007876768708229065 -0.8578435778617859
v 0.07085689902305603 -0.028801914304494858 -0.8315654993057251
v 0.06562560796737671 -0.028801914304494858 -0.8256042003631592
v 0.08290103077888489 -0.023570626974105835 -0.8473809957504272
v 0.06039433181285858 -0.02965351939201355 -0.8211029171943665
v 0.07608819007873535 -0.028801914304494858 -0.8389865756034851
v 0.08131948113441467 -0.028801914304494858 -0.8489625453948975
v 0.04981009662151337 -0.024787206202745438 -0.8106403350830078
v 0.053946465253829956 -0.028801914304494858 -0.8158715963363647
v 0.04409217834472656 -0.023570626974105835 -0.8054090142250061
v 0.07134352624416351 -0.03415485844016075 -0.836796760559082
v 0.09141707420349121 -0.01310805231332779 -0.8630748391151428
v 0.08691573143005371 -0.023570626974105835 -0.8578435778617859
v 0.09007883071899414 -0.01833934336900711 -0.8630748391151428
v 0.06562560796737671 -0.03415485844016075 -0.8299839496612549
v 0.07766973972320557 -0.03415485844016075 -0.8473809957504272
v 0.07474994659423828 -0.03415485844016075 -0.8421497344970703
v 0.08484755456447601 -0.028801914304494858 -0.8578435778617859
v 0.05613631010055542 -0.03415485844016075 -0.8211029171943665
v 0.09141707420349121 -0.01833934336900711 -0.8683061599731445
v 0.089835524559021 -0.023570626974105835 -0.8683061599731445
v 0.0820494145154953 -0.03415485844016075 -0.8578435778617859
v 0.06562560796737671 -0.04072438180446625 -0.836796760559082
v 0.07085689902305603 -0.039386145770549774 -0.8422713279724121
v 0.07377669215202332 -0.039386145770549774 -0.8473809957504272
v 0.06562560796737671 -0.0446174331009388 -0.8421497344970703
v 0.013069435954093933 0.06256311386823654 0.9784596562385559
v 0.027425065636634827 0.06037326902151108 0.9784596562385559
v 0.02365366369485855 0.06122487038373947 0.9784596562385559
v -0.002624422311782837 0.05514197796583176 0.9852724671363831
v 0.0026068612933158875 0.05416872352361679 0.9890438914299011
v -0.00396265834569931 0.05514197796583176 0.9838126301765442
v 0.03934752941131592 -0.008363403379917145 -0.8001777529716492
v 0.044578805565834045 -0.01310805231332779 -0.8020026087760925
v 0.03849591314792633 -0.007876768708229065 -0.8001777529716492
v 0.028884947299957275 -0.05057866498827934 -0.789593517780304
v 0.024626925587654114 -0.055080004036426544 -0.789593517780304
v 0.02365366369485855 -0.055809952318668365 -0.789593517780304
v 0.04676865041255951 0.04455775022506714 0.973228394985199
v 0.044578805565834045 0.04455775022506714 0.9816227555274963
v 0.045552074909210205 0.04455775022506714 0.9784596562385559
v 0.06562560796737671 0.05514197796583176 -0.9402059316635132
v 0.06562560796737671 0.05404707044363022 -0.9365561604499817
v 0.06562560796737671 0.05550695210695267 -0.9417874813079834
v 0.02365366369485855 -0.04984872043132782 0.5430462956428528
v 0.018422380089759827 -0.04960540309548378 0.5639714598655701
v 0.018422380089759827 -0.04997037723660469 0.5063056349754333
v 0.02365366369485855 -0.04984872043132782 0.5693243145942688
v 0.04397052526473999 -0.007876768708229065 0.658499538898468
v 0.04092907905578613 -0.023570626974105835 0.6426840424537659
v 0.04214565455913544 -0.01833934336900711 0.6479153037071228
v 0.03934752941131592 0.0025858059525489807 0.9898955225944519
v 0.0341162383556366 0.0025858059525489807 0.9920852780342102
v 0.04056410491466522 0.0025858059525489807 0.9890438914299011
v 0.03934752941131592 0.05514197796583176 -0.9512767791748047
v 0.03934752941131592 0.05708850175142288 -0.9522500038146973
v 0.03934752941131592 0.06037326902151108 -0.9545615315437317
v -0.07087446749210358 0.007817089557647705 -0.8353368639945984
v -0.07087446749210358 0.00574890524148941 -0.8315654993057251
v -0.07087446749210358 0.008547037839889526 -0.836796760559082
v 0.008689753711223602 -0.06031129136681557 -0.028867125511169434
v 0.008689753711223602 -0.06031129136681557 0.002642214298248291
v 0.00722985714673996 -0.06031129136681557 -0.21768009662628174
v 0.013069435954093933 -0.06371770799160004 -0.0025890469551086426
v 0.013069435954093933 -0.06298775970935822 0.06030803918838501
v 0.018422380089759827 -0.06566423177719116 -0.007820367813110352
v 0.013069435954093933 -0.0638393685221672 -0.08130168914794922
v 0.009176380932331085 -0.06031129136681557 0.039382874965667725
v 0.011366225779056549 -0.06031129136681557 0.11286419630050659
v 0.007838144898414612 -0.05702652782201767 0.11286419630050659
v 0.005283333361148834 -0.055080004036426544 -0.08653295040130615
v 0.005526646971702576 -0.055080004036426544 0.002642214298248291
v 0.004188410937786102 -0.04984872043132782 -0.09711718559265137
v 0.004675045609474182 -0.04984872043132782 0.023567378520965576
v 0.004796706140041351 -0.0446174331009388 0.07077056169509888
v 0.004918359220027924 -0.04984872043132782 0.08658617734909058
v 0.0043100714683532715 -0.0446174331009388 0.14948326349258423
v 0.0043100714683532715 -0.0446174331009388 -0.044561028480529785
v 0.0037017837166786194 -0.0446174331009388 -0.1862923502922058
v 0.00358012318611145 -0.04984872043132782 -0.1862923502922058
v 0.0032151490449905396 -0.04984872043132782 -0.4170772433280945
v 0.004796706140041351 -0.04984872043132782 0.15483611822128296
v 0.006621569395065308 -0.055080004036426544 0.12855809926986694
v 0.018422380089759827 -0.0646909698843956 0.07077056169509888
v 0.02365366369485855 -0.06615086644887924 0.023567378520965576
v 0.02365366369485855 -0.06651584059000015 -0.0025890469551086426
v 0.02365366369485855 -0.06554257869720459 0.06030803918838501
v 0.013069435954093933 -0.06055460870265961 0.14948326349258423
v 0.018422380089759827 -0.06116289645433426 0.18099254369735718
v 0.00759483128786087 -0.055080004036426544 0.18099254369735718
v 0.028884947299957275 -0.06529926508665085 0.03415161371231079
v 0.006256595253944397 -0.055080004036426544 0.08135479688644409
v 0.004431731998920441 -0.055080004036426544 -0.19152367115020752
v 0.004431731998920441 -0.0446174331009388 0.2177332043647766
v 0.00406675785779953 -0.055080004036426544 -0.4223085641860962
v 0.0038234367966651917 -0.055080004036426544 -0.5325305461883545
v 0.0024852007627487183 -0.04984872043132782 -0.6007806062698364
v 0.0033368095755577087 -0.055080004036426544 -0.5955492854118347
v 0.0033368095755577087 -0.0446174331009388 -0.46963346004486084
v 0.0024852007627487183 -0.0446174331009388 -0.5955492854118347
v 0.006743229925632477 -0.06031129136681557 -0.5483460426330566
v 0.0024852007627487183 -0.04984872043132782 -0.6427525281906128
v 0.0033368095755577087 -0.055080004036426544 -0.6479837894439697
v 0.0024852007627487183 -0.0446174331009388 -0.6479837894439697
v 0.028884947299957275 -0.0659075528383255 -0.018404603004455566
v 0.028884947299957275 -0.0659075528383255 -0.08130168914794922
v 0.02365366369485855 -0.0667591542005539 -0.08130168914794922
v 0.02365366369485855 -0.06748910248279572 -0.21768009662628174
v 0.018422380089759827 -0.06688081473112106 -0.21244877576828003
v 0.028884947299957275 -0.06627252697944641 -0.19675493240356445
v 0.02365366369485855 -0.06688081473112106 -0.38568955659866333
v 0.018422380089759827 -0.06663750112056732 -0.39092081785202026
v 0.0026068612933158875 -0.05520166456699371 -0.731927752494812
v 0.005891621112823486 -0.06031129136681557 -0.7004183530807495
v 0.006134942173957825 -0.06031129136681557 -0.737159013748169
v 0.006256595253944397 -0.06031129136681557 -0.7476215362548828
v 0.007838144898414612 -0.06189284473657608 -0.7214651107788086
v 0.0026068612933158875 -0.056174926459789276 -0.7528528571128845
v 0.0013902857899665833 -0.055080004036426544 -0.7686683535575867
v 0.006743229925632477 -0.06031129136681557 -0.758205771446228
v 0.000660337507724762 -0.04984872043132782 -0.758205771446228
v 0.0013902857899665833 -0.04984872043132782 -0.7423902750015259
v -0.00019127130508422852 -0.04984872043132782 -0.7686683535575867
v 0.0026068612933158875 -0.05666155740618706 -0.7634370923042297
v 0.001268625259399414 -0.0446174331009388 -0.7423902750015259
v 0.0005386769771575928 -0.055080004036426544 -0.7791309356689453
v 0.00017370283603668213 -0.0446174331009388 -0.7634370923042297
v 0.0018769130110740662 -0.04984872043132782 -0.7214651107788086
v -0.002137795090675354 -0.04984872043132782 -0.7843621969223022
v 0.0002953633666038513 -0.055080004036426544 -0.7843621969223022
v 0.0010253116488456726 -0.055080004036426544 -0.789593517780304
v 0.0026068612933158875 -0.0569048747420311 -0.7686683535575867
v -0.0025027692317962646 -0.04984872043132782 -0.789593517780304
v -0.0016511604189872742 -0.04984872043132782 -0.7948248386383057
v 0.0026068612933158875 -0.05410674214363098 -0.7948248386383057
v 0.0026068612933158875 -0.0503353476524353 -0.8001777529716492
v 0.0026068612933158875 -0.05629658326506615 -0.789593517780304
v 0.007838144898414612 -0.052160218358039856 -0.8001777529716492
v 0.007838144898414612 -0.049118772149086 -0.8054090142250061
v 0.0026068612933158875 -0.047293901443481445 -0.8054090142250061
v -0.002624422311782837 -0.043522510677576065 -0.8054090142250061
v -0.002624422311782837 -0.04498240724205971 -0.8001777529716492
v -0.0062741562724113464 -0.039386145770549774 -0.8054090142250061
v -0.005422554910182953 -0.039386145770549774 -0.8001777529716492
v -0.007855713367462158 -0.03415485844016075 -0.8000560998916626
v -0.006517477333545685 -0.03415485844016075 -0.7948248386383057
v -0.0080990269780159 -0.028801914304494858 -0.7948248386383057
v -0.006152503192424774 -0.028801914304494858 -0.789593517780304
v -0.005057580769062042 -0.03415485844016075 -0.789593517780304
v -0.007855713367462158 -0.023570626974105835 -0.7903234958648682
v -0.004935920238494873 -0.023570626974105835 -0.7843621969223022
v -0.0057875290513038635 -0.01833934336900711 -0.7843621969223022
v -0.009072288870811462 -0.01833934336900711 -0.789593517780304
v -0.013086996972560883 -0.01833934336900711 -0.794216513633728
v -0.013086996972560883 -0.01310805231332779 -0.7922700047492981
v -0.010410524904727936 -0.01310805231332779 -0.789593517780304
v -0.013086996972560883 -0.007876768708229065 -0.792878270149231
v -0.011018812656402588 -0.023570626974105835 -0.7948248386383057
v -0.002624422311782837 -0.047780536115169525 -0.7948248386383057
v 0.007838144898414612 -0.055688291788101196 -0.7948248386383057
v -0.005057580769062042 -0.039386145770549774 -0.7948248386383057
v -0.002624422311782837 -0.04668561369180679 -0.7843621969223022
v -0.003719344735145569 -0.0446174331009388 -0.789593517780304
v -0.0018944740295410156 -0.0446174331009388 -0.7791309356689453
v 0.013069435954093933 -0.06505594402551651 -0.3698740005493164
v 0.013069435954093933 -0.06456931680440903 -0.44335538148880005
v 0.018422380089759827 -0.0659075528383255 -0.46963346004486084
v 0.013069435954093933 -0.06456931680440903 -0.5429930686950684
v 0.007838144898414612 -0.06128455325961113 -0.5272992849349976
v 0.018422380089759827 -0.06566423177719116 -0.5325305461883545
v 0.007838144898414612 -0.061406210064888 -0.38568955659866333
v 0.007838144898414612 -0.06189284473657608 -0.5849650502204895
v 0.018422380089759827 -0.06602920591831207 -0.616474449634552
v 0.02365366369485855 -0.06578589230775833 -0.5955492854118347
v 0.02414029836654663 -0.06554257869720459 -0.6217057108879089
v 0.02365366369485855 -0.06542091816663742 -0.5483460426330566
v 0.013069435954093933 -0.06481263041496277 -0.6479837894439697
v 0.013069435954093933 -0.06505594402551651 -0.22303301095962524
v 0.028884947299957275 -0.06298775970935822 0.10227996110916138
v 0.007838144898414612 -0.06213615834712982 -0.6899557709693909
v 0.018422380089759827 -0.06578589230775833 -0.06560778617858887
v 0.018422380089759827 -0.06517760455608368 -0.6899557709693909
v 0.02365366369485855 -0.06481263041496277 -0.6847244501113892
v 0.02365366369485855 -0.06396102905273438 -0.7056496143341064
v 0.018422380089759827 -0.06298775970935822 -0.7423902750015259
v 0.013069435954093933 -0.06323108077049255 -0.737159013748169
v 0.013069435954093933 -0.06213615834712982 -0.758205771446228
v 0.018422380089759827 -0.060189634561538696 -0.7738996744155884
v 0.013069435954093933 -0.06067626550793648 -0.7738996744155884
v 0.018422380089759827 -0.05885139852762222 -0.7843621969223022
v 0.013069435954093933 -0.059459686279296875 -0.7843621969223022
v 0.007838144898414612 -0.059338029474020004 -0.7843621969223022
v 0.007838144898414612 -0.060189634561538696 -0.7738996744155884
v 0.013069435954093933 -0.05824311077594757 -0.789593517780304
v 0.018422380089759827 -0.05763481929898262 -0.789593517780304
v 0.02365366369485855 -0.06152787059545517 0.18099254369735718
v 0.006864883005619049 -0.06031129136681557 -0.39092081785202026
v 0.0026068612933158875 -0.05726984515786171 -0.7843621969223022
v 0.013069435954093933 -0.05799979344010353 0.24401134252548218
v 0.018422380089759827 -0.059459686279296875 0.2544739842414856
v 0.018422380089759827 -0.05641824007034302 0.322723925113678
v 0.013069435954093933 -0.055444978177547455 0.30690842866897583
v 0.018422380089759827 -0.05386342853307724 0.39608365297317505
v 0.013069435954093933 -0.05289016664028168 0.3803897500038147
v 0.013069435954093933 -0.05057866498827934 0.44863981008529663
v 0.018422380089759827 -0.0524035319685936 0.44863981008529663
v 0.013069435954093933 -0.04899711161851883 0.47479623556137085
v 0.011974513530731201 -0.04984872043132782 0.44863981008529663
v 0.007473178207874298 -0.0446174331009388 0.4591023325920105
v 0.018422380089759827 -0.05094363912940025 0.47479623556137085
v 0.008933067321777344 -0.0446174331009388 0.48538047075271606
v 0.005526646971702576 -0.039386145770549774 0.45387107133865356
v 0.006499908864498138 -0.039386145770549774 0.48538047075271606
v 0.0071082040667533875 -0.0446174331009388 0.44863981008529663
v 0.007838144898414612 -0.04230593517422676 0.49584299325942993
v 0.009419701993465424 -0.0446174331009388 0.5325836539268494
v 0.007838144898414612 -0.04279256612062454 0.5693243145942688
v 0.009176380932331085 -0.0446174331009388 0.5693243145942688
v 0.010636277496814728 -0.0446174331009388 0.5902494788169861
v 0.013069435954093933 -0.047658875584602356 0.5693243145942688
v 0.006499908864498138 -0.039386145770549774 0.5273523926734924
v 0.006256595253944397 -0.039386145770549774 0.5745556950569153
v 0.005283333361148834 -0.03415485844016075 0.5850182175636292
v 0.006621569395065308 -0.039386145770549774 0.5850182175636292
v 0.005891621112823486 -0.03415485844016075 0.5063056349754333
v 0.005404993891716003 -0.028801914304494858 0.5850182175636292
v 0.006134942173957825 -0.028801914304494858 0.490611732006073
v 0.005648307502269745 -0.03415485844016075 0.47479623556137085
v 0.005161672830581665 -0.03415485844016075 0.45387107133865356
v 0.02365366369485855 -0.05252519249916077 0.44863981008529663
v 0.005040019750595093 -0.039386145770549774 0.42759305238723755
v 0.004918359220027924 -0.03415485844016075 0.41713041067123413
v 0.004675045609474182 -0.039386145770549774 0.36992722749710083
v 0.004796706140041351 -0.03415485844016075 0.3593429923057556
v 0.004553385078907013 -0.039386145770549774 0.2807520031929016
v 0.005161672830581665 -0.0446174331009388 0.322723925113678
v 0.004675045609474182 -0.0446174331009388 0.26493650674819946
v 0.006864883005619049 -0.04984872043132782 0.3016771674156189
v 0.00759483128786087 -0.04984872043132782 0.33841782808303833
v 0.007838144898414612 -0.051430270075798035 0.29644590616226196
v 0.0060132816433906555 -0.04984872043132782 0.25970524549484253
v 0.005404993891716003 -0.0446174331009388 0.3541117310523987
v 0.007838144898414612 -0.05349845439195633 0.24401134252548218
v 0.0060132816433906555 -0.0446174331009388 0.40143662691116333
v 0.02365366369485855 -0.05653990060091019 0.32795530557632446
v 0.008324779570102692 -0.04984872043132782 0.3646959662437439
v 0.013069435954093933 -0.048267167061567307 0.490611732006073
v 0.011001251637935638 -0.055080004036426544 0.2807520031929016
v 0.007838144898414612 -0.06079792231321335 -0.7634370923042297
v 0.02365366369485855 -0.05495834723114967 0.36992722749710083
v 0.00722985714673996 -0.039386145770549774 0.6007121205329895
v 0.02365366369485855 -0.05094363912940025 0.4800274968147278
v 0.005404993891716003 -0.04984872043132782 0.21250194311141968
v 0.013069435954093933 -0.047658875584602356 0.5325836539268494
v -0.00043458491563796997 -0.0446174331009388 -0.7686683535575867
v 0.013069435954093933 -0.04595566913485527 0.5954808592796326
v 0.007838144898414612 -0.04680727422237396 0.42759305238723755
v -0.004327632486820221 -0.039386145770549774 -0.789593517780304
v 0.011974513530731201 -0.0446174331009388 0.6007121205329895
v 0.005283333361148834 -0.03415485844016075 0.6007121205329895
v 0.004796706140041351 -0.028801914304494858 0.6059433817863464
v 0.005526646971702576 -0.03415485844016075 0.6112963557243347
v 0.004553385078907013 -0.028801914304494858 0.6165276169776917
v 0.005891621112823486 -0.03415485844016075 0.6165276169776917
v 0.007838144898414612 -0.03780459240078926 0.6165276169776917
v 0.004553385078907013 -0.028801914304494858 0.6217588782310486
v 0.004188410937786102 -0.023570626974105835 0.6217588782310486
v 0.006378255784511566 -0.03415485844016075 0.6217588782310486
v 0.003945097327232361 -0.023570626974105835 0.6269901394844055
v 0.007838144898414612 -0.03524978086352348 0.6269901394844055
v 0.006986543536186218 -0.03415485844016075 0.6269901394844055
v 0.010636277496814728 -0.039386145770549774 0.6217588782310486
v 0.013069435954093933 -0.03646635636687279 0.6374527812004089
v 0.009663015604019165 -0.03415485844016075 0.6374527812004089
v 0.009054727852344513 -0.039386145770549774 0.6165276169776917
v 0.013069435954093933 -0.0425492487847805 0.6165276169776917
v 0.007838144898414612 -0.0323299914598465 0.6374527812004089
v 0.013069435954093933 -0.03269496560096741 0.6479153037071228
v 0.007838144898414612 -0.026855390518903732 0.6532682776451111
v 0.006499908864498138 -0.028801914304494858 0.6426840424537659
v 0.004553385078907013 -0.023570626974105835 0.6479153037071228
v 0.005526646971702576 -0.023570626974105835 0.6532682776451111
v 0.0033368095755577087 -0.01833934336900711 0.6532682776451111
v 0.006743229925632477 -0.023570626974105835 0.658499538898468
v 0.0030934959650039673 -0.01833934336900711 0.6479153037071228
v 0.0037017837166786194 -0.01833934336900711 0.658499538898468
v 0.0024852007627487183 -0.01310805231332779 0.658499538898468
v 0.0026068612933158875 -0.013229712843894958 0.663730800151825
v 0.0016335994005203247 -0.007876768708229065 0.6689621806144714
v 0.0016335994005203247 -0.007876768708229065 0.6741934418678284
v 0.002971835434436798 -0.01310805231332779 0.6689621806144714
v 0.0037017837166786194 -0.01310805231332779 0.6741934418678284
v 0.005891621112823486 -0.01833934336900711 0.6689621806144714
v 0.007838144898414612 -0.01833934336900711 0.6743150353431702
v 0.005040019750595093 -0.01310805231332779 0.6794247031211853
v 0.007838144898414612 -0.016027841717004776 0.6794247031211853
v 0.007838144898414612 -0.012378111481666565 0.6898872256278992
v 0.002363547682762146 -0.007876768708229065 0.6846559643745422
v 0.0030934959650039673 -0.007876768708229065 0.6898872256278992
v 0.007838144898414612 -0.010796554386615753 0.6952401995658875
v 0.007838144898414612 -0.009701639413833618 0.7004714608192444
v 0.013069435954093933 -0.012013137340545654 0.7004714608192444
v 0.006134942173957825 -0.007876768708229065 0.7057028412818909
v 0.013069435954093933 -0.01310805231332779 0.6952401995658875
v 0.018422380089759827 -0.01310805231332779 0.7014448046684265
v 0.018422380089759827 -0.01432463526725769 0.6952401995658875
v 0.02365366369485855 -0.01383800059556961 0.7004714608192444
v 0.02365366369485855 -0.014811266213655472 0.6952401995658875
v 0.018422380089759827 -0.012013137340545654 0.7109341025352478
v 0.02365366369485855 -0.012378111481666565 0.7161653637886047
v 0.018422380089759827 -0.011283189058303833 0.7266278862953186
v 0.013069435954093933 -0.010066613554954529 0.7213966250419617
v 0.013069435954093933 -0.010066613554954529 0.7372121214866638
v 0.00759483128786087 -0.007876768708229065 0.7266278862953186
v 0.007838144898414612 -0.008850030601024628 0.763368546962738
v 0.013069435954093933 -0.011161528527736664 0.7791841626167297
v 0.007838144898414612 -0.009215004742145538 0.7844154238700867
v 0.007838144898414612 -0.00982329249382019 0.8683592677116394
v 0.013069435954093933 -0.012013137340545654 0.8788219094276428
v 0.007838144898414612 -0.009579978883266449 0.9207938313484192
v 0.013069435954093933 -0.011769816279411316 0.9207938313484192
v 0.013069435954093933 -0.010796554386615753 0.973228394985199
v 0.018422380089759827 -0.012378111481666565 0.9523032307624817
v 0.018422380089759827 -0.011769816279411316 0.973228394985199
v 0.02365366369485855 -0.011769816279411316 0.973228394985199
v 0.02365366369485855 -0.012743085622787476 0.9523032307624817
v 0.02365366369485855 -0.01359468698501587 0.9207938313484192
v 0.028884947299957275 -0.012378111481666565 0.9418405890464783
v 0.028884947299957275 -0.01310805231332779 0.9155625700950623
v 0.02365366369485855 -0.01395966112613678 0.8631280064582825
v 0.028884947299957275 -0.01359468698501587 0.8578967452049255
v 0.02365366369485855 -0.013716347515583038 0.8105718493461609
v 0.0341162383556366 -0.011161528527736664 0.8578967452049255
v 0.0341162383556366 -0.011161528527736664 0.8105718493461609
v 0.028884947299957275 -0.012743085622787476 0.7739527821540833
v 0.0341162383556366 -0.010553240776062012 0.9155625700950623
v 0.028884947299957275 -0.010674901306629181 0.973228394985199
v 0.02365366369485855 -0.011404849588871002 0.9784596562385559
v 0.018057405948638916 -0.01310805231332779 0.8631280064582825
v 0.007838144898414612 -0.008728377521038055 0.973228394985199
v 0.0026068612933158875 -0.005321957170963287 0.973228394985199
v 0.0026068612933158875 -0.00629521906375885 0.9103313088417053
v -0.0012861862778663635 -0.0026454851031303406 0.9103313088417053
v -0.00006961077451705933 -0.0026454851031303406 0.9784596562385559
v -0.005179241299629211 0.0025858059525489807 0.973228394985199
v -0.005300894379615784 0.0025858059525489807 0.8788219094276428
v -0.008707314729690552 0.007817089557647705 0.9418405890464783
v -0.009072288870811462 0.007817089557647705 0.973228394985199
v -0.008342340588569641 0.007817089557647705 0.9838126301765442
v -0.01162710040807724 0.013170033693313599 0.9838126301765442
v -0.01211373507976532 0.018401317298412323 0.9890438914299011
v -0.013573631644248962 0.018401317298412323 0.9838126301765442
v -0.014060258865356445 0.018401317298412323 0.9784596562385559
v -0.014546893537044525 0.023632608354091644 0.9838126301765442
v -0.015033520758152008 0.023632608354091644 0.9784596562385559
v -0.01527683436870575 0.023632608354091644 0.973228394985199
v -0.014303572475910187 0.018401317298412323 0.9679970145225525
v -0.013695284724235535 0.018401317298412323 0.8788219094276428
v -0.015033520758152008 0.023632608354091644 0.9155625700950623
v -0.015398494899272919 0.02886389195919037 0.9418405890464783
v -0.014668546617031097 0.023632608354091644 0.8735906481742859
v -0.01162710040807724 0.018401317298412323 0.7948779463768005
v -0.012722022831439972 0.023632608354091644 0.8105718493461609
v -0.010045550763607025 0.023632608354091644 0.7476747632026672
v -0.009923890233039856 0.018401317298412323 0.7476747632026672
v -0.007734052836894989 0.013170033693313599 0.7319808602333069
v -0.009193949401378632 0.013170033693313599 0.7685999274253845
v -0.006639130413532257 0.007817089557647705 0.763368546962738
v -0.004692606627941132 0.007817089557647705 0.7161653637886047
v -0.006639130413532257 0.013170033693313599 0.7161653637886047
v -0.003841005265712738 0.007817089557647705 0.7004714608192444
v -0.002137795090675354 0.0025858059525489807 0.7057028412818909
v -0.00761239230632782 0.018401317298412323 0.7161653637886047
v -0.002016134560108185 0.0025858059525489807 0.6952401995658875
v 0.0002953633666038513 -0.0026454851031303406 0.6952401995658875
v 0.00005204975605010986 -0.0026454851031303406 0.6898872256278992
v -0.0017728209495544434 0.0025858059525489807 0.6898872256278992
v 0.00005204975605010986 -0.0026454851031303406 0.6846559643745422
v -0.0018944740295410156 0.007817089557647705 0.6846559643745422
v 0.0011469647288322449 -0.0026454851031303406 0.7109341025352478
v -0.005057580769062042 0.013170033693313599 0.7004714608192444
v -0.0022594481706619263 0.0025858059525489807 0.7161653637886047
v 0.0026068612933158875 -0.004105374217033386 0.7213966250419617
v -0.00019127130508422852 -0.0026454851031303406 0.7791841626167297
v 0.0026068612933158875 -0.004348695278167725 0.7372121214866638
v 0.0026068612933158875 -0.005565270781517029 0.7791841626167297
v 0.0026068612933158875 -0.005565270781517029 0.8211560845375061
v 0.0026068612933158875 -0.004348695278167725 0.7109341025352478
v -0.002624422311782837 0.0007609352469444275 0.7739527821540833
v -0.00846400111913681 0.018401317298412323 0.7266278862953186
v -0.010532185435295105 0.013170033693313599 0.83161860704422
v -0.01564180850982666 0.02886389195919037 0.973228394985199
v -0.015398494899272919 0.02886389195919037 0.9784596562385559
v -0.013208657503128052 0.023632608354091644 0.9890438914299011
v -0.007855713367462158 0.010128587484359741 0.9890438914299011
v -0.012235395610332489 0.013170033693313599 0.973228394985199
v -0.0012861862778663635 0.0025858059525489807 0.9890438914299011
v -0.004205979406833649 0.0025858059525489807 0.9838126301765442
v 0.007838144898414612 -0.004105374217033386 0.9890438914299011
v 0.0026068612933158875 -0.0026454851031303406 0.9868540167808533
v 0.0026068612933158875 -0.004105374217033386 0.9838126301765442
v -0.002624422311782837 0.0000309869647026062 0.9784596562385559
v -0.0012861862778663635 -0.0026454851031303406 0.8735906481742859
v 0.004675045609474182 -0.007876768708229065 0.8735906481742859
v 0.018422380089759827 -0.011526502668857574 0.7476747632026672
v 0.007838144898414612 -0.008241742849349976 0.7161653637886047
v 0.0026068612933158875 -0.004956983029842377 0.9784596562385559
v 0.013069435954093933 -0.010431580245494843 0.9784596562385559
v 0.02365366369485855 -0.012013137340545654 0.7319808602333069
v 0.028884947299957275 -0.012013137340545654 0.7213966250419617
v 0.028884947299957275 -0.012621425092220306 0.7109341025352478
v 0.0341162383556366 -0.010066613554954529 0.7213966250419617
v 0.0341162383556366 -0.011283189058303833 0.7057028412818909
v 0.028884947299957275 -0.01359468698501587 0.7004714608192444
v 0.0341162383556366 -0.013716347515583038 0.6898872256278992
v 0.028884947299957275 -0.014446288347244263 0.6952401995658875
v 0.028884947299957275 -0.015784528106451035 0.6898872256278992
v 0.0341162383556366 -0.01833934336900711 0.6771132349967957
v 0.028884947299957275 -0.019555918872356415 0.6794247031211853
v 0.0341162383556366 -0.023570626974105835 0.6660423874855042
v 0.028884947299957275 -0.023570626974105835 0.6710303425788879
v 0.028884947299957275 -0.02977517619729042 0.658499538898468
v 0.030953139066696167 -0.028801914304494858 0.658499538898468
v 0.0341162383556366 -0.02941020578145981 0.6532682776451111
v 0.028884947299957275 -0.012013137340545654 0.7424435019493103
v 0.018422380089759827 -0.011283189058303833 0.9784596562385559
v 0.005891621112823486 -0.007876768708229065 0.7685999274253845
v -0.008707314729690552 0.007817089557647705 0.8735906481742859
v 0.0341162383556366 -0.00982329249382019 0.9364877343177795
v 0.018422380089759827 -0.012621425092220306 0.7896466851234436
v 0.0341162383556366 -0.007876768708229065 0.9728633761405945
v 0.0341162383556366 -0.007268480956554413 0.9784596562385559
v 0.0341162383556366 -0.010553240776062012 0.763368546962738
v -0.008950628340244293 0.023632608354091644 0.7319808602333069
v 0.007838144898414612 -0.008363403379917145 0.9784596562385559
v 0.007838144898414612 -0.008971691131591797 0.7057028412818909
v 0.013069435954093933 -0.010553240776062012 0.7109341025352478
v 0.0026068612933158875 -0.00544361025094986 0.7004714608192444
v 0.0018769130110740662 -0.007876768708229065 0.6794247031211853
v 0.0010253116488456726 -0.0026454851031303406 0.6689621806144714
v 0.0021202340722084045 -0.007876768708229065 0.658499538898468
v 0.004553385078907013 -0.01833934336900711 0.663730800151825
v 0.002850174903869629 -0.01310805231332779 0.6479153037071228
v 0.0030934959650039673 -0.01833934336900711 0.6426840424537659
v 0.003945097327232361 -0.023570626974105835 0.6426840424537659
v 0.0037017837166786194 -0.023570626974105835 0.6374527812004089
v 0.0037017837166786194 -0.01833934336900711 0.632221519947052
v 0.0037017837166786194 -0.023570626974105835 0.632221519947052
v 0.013069435954093933 -0.028680257499217987 0.658499538898468
v 0.005040019750595093 -0.028801914304494858 0.632221519947052
v -0.003354370594024658 0.007817089557647705 0.6952401995658875
v 0.007838144898414612 -0.020529184490442276 0.6689621806144714
v 0.013069435954093933 -0.00945831835269928 0.9838126301765442
v 0.013069435954093933 -0.0646909698843956 -0.6847244501113892
v 0.009419701993465424 -0.055080004036426544 0.2492426037788391
v 0.028884947299957275 -0.010066613554954529 0.9784596562385559
v 0.018422380089759827 -0.01030992716550827 0.9838126301765442
v 0.005526646971702576 -0.028801914304494858 0.6374527812004089
v 0.02365366369485855 -0.01310805231332779 0.7791841626167297
v 0.028884947299957275 -0.00909334421157837 0.9838126301765442
v 0.007838144898414612 -0.0581214502453804 -0.789593517780304
v 0.03143976628780365 -0.007876768708229065 0.9838126301765442
v 0.02365366369485855 -0.0659075528383255 -0.4538179039955139
v 0.013069435954093933 -0.007876768708229065 0.9869757294654846
v 0.018422380089759827 -0.007876768708229065 0.988070547580719
v 0.018422380089759827 -0.006903506815433502 0.9890438914299011
v 0.013069435954093933 -0.006051905453205109 0.9890438914299011
v 0.02365366369485855 -0.01030992716550827 0.9838126301765442
v 0.013069435954093933 -0.055931609123945236 -0.7948248386383057
v 0.007838144898414612 -0.0076334550976753235 0.9838126301765442
v 0.00808146595954895 -0.039386145770549774 0.6112963557243347
v 0.013069435954093933 -0.043765828013420105 0.6112963557243347
v -0.003719344735145569 -0.0446174331009388 -0.7948248386383057
v 0.0341162383556366 -0.006416872143745422 0.9838126301765442
v 0.028884947299957275 -0.005686931312084198 0.9890438914299011
v 0.03484618663787842 -0.0026454851031303406 0.9890438914299011
v -0.01162710040807724 0.013170033693313599 0.8840531706809998
v 0.004675045609474182 -0.028801914304494858 0.6269901394844055
v 0.018422380089759827 -0.01310805231332779 0.9155625700950623
v 0.007838144898414612 -0.061406210064888 -0.28593015670776367
v 0.02365366369485855 -0.007876768708229065 0.988070547580719
v 0.02365366369485855 -0.06006797403097153 0.24401134252548218
v 0.006256595253944397 -0.06031129136681557 -0.6375212669372559
v -0.004205979406833649 0.0025858059525489807 0.8159248232841492
v -0.01174876093864441 0.013170033693313599 0.9470719695091248
v 0.007838144898414612 -0.0581214502453804 -0.789593517780304
v 0.007838144898414612 -0.059338029474020004 -0.7843621969223022
v 0.0026068612933158875 -0.05629658326506615 -0.789593517780304
v 0.0026068612933158875 -0.05726984515786171 -0.7843621969223022
v 0.0026068612933158875 -0.05726984515786171 -0.7843621969223022
v 0.007838144898414612 -0.060189634561538696 -0.7738996744155884
v 0.0026068612933158875 -0.0569048747420311 -0.7686683535575867
v 0.007838144898414612 -0.06079792231321335 -0.7634370923042297
v 0.007838144898414612 -0.06128455325961113 -0.5272992849349976
v 0.007838144898414612 -0.061406210064888 -0.38568955659866333
v 0.006743229925632477 -0.06031129136681557 -0.5483460426330566
v 0.007838144898414612 -0.06189284473657608 -0.5849650502204895
v 0.006256595253944397 -0.06031129136681557 -0.6375212669372559
v 0.006864883005619049 -0.06031129136681557 -0.39092081785202026
v 0.007838144898414612 -0.061406210064888 -0.28593015670776367
v 0.009419701993465424 -0.055080004036426544 0.2492426037788391
v 0.007838144898414612 -0.05349845439195633 0.24401134252548218
v 0.00759483128786087 -0.055080004036426544 0.18099254369735718
v 0.005404993891716003 -0.04984872043132782 0.21250194311141968
v 0.007838144898414612 -0.05702652782201767 0.11286419630050659
v 0.00759483128786087 -0.055080004036426544 0.18099254369735718
v 0.006621569395065308 -0.055080004036426544 0.12855809926986694
v 0.006256595253944397 -0.055080004036426544 0.08135479688644409
v 0.011001251637935638 -0.055080004036426544 0.2807520031929016
v 0.013069435954093933 -0.055444978177547455 0.30690842866897583
v 0.007838144898414612 -0.051430270075798035 0.29644590616226196
v 0.00759483128786087 -0.04984872043132782 0.33841782808303833
v 0.008324779570102692 -0.04984872043132782 0.3646959662437439
v 0.013069435954093933 -0.06323108077049255 -0.737159013748169
v 0.013069435954093933 -0.0646909698843956 -0.6847244501113892
v 0.007838144898414612 -0.06189284473657608 -0.7214651107788086
v 0.013069435954093933 -0.06213615834712982 -0.758205771446228
v 0.007838144898414612 -0.06079792231321335 -0.7634370923042297
v 0.018422380089759827 -0.06688081473112106 -0.21244877576828003
v 0.018422380089759827 -0.06578589230775833 -0.06560778617858887
v 0.013069435954093933 -0.0638393685221672 -0.08130168914794922
v 0.013069435954093933 -0.06505594402551651 -0.22303301095962524
v 0.013069435954093933 -0.05824311077594757 -0.789593517780304
v 0.007838144898414612 -0.0581214502453804 -0.789593517780304
v 0.007838144898414612 -0.055688291788101196 -0.7948248386383057
v 0.013069435954093933 -0.055931609123945236 -0.7948248386383057
v 0.018422380089759827 -0.055323321372270584 -0.7948248386383057
v 0.018422380089759827 -0.05763481929898262 -0.789593517780304
v 0.013069435954093933 -0.055931609123945236 -0.7948248386383057
v 0.013069435954093933 -0.05252519249916077 -0.8001777529716492
v 0.013069435954093933 -0.055931609123945236 -0.7948248386383057
v 0.007838144898414612 -0.052160218358039856 -0.8001777529716492
v 0.007838144898414612 -0.0076334550976753235 0.9838126301765442
v 0.013069435954093933 -0.006051905453205109 0.9890438914299011
v 0.007838144898414612 -0.004105374217033386 0.9890438914299011
v 0.013069435954093933 -0.010553240776062012 0.7109341025352478
v 0.013069435954093933 -0.010066613554954529 0.7213966250419617
v 0.007838144898414612 -0.008971691131591797 0.7057028412818909
v 0.007838144898414612 -0.008241742849349976 0.7161653637886047
v 0.006134942173957825 -0.007876768708229065 0.7057028412818909
v 0.0026068612933158875 -0.004348695278167725 0.7109341025352478
v 0.0026068612933158875 -0.00544361025094986 0.7004714608192444
v 0.028884947299957275 -0.012743085622787476 0.7739527821540833
v 0.02365366369485855 -0.01310805231332779 0.7791841626167297
v 0.02365366369485855 -0.012013137340545654 0.7319808602333069
v 0.028884947299957275 -0.012013137340545654 0.7424435019493103
v 0.0341162383556366 -0.010553240776062012 0.763368546962738
v 0.0026068612933158875 -0.004956983029842377 0.9784596562385559
v 0.007838144898414612 -0.0076334550976753235 0.9838126301765442
v 0.0026068612933158875 -0.004105374217033386 0.9838126301765442
v -0.00006961077451705933 -0.0026454851031303406 0.9784596562385559
v -0.004205979406833649 0.0025858059525489807 0.9838126301765442
v -0.002624422311782837 0.0000309869647026062 0.9784596562385559
v 0.00759483128786087 -0.007876768708229065 0.7266278862953186
v 0.0026068612933158875 -0.004105374217033386 0.7213966250419617
v 0.007838144898414612 -0.008241742849349976 0.7161653637886047
v 0.0026068612933158875 -0.004348695278167725 0.7372121214866638
v 0.005891621112823486 -0.007876768708229065 0.7685999274253845
v 0.005891621112823486 -0.007876768708229065 0.7685999274253845
v 0.004675045609474182 -0.007876768708229065 0.8735906481742859
v 0.0026068612933158875 -0.005565270781517029 0.8211560845375061
v 0.0026068612933158875 -0.00629521906375885 0.9103313088417053
v -0.0012861862778663635 -0.0026454851031303406 0.8735906481742859
v 0.0341162383556366 -0.02941020578145981 0.6532682776451111
v 0.028884947299957275 -0.02977517619729042 0.658499538898468
v 0.028884947299957275 -0.03829122334718704 0.6374527812004089
v 0.033386290073394775 -0.03415485844016075 0.6426840424537659
v 0.0341162383556366 -0.03865619748830795 0.6269901394844055
v 0.028884947299957275 -0.039872776716947556 0.632221519947052
v 0.005404993891716003 -0.04984872043132782 0.21250194311141968
v 0.004675045609474182 -0.0446174331009388 0.26493650674819946
v 0.004431731998920441 -0.0446174331009388 0.2177332043647766
v 0.004553385078907013 -0.039386145770549774 0.2807520031929016
v 0.0018769130110740662 -0.04984872043132782 -0.7214651107788086
v 0.0024852007627487183 -0.0446174331009388 -0.6479837894439697
v 0.001268625259399414 -0.0446174331009388 -0.7423902750015259
v 0.004675045609474182 -0.028801914304494858 0.6269901394844055
v 0.0037017837166786194 -0.023570626974105835 0.632221519947052
v 0.003945097327232361 -0.023570626974105835 0.6269901394844055
v 0.0037017837166786194 -0.01833934336900711 0.632221519947052
v 0.0016335994005203247 -0.007876768708229065 0.6741934418678284
v 0.0005386769771575928 -0.0026454851031303406 0.6741934418678284
v 0.0016335994005203247 -0.007876768708229065 0.6689621806144714
v -0.0017728209495544434 0.0025858059525489807 0.6898872256278992
v -0.0018944740295410156 0.007817089557647705 0.6846559643745422
v 0.00005204975605010986 -0.0026454851031303406 0.6846559643745422
v 0.0018769130110740662 -0.007876768708229065 0.6794247031211853
v 0.002363547682762146 -0.007876768708229065 0.6846559643745422
v 0.0010253116488456726 -0.0026454851031303406 0.6689621806144714
v 0.00005204975605010986 -0.0026454851031303406 0.6898872256278992
v 0.0026068612933158875 -0.00544361025094986 0.7004714608192444
v -0.003354370594024658 0.007817089557647705 0.6952401995658875
v -0.005057580769062042 0.013170033693313599 0.7004714608192444
v -0.0018944740295410156 0.007817089557647705 0.6846559643745422
v -0.004205979406833649 0.0025858059525489807 0.8159248232841492
v -0.005300894379615784 0.0025858059525489807 0.8788219094276428
v -0.008707314729690552 0.007817089557647705 0.8735906481742859
v -0.003719344735145569 -0.0446174331009388 -0.7948248386383057
v -0.003719344735145569 -0.0446174331009388 -0.789593517780304
v -0.004327632486820221 -0.039386145770549774 -0.789593517780304
vt 0 1
vt 0 1
vt 0 1
vt 0 1
vt 0 1
vt 0 1
vt 0.4821910560131073 0.7178714871406555
vt 0.4827307164669037 0.7050151824951172
vt 0.4821910560131073 0.6917670965194702
vt 0.5728335976600647 0.3100051283836365
vt 0.5989262461662292 0.3139258623123169
vt 0.5989676713943481 0.3002898693084717
vt 0.6279414892196655 0.3132595419883728
vt 0.625098705291748 0.2989656925201416
vt 0.6338377594947815 0.30368006229400635
vt 0.5495914816856384 0.315954327583313
vt 0.552535891532898 0.30213093757629395
vt 0.5350481271743774 0.31567031145095825
vt 0.5061177611351013 0.30020177364349365
vt 0.4770425856113434 0.31511199474334717
vt 0.46252939105033875 0.3116055130958557
vt 0.4480706751346588 0.29722708463668823
vt 0.4306453764438629 0.3097574710845947
vt 0.3755827844142914 0.29090940952301025
vt 0.3900274336338043 0.30591291189193726
vt 0.36105117201805115 0.3029484152793884
vt 0.32630378007888794 0.2868896722793579
vt 0.6802463531494141 0.3105211853981018
vt 0.6541127562522888 0.2980462908744812
vt 0.5843327045440674 0.3256472945213318
vt 0.549563467502594 0.32148098945617676
vt 0.42182451486587524 0.3235611319541931
vt 0.6220657229423523 0.3297778367996216
vt 0.6366623640060425 0.31880342960357666
vt 0.6598653793334961 0.32122594118118286
vt 0.680175244808197 0.3235563039779663
vt 0.6918151378631592 0.3118579387664795
vt 0.36970236897468567 0.3075171709060669
vt 0.37541836500167847 0.3206790089607239
vt 0.2769531011581421 0.295230507850647
vt 0.2884826362133026 0.3022051453590393
vt 0.4711229205131531 0.3274369239807129
vt 0.5291735529899597 0.33186501264572144
vt 0.5523852705955505 0.33433395624160767
vt 0.28263235092163086 0.31453371047973633
vt 0.25371676683425903 0.3003864884376526
vt 0.7323592305183411 0.3285728693008423
vt 0.7382181286811829 0.3165448307991028
vt 0.7845672965049744 0.33341842889785767
vt 0.7904252409934998 0.3214927911758423
vt 0.8048962354660034 0.33572083711624146
vt 0.6597939133644104 0.33383530378341675
vt 0.8049579858779907 0.3233218789100647
vt 0.802118182182312 0.30892133712768555
vt 0.22177989780902863 0.31062883138656616
vt 0.8107479810714722 0.32469886541366577
vt 0.8107906579971313 0.31156617403030396
vt 0.8049899339675903 0.31591111421585083
vt 0.6801043748855591 0.3356935977935791
vt 0.726503312587738 0.33979368209838867
vt 0.8106961250305176 0.33671319484710693
vt 0.7904956936836243 0.3072326183319092
vt 0.43339475989341736 0.33659666776657104
vt 0.7354131937026978 0.3022823929786682
vt 0.17248603701591492 0.29608410596847534
vt 0.15211458504199982 0.3071178197860718
vt 0.1435103863477707 0.2941244840621948
vt 0.11158844083547592 0.30455678701400757
vt 0.35800743103027344 0.33167314529418945
vt 0.29998505115509033 0.3276299834251404
vt 0.2564823627471924 0.3247857689857483
vt 0.12032074481248856 0.29327672719955444
vt 0.613319993019104 0.3406698703765869
vt 0.6423066258430481 0.34348273277282715
vt 0.5204296112060547 0.3430524468421936
vt 0.4855857193470001 0.3404664397239685
vt 0.7438594698905945 0.3411980867385864
vt 0.8194811940193176 0.3387291431427002
vt 0.5841938853263855 0.3493459224700928
vt 0.21876098215579987 0.3222928047180176
vt 0.09424152225255966 0.29227304458618164
vt 0.08853338658809662 0.28021544218063354
vt 0.08269573748111725 0.27911239862442017
vt 0.07972225546836853 0.29174554347991943
vt 0.7990291714668274 0.34640026092529297
vt 0.6800342798233032 0.34705662727355957
vt 0.06814392656087875 0.29139983654022217
vt 0.07388314604759216 0.30267417430877686
vt 0.06514400988817215 0.31360095739364624
vt 0.8077141046524048 0.3475590944290161
vt 0.3637331426143646 0.34336161613464355
vt 0.4362279176712036 0.34811198711395264
vt 0.27094966173171997 0.336945116519928
vt 0.19846893846988678 0.33222538232803345
vt 0.14338627457618713 0.31809866428375244
vt 0.8164714574813843 0.3491550087928772
vt 0.10279531031847 0.31548959016799927
vt 0.7264348268508911 0.35101330280303955
vt 0.06821780651807785 0.28010958433151245
vt 0.06579000502824783 0.26815736293792725
vt 0.6132473349571228 0.3521309494972229
vt 0.5000524520874023 0.3526964783668518
vt 0.05934973061084747 0.29241955280303955
vt 0.5232573747634888 0.3544600009918213
vt 0.5609174966812134 0.35812413692474365
vt 0.8018415570259094 0.35777729749679565
vt 0.07672165334224701 0.31409621238708496
vt 0.14622581005096436 0.329217791557312
vt 0.7496426105499268 0.3527589440345764
vt 0.8166330456733704 0.3263630270957947
vt 0.6770045161247253 0.35799455642700195
vt 0.7089495658874512 0.36069345474243164
vt 0.8195512294769287 0.3273007273674011
vt 0.8223958015441895 0.33943676948547363
vt 0.8222595453262329 0.3503105044364929
vt 0.05957285687327385 0.26852965354919434
vt 0.056476037949323654 0.28050875663757324
vt 0.5957569479942322 0.36140990257263184
vt 0.37524500489234924 0.3550630807876587
vt 0.45358848571777344 0.36027127504348755
vt 0.5173426866531372 0.36485034227371216
vt 0.2186567336320877 0.34435856342315674
vt 0.26504647731781006 0.34745997190475464
vt 0.05636850371956825 0.3135318160057068
vt 0.8251375555992126 0.3509047031402588
vt 0.8343441486358643 0.3091726303100586
vt 0.8283259868621826 0.3298969268798828
vt 0.834259033203125 0.3203679919242859
vt 0.8371762633323669 0.3211688995361328
vt 0.5608447790145874 0.368976354598999
vt 0.6334874629974365 0.3648614287376404
vt 0.1490686535835266 0.3402177095413208
vt 0.12010332942008972 0.3384014368057251
vt 0.8281926512718201 0.34080779552459717
vt 0.06796419620513916 0.3353474736213684
vt 0.8133974671363831 0.35950934886932373
vt 0.8405013084411621 0.2888750433921814
vt 0.7292614579200745 0.362358033657074
vt 0.7408358454704285 0.3631833791732788
vt 0.7582586407661438 0.36450672149658203
vt 0.07088843733072281 0.3246530294418335
vt 0.056358400732278824 0.33512192964553833
vt 0.05343806743621826 0.31361693143844604
vt 0.8432143330574036 0.31185775995254517
vt 0.8370183706283569 0.3319879174232483
vt 0.833962082862854 0.3420913815498352
vt 0.2476479709148407 0.3570985198020935
vt 0.8430435061454773 0.3226504921913147
vt 0.5985774993896484 0.3724899888038635
vt 0.05347954481840134 0.3351932168006897
vt 0.8492235541343689 0.3025650978088379
vt 0.8495528101921082 0.28053778409957886
vt 0.8490278124809265 0.31334346532821655
vt 0.047680750489234924 0.3355475068092346
vt 0.8614621162414551 0.2732754945755005
vt 0.8604584336280823 0.2838420867919922
vt 0.8676117062568665 0.2750927805900574
vt 0.8582525253295898 0.29429686069488525
vt 0.8673614859580994 0.2858656048774719
vt 0.8763307332992554 0.27747559547424316
vt 0.8765219449996948 0.26668572425842285
vt 0.8852813839912415 0.2690061926841736
vt 0.04746471717953682 0.3029824495315552
vt 0.8854358792304993 0.2580321431159973
vt 0.8939557671546936 0.27112507820129395
vt 0.8677531480789185 0.26421409845352173
vt 0.04454862326383591 0.31423914432525635
vt 0.04481130465865135 0.3400426506996155
vt 0.041857048869132996 0.3360339403152466
vt 0.041736356914043427 0.3252450227737427
vt 0.041592542082071304 0.3144657015800476
vt 0.04441173002123833 0.30323368310928345
vt 0.053417060524225235 0.29167747497558594
vt 0.05040797218680382 0.29189586639404297
vt 0.047237612307071686 0.28140193223953247
vt 0.04421692714095116 0.29248708486557007
vt 0.05346615985035896 0.28075212240219116
vt 0.041361529380083084 0.3033708333969116
vt 0.050376102328300476 0.28104567527770996
vt 0.04719086363911629 0.27053892612457275
vt 0.0505022257566452 0.270064115524292
vt 0.05364390090107918 0.26968103647232056
vt 0.05663085728883743 0.2691535949707031
vt 0.04392492398619652 0.28181684017181396
vt 0.04366810619831085 0.27118396759033203
vt 0.040597960352897644 0.2826085686683655
vt 0.03999924287199974 0.2719353437423706
vt 0.044141922146081924 0.25995397567749023
vt 0.04019938036799431 0.2611665725708008
vt 0.05007121339440346 0.2580321431159973
vt 0.047863759100437164 0.2586519122123718
vt 0.11173789203166962 0.2799937129020691
vt 0.12907031178474426 0.28038489818573
vt 0.14936715364456177 0.28154414892196655
vt 0.18420150876045227 0.2829757332801819
vt 0.22190555930137634 0.2887123227119446
vt 0.05968927592039108 0.2628509998321533
vt 0.037506744265556335 0.2620314955711365
vt 0.2947729229927063 0.5179493427276611
vt 0.2948148846626282 0.530093789100647
vt 0.30930641293525696 0.517763078212738
vt 0.30933865904808044 0.5296201109886169
vt 0.3209315538406372 0.529416561126709
vt 0.320863276720047 0.5150602459907532
vt 0.2890346944332123 0.5298640727996826
vt 0.34995439648628235 0.5175206065177917
vt 0.3469807505607605 0.529348611831665
vt 0.3674313426017761 0.5171140432357788
vt 0.37040701508522034 0.5293596386909485
vt 0.3878878057003021 0.5294474363327026
vt 0.3936176598072052 0.5174072980880737
vt 0.39955732226371765 0.5293878316879272
vt 0.41400593519210815 0.5176466703414917
vt 0.4198843836784363 0.5293475389480591
vt 0.4343656897544861 0.5169242024421692
vt 0.43737587332725525 0.5295429825782776
vt 0.28894302248954773 0.517375111579895
vt 0.2831692695617676 0.5293729901313782
vt 0.2832292318344116 0.5410599708557129
vt 0.28907182812690735 0.5414131879806519
vt 0.4372791051864624 0.516657829284668
vt 0.2744833528995514 0.5397689342498779
vt 0.2772969901561737 0.5282436609268188
vt 0.28599652647972107 0.5167036056518555
vt 0.29483866691589355 0.5414999723434448
vt 0.31225907802581787 0.5408630967140198
vt 0.31806135177612305 0.5407576560974121
vt 0.43743059039115906 0.5408885478973389
vt 0.4403429329395294 0.5407416820526123
vt 0.44028133153915405 0.5290061831474304
vt 0.3326343894004822 0.5405992269515991
vt 0.37631669640541077 0.5406856536865234
vt 0.4228947162628174 0.5406588315963745
vt 0.39959338307380676 0.5406721830368042
vt 0.2832193076610565 0.5522076487541199
vt 0.28031694889068604 0.5518549680709839
vt 0.2890748381614685 0.5525486469268799
vt 0.2948530316352844 0.5525985956192017
vt 0.37890318036079407 0.5518115758895874
vt 0.43744874000549316 0.5519857406616211
vt 0.44033733010292053 0.5520092844963074
vt 0.34426143765449524 0.5517019033432007
vt 0.32098299264907837 0.5518264770507812
vt 0.4403410851955414 0.5630006790161133
vt 0.3122812807559967 0.5519847869873047
vt 0.4247557520866394 0.5628873705863953
vt 0.396653413772583 0.562842607498169
vt 0.37668323516845703 0.562849223613739
vt 0.27339494228363037 0.5506356954574585
vt 0.35007068514823914 0.5627526640892029
vt 0.3355540931224823 0.5627889633178711
vt 0.2861366271972656 0.5634475946426392
vt 0.28905460238456726 0.5635806322097778
vt 0.29486292600631714 0.563618540763855
vt 0.3180924952030182 0.5629062652587891
vt 0.3094066083431244 0.5631107091903687
vt 0.2714292109012604 0.5501855611801147
vt 0.39961689710617065 0.5741536021232605
vt 0.42461490631103516 0.5741995573043823
vt 0.43454036116600037 0.5742586851119995
vt 0.44035401940345764 0.5741536021232605
vt 0.4432242512702942 0.5740609169006348
vt 0.3704567849636078 0.5741510391235352
vt 0.28312599658966064 0.5632481575012207
vt 0.2801566421985626 0.5629008412361145
vt 0.3442443609237671 0.5740901827812195
vt 0.3297472596168518 0.5741884708404541
vt 0.4345233142375946 0.5853413343429565
vt 0.4083034098148346 0.5852882862091064
vt 0.31809672713279724 0.574260413646698
vt 0.3094311058521271 0.5744947195053101
vt 0.4403775930404663 0.5852354764938354
vt 0.37630370259284973 0.5853003859519958
vt 0.44333013892173767 0.5851081609725952
vt 0.44330841302871704 0.5517336130142212
vt 0.27147427201271057 0.5388944149017334
vt 0.30068960785865784 0.5748491287231445
vt 0.27482861280441284 0.5620347261428833
vt 0.44281166791915894 0.5404157638549805
vt 0.2682817280292511 0.5489741563796997
vt 0.26677799224853516 0.5370664000511169
vt 0.44338202476501465 0.543506383895874
vt 0.26198846101760864 0.5350133180618286
vt 0.258434534072876 0.544670581817627
vt 0.26030170917510986 0.534257173538208
vt 0.27119773626327515 0.525593638420105
vt 0.440213143825531 0.5155977010726929
vt 0.4465731382369995 0.5848701000213623
vt 0.4227461516857147 0.5150602459907532
vt 0.4455287754535675 0.5624874830245972
vt 0.4464971721172333 0.5737695097923279
vt 0.2548691928386688 0.5428556203842163
vt 0.2550659477710724 0.531428337097168
vt 0.25434377789497375 0.5425820350646973
vt 0.25117963552474976 0.5409443378448486
vt 0.24959000945091248 0.5401331186294556
vt 0.2502502202987671 0.5292108058929443
vt 0.2477576732635498 0.5279105305671692
vt 0.24756886065006256 0.5391014814376831
vt 0.24370501935482025 0.5370174646377563
vt 0.2398398369550705 0.534931480884552
vt 0.2457055300474167 0.5268059968948364
vt 0.2400728464126587 0.5237730741500854
vt 0.2361036092042923 0.5329560041427612
vt 0.23610755801200867 0.5316343307495117
vt 0.23667366802692413 0.5219674110412598
vt 0.23568816483020782 0.13924217224121094
vt 0.23520758748054504 0.1287226676940918
vt 0.23249171674251556 0.13130944967269897
vt 0.23347929120063782 0.1414203643798828
vt 0.23790894448757172 0.12640619277954102
vt 0.2383715808391571 0.1369837522506714
vt 0.23194950819015503 0.12095743417739868
vt 0.2344970852136612 0.10773122310638428
vt 0.23686696588993073 0.10566562414169312
vt 0.23134751617908478 0.11077767610549927
vt 0.22634796798229218 0.1270129680633545
vt 0.22570547461509705 0.1168639063835144
vt 0.22687411308288574 0.13755375146865845
vt 0.2307024747133255 0.100583016872406
vt 0.23347312211990356 0.09780746698379517
vt 0.22497232258319855 0.10682541131973267
vt 0.22735199332237244 0.14833784103393555
vt 0.22402283549308777 0.14108675718307495
vt 0.2212171107530594 0.1334989070892334
vt 0.21987606585025787 0.12413078546524048
vt 0.22416085004806519 0.09650790691375732
vt 0.21908271312713623 0.11412966251373291
vt 0.23129945993423462 0.06615138053894043
vt 0.2275528907775879 0.05887794494628906
vt 0.2305511236190796 0.05551326274871826
vt 0.2268659621477127 0.048051536083221436
vt 0.23358118534088135 0.052097201347351074
vt 0.23716667294502258 0.06011909246444702
vt 0.23780548572540283 0.07105594873428345
vt 0.24012620747089386 0.0572623610496521
vt 0.22376097738742828 0.05173170566558838
vt 0.22141648828983307 0.06593328714370728
vt 0.235894575715065 0.04944115877151489
vt 0.21818412840366364 0.10394108295440674
vt 0.2199428230524063 0.056172072887420654
vt 0.2182895988225937 0.06977176666259766
vt 0.2300087809562683 0.04420047998428345
vt 0.24131831526756287 0.07945996522903442
vt 0.2396177500486374 0.10341286659240723
vt 0.24365216493606567 0.06604260206222534
vt 0.24060994386672974 0.12442976236343384
vt 0.22366996109485626 0.04003721475601196
vt 0.2119651436805725 0.11219000816345215
vt 0.21380206942558289 0.1324019432067871
vt 0.2129768431186676 0.12231898307800293
vt 0.21448282897472382 0.14278662204742432
vt 0.21986842155456543 0.04453223943710327
vt 0.2172759771347046 0.059424757957458496
vt 0.2111494243144989 0.10200071334838867
vt 0.2320287525653839 0.04163151979446411
vt 0.21500660479068756 0.15368342399597168
vt 0.2164246141910553 0.04885852336883545
vt 0.20970289409160614 0.12701082229614258
vt 0.21059177815914154 0.13709676265716553
vt 0.20866243541240692 0.11682581901550293
vt 0.21290864050388336 0.053261399269104004
vt 0.20997284352779388 0.06864345073699951
vt 0.20700739324092865 0.07250362634658813
vt 0.20751358568668365 0.10695242881774902
vt 0.20609775185585022 0.09640336036682129
vt 0.21225003898143768 0.042340874671936035
vt 0.21126151084899902 0.14767152070999146
vt 0.216464102268219 0.03685253858566284
vt 0.22149626910686493 0.15628421306610107
vt 0.2431151419878006 0.05415123701095581
vt 0.20447717607021332 0.1348353624343872
vt 0.20336955785751343 0.12440872192382812
vt 0.20256930589675903 0.11373716592788696
vt 0.2019924521446228 0.10271096229553223
vt 0.20587332546710968 0.14449477195739746
vt 0.2075859159231186 0.15369081497192383
vt 0.21173661947250366 0.15893399715423584
vt 0.20496253669261932 0.0632944107055664
vt 0.20834363996982574 0.04713410139083862
vt 0.20457594096660614 0.05204439163208008
vt 0.20395982265472412 0.04103291034698486
vt 0.20966143906116486 0.16243678331375122
vt 0.23337596654891968 0.1531616449356079
vt 0.21536245942115784 0.16540658473968506
vt 0.24105551838874817 0.13503307104110718
vt 0.2361074686050415 0.15028023719787598
vt 0.22480909526348114 0.1638859510421753
vt 0.22771356999874115 0.15990710258483887
vt 0.23849272727966309 0.14800864458084106
vt 0.2414742261171341 0.14575940370559692
vt 0.24289651215076447 0.11217010021209717
vt 0.22801710665225983 0.03344947099685669
vt 0.21206995844841003 0.1709308624267578
vt 0.24713417887687683 0.07544559240341187
vt 0.2466098666191101 0.06386739015579224
vt 0.23971045017242432 0.044425010681152344
vt 0.2418147176504135 0.04115176200866699
vt 0.24480222165584564 0.0887804627418518
vt 0.23649166524410248 0.16176873445510864
vt 0.2337455302476883 0.16480642557144165
vt 0.22800470888614655 0.17218470573425293
vt 0.23919758200645447 0.15909433364868164
vt 0.25017043948173523 0.07358413934707642
vt 0.2202991545200348 0.031083285808563232
vt 0.24376362562179565 0.13355648517608643
vt 0.2441549301147461 0.14429140090942383
vt 0.24187040328979492 0.15701919794082642
vt 0.21556220948696136 0.1781356930732727
vt 0.2497887909412384 0.06478327512741089
vt 0.20403337478637695 0.16001665592193604
vt 0.21033179759979248 0.03250020742416382
vt 0.2022947072982788 0.1505192518234253
vt 0.2060939073562622 0.1690102219581604
vt 0.2067556083202362 0.03759145736694336
vt 0.2008722722530365 0.14051485061645508
vt 0.19963648915290833 0.1297907829284668
vt 0.2009999006986618 0.06823605298995972
vt 0.20048058032989502 0.057169198989868164
vt 0.19958648085594177 0.04677015542984009
vt 0.19877490401268005 0.11877936124801636
vt 0.22504769265651703 0.17654770612716675
vt 0.20855437219142914 0.17755097150802612
vt 0.24613268673419952 0.0499301552772522
vt 0.23682719469070435 0.17408668994903564
vt 0.2006264626979828 0.16653776168823242
vt 0.23955610394477844 0.17123150825500488
vt 0.23324207961559296 0.17859071493148804
vt 0.24612219631671906 0.12156188488006592
vt 0.24961300194263458 0.06085020303726196
vt 0.252541720867157 0.05712747573852539
vt 0.24650795757770538 0.1323750615119934
vt 0.24454639852046967 0.15551644563674927
vt 0.22820904850959778 0.18544459342956543
vt 0.20277443528175354 0.17578184604644775
vt 0.24224936962127686 0.16902732849121094
vt 0.24687591195106506 0.14322811365127563
vt 0.2114824652671814 0.18576538562774658
vt 0.19890236854553223 0.15654683113098145
vt 0.1974276900291443 0.14624732732772827
vt 0.2052341252565384 0.18448656797409058
vt 0.21354398131370544 0.027108430862426758
vt 0.19778259098529816 0.09603577852249146
vt 0.197247713804245 0.07098686695098877
vt 0.2371191680431366 0.1877472996711731
vt 0.20114055275917053 0.03197973966598511
vt 0.25313472747802734 0.07172900438308716
vt 0.25074729323387146 0.08577799797058105
vt 0.2481974959373474 0.09841978549957275
vt 0.2537427842617035 0.08454793691635132
vt 0.2560581862926483 0.06943202018737793
vt 0.24494028091430664 0.16744816303253174
vt 0.23988616466522217 0.18468612432479858
vt 0.24262003600597382 0.1821574568748474
vt 0.23428082466125488 0.1915305256843567
vt 0.22310703992843628 0.19407939910888672
vt 0.21552565693855286 0.19501322507858276
vt 0.23610450327396393 0.033875465393066406
vt 0.25283583998680115 0.06471514701843262
vt 0.2472633272409439 0.15456807613372803
vt 0.20424805581569672 0.027108430862426758
vt 0.20812922716140747 0.19285738468170166
vt 0.24766503274440765 0.16647905111312866
vt 0.2552123963832855 0.0515628457069397
vt 0.22828556597232819 0.2021108865737915
vt 0.24934221804141998 0.13170039653778076
vt 0.24961842596530914 0.14082729816436768
vt 0.2542369067668915 0.09652483463287354
vt 0.25677767395973206 0.08337604999542236
vt 0.25889021158218384 0.06461995840072632
vt 0.24534420669078827 0.1806279420852661
vt 0.2190897911787033 0.20155459642410278
vt 0.21144817769527435 0.2010033130645752
vt 0.24927400052547455 0.04855155944824219
vt 0.25237756967544556 0.05020153522491455
vt 0.24606899917125702 0.04614835977554321
vt 0.23724624514579773 0.19731181859970093
vt 0.2500613331794739 0.15416502952575684
vt 0.1997089982032776 0.1829615831375122
vt 0.19747284054756165 0.17371219396591187
vt 0.2401481717824936 0.19900858402252197
vt 0.25585588812828064 0.06477993726730347
vt 0.25232431292533875 0.13122642040252686
vt 0.2481052726507187 0.1797558069229126
vt 0.2250811606645584 0.21129047870635986
vt 0.20223602652549744 0.19172745943069458
vt 0.21527424454689026 0.2090146541595459
vt 0.243022620677948 0.1998993158340454
vt 0.23436644673347473 0.20850175619125366
vt 0.2504768967628479 0.16624683141708374
vt 0.2051170915365219 0.20021933317184448
vt 0.23735636472702026 0.21091604232788086
vt 0.22166359424591064 0.21958494186401367
vt 0.2509375214576721 0.17953646183013916
vt 0.20840279757976532 0.20849871635437012
vt 0.22817161679267883 0.21533864736557007
vt 0.24585425853729248 0.19949305057525635
vt 0.2403143048286438 0.2125369906425476
vt 0.25736281275749207 0.09602373838424683
vt 0.25965970754623413 0.07943564653396606
vt 0.261924684047699 0.06396007537841797
vt 0.25787171721458435 0.108070969581604
vt 0.26050233840942383 0.0956680178642273
vt 0.25535738468170166 0.13124173879623413
vt 0.2625986635684967 0.07731068134307861
vt 0.2556593120098114 0.1427026391029358
vt 0.2560214102268219 0.15454262495040894
vt 0.25344768166542053 0.16641801595687866
vt 0.24868473410606384 0.1982373595237732
vt 0.2514904737472534 0.1946989893913269
vt 0.23432941734790802 0.22159558534622192
vt 0.243252232670784 0.21335256099700928
vt 0.21218204498291016 0.2166845202445984
vt 0.24617087841033936 0.21318626403808594
vt 0.22795984148979187 0.22809797525405884
vt 0.24907666444778442 0.2116612195968628
vt 0.2148248702287674 0.22181308269500732
vt 0.23735381662845612 0.22382181882858276
vt 0.26104557514190674 0.10837143659591675
vt 0.2636316418647766 0.0953405499458313
vt 0.2655593454837799 0.07550638914108276
vt 0.25647813081741333 0.16710615158081055
vt 0.25398167967796326 0.18023645877838135
vt 0.25446972250938416 0.19176065921783447
vt 0.2403779923915863 0.22542405128479004
vt 0.19946710765361786 0.19933563470840454
vt 0.23418840765953064 0.23426729440689087
vt 0.20238171517848969 0.20799517631530762
vt 0.24340930581092834 0.2263604998588562
vt 0.20566128194332123 0.21632730960845947
vt 0.22126761078834534 0.23205780982971191
vt 0.26433393359184265 0.10874688625335693
vt 0.2667282521724701 0.09450525045394897
vt 0.261475145816803 0.12058287858963013
vt 0.2663533091545105 0.088897705078125
vt 0.25883448123931885 0.14349699020385742
vt 0.26984384655952454 0.09364533424377441
vt 0.2674008905887604 0.10511505603790283
vt 0.26488620042800903 0.12161540985107422
vt 0.25709110498428345 0.1812831163406372
vt 0.25921401381492615 0.15565639734268188
vt 0.23726369440555573 0.23652797937393188
vt 0.2520226538181305 0.20966660976409912
vt 0.20939350128173828 0.2246640920639038
vt 0.22763124108314514 0.2404017448425293
vt 0.24642539024353027 0.2261427640914917
vt 0.25971025228500366 0.16857022047042847
vt 0.24035929143428802 0.2381836175918579
vt 0.21425166726112366 0.23420560359954834
vt 0.2207493633031845 0.2441112995147705
vt 0.2550762891769409 0.20616281032562256
vt 0.26040685176849365 0.1831878423690796
vt 0.24349328875541687 0.2392522692680359
vt 0.23392680287361145 0.24655890464782715
vt 0.24944357573986053 0.22504186630249023
vt 0.2710655629634857 0.11009073257446289
vt 0.2688618302345276 0.12309879064559937
vt 0.2660192847251892 0.134590744972229
vt 0.2581234574317932 0.20176410675048828
vt 0.26115164160728455 0.19567149877548218
vt 0.2742760181427002 0.1076471209526062
vt 0.2754146456718445 0.1222040057182312
vt 0.2626076936721802 0.1573842167854309
vt 0.25247982144355774 0.2229481339454651
vt 0.26315754652023315 0.17063528299331665
vt 0.24664326012134552 0.23896515369415283
vt 0.2370489537715912 0.2489827275276184
vt 0.22720414400100708 0.25244760513305664
vt 0.2335425615310669 0.2585698366165161
vt 0.2402149736881256 0.2506920099258423
vt 0.2556459605693817 0.21979933977127075
vt 0.27240821719169617 0.1328655481338501
vt 0.24978108704090118 0.23787659406661987
vt 0.20691800117492676 0.23302066326141357
vt 0.21000972390174866 0.23934853076934814
vt 0.20323002338409424 0.22461473941802979
vt 0.25875595211982727 0.21571773290634155
vt 0.2647920548915863 0.18643063306808472
vt 0.27945688366889954 0.1283475160598755
vt 0.2529081404209137 0.23593300580978394
vt 0.2699139714241028 0.16217321157455444
vt 0.2234186977148056 0.26004016399383545
vt 0.27652209997177124 0.13884931802749634
vt 0.27759215235710144 0.15603232383728027
vt 0.2707362473011017 0.17649811506271362
vt 0.2693027853965759 0.19036173820495605
vt 0.28082332015037537 0.1453409194946289
vt 0.2819751799106598 0.1606121063232422
vt 0.27652469277381897 0.18242955207824707
vt 0.6444696187973022 0.14755713939666748
vt 0.6458709239959717 0.16216343641281128
vt 0.6470106840133667 0.15105479955673218
vt 0.6407754421234131 0.15550017356872559
vt 0.642160952091217 0.1703067421913147
vt 0.6419425010681152 0.1438133716583252
vt 0.6396028399467468 0.16714191436767578
vt 0.6446734666824341 0.17388033866882324
vt 0.6483508348464966 0.16614174842834473
vt 0.6495084762573242 0.15491777658462524
vt 0.6471402645111084 0.17801856994628906
vt 0.6408801674842834 0.18285644054412842
vt 0.6383208632469177 0.1797075867652893
vt 0.6433773636817932 0.18659144639968872
vt 0.6356809139251709 0.1771221160888672
vt 0.6458314061164856 0.1909361481666565
vt 0.6508035659790039 0.17066556215286255
vt 0.6519709229469299 0.15939301252365112
vt 0.6495818495750427 0.18275433778762817
vt 0.6342224478721619 0.16239148378372192
vt 0.6354556679725647 0.149821937084198
vt 0.6392163634300232 0.1416218876838684
vt 0.6329472064971924 0.17507541179656982
vt 0.6372593641281128 0.1898963451385498
vt 0.6348325610160828 0.18515688180923462
vt 0.6397509574890137 0.19383364915847778
vt 0.64230877161026 0.19717144966125488
vt 0.645538866519928 0.1369728446006775
vt 0.6481026411056519 0.14053308963775635
vt 0.6429271697998047 0.1337287425994873
vt 0.6506196856498718 0.1444501280784607
vt 0.6295781135559082 0.14703381061553955
vt 0.6284302473068237 0.15914511680603027
vt 0.6306479573249817 0.1353042721748352
vt 0.637504518032074 0.12815725803375244
vt 0.6271134614944458 0.17228013277053833
vt 0.6384703516960144 0.11733818054199219
vt 0.6439505219459534 0.12320250272750854
vt 0.6316662430763245 0.08783620595932007
vt 0.6286010146141052 0.08577525615692139
vt 0.6268671154975891 0.07090884447097778
vt 0.6327625513076782 0.07598501443862915
vt 0.6346607208251953 0.09008216857910156
vt 0.6356844902038574 0.07873499393463135
vt 0.6340354681015015 0.06311869621276855
vt 0.6370809674263 0.06439554691314697
vt 0.6414739489555359 0.08494424819946289
vt 0.6312312483787537 0.059620559215545654
vt 0.6224588751792908 0.08194559812545776
vt 0.6211962103843689 0.09487086534500122
vt 0.6276082992553711 0.13407450914382935
vt 0.6192640066146851 0.08048391342163086
vt 0.6265274882316589 0.1460147500038147
vt 0.6491842269897461 0.13026750087738037
vt 0.6239864826202393 0.0680193305015564
vt 0.6206372380256653 0.06900882720947266
vt 0.6244904398918152 0.1326603889465332
vt 0.6232548356056213 0.10829734802246094
vt 0.6251344084739685 0.15840667486190796
vt 0.622940182685852 0.14965218305587769
vt 0.6173071265220642 0.09891164302825928
vt 0.618116021156311 0.1281299591064453
vt 0.6273903250694275 0.06604355573654175
vt 0.6142595410346985 0.09365397691726685
vt 0.624742865562439 0.0613710880279541
vt 0.6442936062812805 0.08838337659835815
vt 0.6502602696418762 0.12016069889068604
vt 0.639706552028656 0.0699736475944519
vt 0.6409578919410706 0.05714648962020874
vt 0.645357608795166 0.07754290103912354
vt 0.6437417268753052 0.061860620975494385
vt 0.6517212390899658 0.13427770137786865
vt 0.6481422185897827 0.0812801718711853
vt 0.649238109588623 0.07048386335372925
vt 0.6464999914169312 0.06609690189361572
vt 0.6503744125366211 0.058999836444854736
vt 0.6519626379013062 0.07485473155975342
vt 0.6528240442276001 0.12435972690582275
vt 0.6531068682670593 0.14881974458694458
vt 0.6445086598396301 0.0537799596786499
vt 0.6542321443557739 0.13866502046585083
vt 0.6546720266342163 0.07938277721405029
vt 0.6530998945236206 0.06388604640960693
vt 0.6553615927696228 0.12873578071594238
vt 0.6476728916168213 0.0538446307182312
vt 0.6131104826927185 0.10444462299346924
vt 0.6236413717269897 0.17213529348373413
vt 0.6160651445388794 0.07852530479431152
vt 0.6105950474739075 0.09431302547454834
vt 0.6165929436683655 0.14414137601852417
vt 0.6214704513549805 0.16421228647232056
vt 0.6122463345527649 0.08158308267593384
vt 0.63109290599823 0.1921788454055786
vt 0.6262418031692505 0.18009233474731445
vt 0.6315292119979858 0.056594252586364746
vt 0.6385103464126587 0.04966461658477783
vt 0.6089109182357788 0.10873109102249146
vt 0.606425404548645 0.09843754768371582
vt 0.6335228681564331 0.19730150699615479
vt 0.6150966286659241 0.15815657377243042
vt 0.6555922031402588 0.1536959409713745
vt 0.6507154703140259 0.05517995357513428
vt 0.6080835461616516 0.08638733625411987
vt 0.6200262904167175 0.17680007219314575
vt 0.635993480682373 0.20178842544555664
vt 0.622450053691864 0.18465954065322876
vt 0.6248669028282166 0.19173723459243774
vt 0.6297935247421265 0.20357650518417358
vt 0.6323769688606262 0.20760995149612427
vt 0.6355952620506287 0.047188758850097656
vt 0.6567469835281372 0.14351767301559448
vt 0.6220160722732544 0.057388901710510254
vt 0.6552810668945312 0.05404025316238403
vt 0.6565186381340027 0.11890643835067749
vt 0.6482530832290649 0.19610071182250977
vt 0.6579079031944275 0.1335095763206482
vt 0.6449344754219055 0.20002788305282593
vt 0.6476588249206543 0.20226842164993286
vt 0.6285475492477417 0.055038273334503174
vt 0.6585901379585266 0.07370460033416748
vt 0.6569510698318481 0.057462215423583984
vt 0.6581524610519409 0.15921860933303833
vt 0.6569805145263672 0.17033320665359497
vt 0.6557773351669312 0.18195700645446777
vt 0.659336268901825 0.14886999130249023
vt 0.6410925388336182 0.2092025876045227
vt 0.6545261144638062 0.19463461637496948
vt 0.6605319976806641 0.13882052898406982
vt 0.6603156328201294 0.11393213272094727
vt 0.6572777032852173 0.05322903394699097
vt 0.6613709330558777 0.07876795530319214
vt 0.6437441110610962 0.212149977684021
vt 0.6347788572311401 0.2130069136619568
vt 0.6617563366889954 0.12898141145706177
vt 0.6625679731369019 0.0683598518371582
vt 0.660635232925415 0.050423622131347656
vt 0.6630088090896606 0.11927884817123413
vt 0.6535481810569763 0.20497620105743408
vt 0.6619265079498291 0.15480661392211914
vt 0.6595185399055481 0.17681533098220825
vt 0.6607235670089722 0.16552281379699707
vt 0.6373457908630371 0.21693968772888184
vt 0.646496057510376 0.21452760696411133
vt 0.6631662249565125 0.14466941356658936
vt 0.6644201874732971 0.13468718528747559
vt 0.6682629585266113 0.07951748371124268
vt 0.6660323739051819 0.06217533349990845
vt 0.6582935452461243 0.18894678354263306
vt 0.6135776042938232 0.17045533657073975
vt 0.6071822643280029 0.12372791767120361
vt 0.6047496199607849 0.11098140478134155
vt 0.6022277474403381 0.10139983892440796
vt 0.6210354566574097 0.19588017463684082
vt 0.6234920620918274 0.2026786208152771
vt 0.6185676455497742 0.1881861686706543
vt 0.6031146049499512 0.12413012981414795
vt 0.6117987036705017 0.16321897506713867
vt 0.6005157828330994 0.11310303211212158
vt 0.6399602293968201 0.22048062086105347
vt 0.6425241231918335 0.223394513130188
vt 0.6285058259963989 0.21437209844589233
vt 0.6524257063865662 0.21771842241287231
vt 0.6310235857963562 0.21933716535568237
vt 0.6335826516151428 0.22383719682693481
vt 0.5979673266410828 0.10293638706207275
vt 0.6570203304290771 0.20220792293548584
vt 0.6170819401741028 0.19899111986160278
vt 0.612019419670105 0.18170291185379028
vt 0.5988099575042725 0.12483280897140503
vt 0.6195904612541199 0.20643562078475952
vt 0.6094317436218262 0.17167484760284424
vt 0.622096598148346 0.21316182613372803
vt 0.6272072792053223 0.22491472959518433
vt 0.5961558818817139 0.11325478553771973
vt 0.638862669467926 0.23143255710601807
vt 0.6023502349853516 0.16020184755325317
vt 0.610365092754364 0.1924738883972168
vt 0.6297178268432617 0.23036909103393555
vt 0.6454559564590454 0.22599154710769653
vt 0.6636742353439331 0.057154297828674316
vt 0.6675117611885071 0.0509953498840332
vt 0.664268434047699 0.04718881845474243
vt 0.6657218337059021 0.12493902444839478
vt 0.6633899807929993 0.1727299690246582
vt 0.6621467471122742 0.18441236019134521
vt 0.6646293997764587 0.16167068481445312
vt 0.665889322757721 0.15113091468811035
vt 0.667169988155365 0.14090120792388916
vt 0.6695072650909424 0.0691155195236206
vt 0.6696233153343201 0.056019365787506104
vt 0.6608957052230835 0.19717127084732056
vt 0.655750036239624 0.21827876567840576
vt 0.651424765586853 0.22976559400558472
vt 0.6350573897361755 0.23856115341186523
vt 0.6416096687316895 0.23455286026000977
vt 0.6685173511505127 0.1310180425643921
vt 0.6311477422714233 0.24530452489852905
vt 0.6206386089324951 0.22369998693466187
vt 0.6690160632133484 0.18958652019500732
vt 0.6155005693435669 0.20949602127075195
vt 0.6180668473243713 0.2168915867805481
vt 0.644446611404419 0.23722797632217407
vt 0.6611278057098389 0.21715962886810303
vt 0.6677122116088867 0.20250529050827026
vt 0.670033872127533 0.17678022384643555
vt 0.6699143052101135 0.12089914083480835
vt 0.6717730164527893 0.16650623083114624
vt 0.6665894389152527 0.21423494815826416
vt 0.6724941730499268 0.07534795999526978
vt 0.6742279529571533 0.06603211164474487
vt 0.6745464205741882 0.05257058143615723
vt 0.6755210161209106 0.0817367434501648
vt 0.654621422290802 0.2306618094444275
vt 0.6731651425361633 0.15571630001068115
vt 0.6504878401756287 0.24149161577224731
vt 0.674555778503418 0.14515680074691772
vt 0.6587129235267639 0.23086899518966675
vt 0.6405763626098633 0.24551665782928467
vt 0.6258527040481567 0.23551666736602783
vt 0.6654049158096313 0.22891050577163696
vt 0.6703462600708008 0.1940867304801941
vt 0.6077398061752319 0.18256855010986328
vt 0.6434677243232727 0.2482980489730835
vt 0.6366761326789856 0.25328540802001953
vt 0.6760302782058716 0.13470923900604248
vt 0.6699078679084778 0.2107757329940796
vt 0.6735000610351562 0.18793141841888428
vt 0.6537579894065857 0.2426290512084961
vt 0.6743742227554321 0.11762303113937378
vt 0.6165359020233154 0.22704339027404785
vt 0.6496056318283081 0.2530299425125122
vt 0.664478600025177 0.24246329069137573
vt 0.6749855875968933 0.17669910192489624
vt 0.657167375087738 0.24322903156280518
vt 0.6685853600502014 0.22682487964630127
vt 0.6395422220230103 0.2566991448402405
vt 0.6258766055107117 0.26173049211502075
vt 0.62450110912323 0.24591147899627686
vt 0.6191758513450623 0.23383760452270508
vt 0.6138904094696045 0.21957474946975708
vt 0.6085571646690369 0.20213109254837036
vt 0.5969859957695007 0.13609272241592407
vt 0.6734600067138672 0.2054263949394226
vt 0.6315693855285645 0.2709818482398987
vt 0.6287079453468323 0.2666587829589844
vt 0.6060324311256409 0.19282960891723633
vt 0.600554883480072 0.17074942588806152
vt 0.6231001615524292 0.2562713623046875
vt 0.6415256261825562 0.27089923620224
vt 0.5939017534255981 0.12164580821990967
vt 0.6069061160087585 0.21231985092163086
vt 0.634479284286499 0.2751237750053406
vt 0.6487306356430054 0.26479923725128174
vt 0.6769300103187561 0.058504581451416016
vt 0.6786292791366577 0.07568126916885376
vt 0.672573447227478 0.22280824184417725
vt 0.6121936440467834 0.22963696718215942
vt 0.6374791264533997 0.27881354093551636
vt 0.6564384698867798 0.2554934620857239
vt 0.6637485027313232 0.2551599144935608
vt 0.6161344051361084 0.25418001413345337
vt 0.5951662659645081 0.14650201797485352
vt 0.6042320132255554 0.20258229970932007
vt 0.6133543252944946 0.24724328517913818
vt 0.6521210074424744 0.2666019797325134
vt 0.6686665415763855 0.24025309085845947
vt 0.6303938031196594 0.28189772367477417
vt 0.6050348281860352 0.22184181213378906
vt 0.6478722095489502 0.27628570795059204
vt 0.621624231338501 0.2665618658065796
vt 0.5995839834213257 0.2014872431755066
vt 0.5968448519706726 0.19044655561447144
vt 0.6405736804008484 0.2821285128593445
vt 0.8159177899360657 0.16852861642837524
vt 0.8135972619056702 0.1813865303993225
vt 0.8192302584648132 0.17688679695129395
vt 0.8130829930305481 0.17070132493972778
vt 0.8175122141838074 0.20008158683776855
vt 0.820330023765564 0.19765377044677734
vt 0.8119124174118042 0.20469015836715698
vt 0.8085097074508667 0.1963866949081421
vt 0.8074051141738892 0.17480063438415527
vt 0.8056684136390686 0.1986585259437561
vt 0.8062827587127686 0.20930355787277222
vt 0.8097254037857056 0.21752983331680298
vt 0.8181321620941162 0.21039068698883057
vt 0.8209211826324463 0.20796537399291992
vt 0.8131968975067139 0.22585058212280273
vt 0.8187934756278992 0.22094112634658813
vt 0.8097494840621948 0.16179484128952026
vt 0.8216018080711365 0.21844595670700073
vt 0.8040770292282104 0.22233247756958008
vt 0.819491982460022 0.2312726378440857
vt 0.822296142578125 0.22870522737503052
vt 0.8047481775283813 0.23324090242385864
vt 0.8082455992698669 0.24139195680618286
vt 0.8174102902412415 0.24430006742477417
vt 0.8117808103561401 0.2494906187057495
vt 0.8028014898300171 0.200839102268219
vt 0.8012098670005798 0.22474521398544312
vt 0.8016240000724792 0.1788589358329773
vt 0.8054085373878479 0.24395602941513062
vt 0.7998970746994019 0.20305615663528442
vt 0.7992783784866333 0.19201147556304932
vt 0.8068849444389343 0.16364628076553345
vt 0.8126177787780762 0.1598067283630371
vt 0.8154667019844055 0.15775978565216064
vt 0.8255318999290466 0.18235188722610474
vt 0.8238281607627869 0.20539063215255737
vt 0.8216759562492371 0.16389882564544678
vt 0.8183172345161438 0.15555179119110107
vt 0.8250189423561096 0.17198127508163452
vt 0.8266881704330444 0.20284324884414673
vt 0.8273590207099915 0.21323347091674805
vt 0.8253412842750549 0.22592324018478394
vt 0.8230773210525513 0.23905140161514282
vt 0.8260017037391663 0.23629897832870483
vt 0.8289964199066162 0.19003158807754517
vt 0.8241332173347473 0.15083211660385132
vt 0.8010372519493103 0.1674504280090332
vt 0.8214187026023865 0.14180201292037964
vt 0.8274782299995422 0.15891766548156738
vt 0.8309467434883118 0.1666390299797058
vt 0.8150866031646729 0.14653462171554565
vt 0.8176112174987793 0.13309693336486816
vt 0.8063938021659851 0.1519983410835266
vt 0.8118467330932617 0.1368359923362732
vt 0.8237905502319336 0.1398288607597351
vt 0.827093243598938 0.14821213483810425
vt 0.8205812573432922 0.13082760572433472
vt 0.7986521124839783 0.18077021837234497
vt 0.8326107859611511 0.19746804237365723
vt 0.8332887887954712 0.20781660079956055
vt 0.8327162861824036 0.21913570165634155
vt 0.832593560218811 0.23017734289169312
vt 0.8153759241104126 0.25767946243286133
vt 0.8210530281066895 0.2522605061531067
vt 0.8239226341247559 0.24954235553741455
vt 0.8060967326164246 0.25475645065307617
vt 0.802539050579071 0.24656176567077637
vt 0.8032259345054626 0.25744491815567017
vt 0.7968507409095764 0.20537060499191284
vt 0.796211302280426 0.19415634870529175
vt 0.7995562553405762 0.24930286407470703
vt 0.7988853454589844 0.238395094871521
vt 0.8068075180053711 0.26571977138519287
vt 0.8132965564727783 0.27139294147491455
vt 0.8190604448318481 0.2659198045730591
vt 0.8161719441413879 0.2686116099357605
vt 0.8269016146659851 0.2467249035835266
vt 0.7952162623405457 0.2297115921974182
vt 0.7955679297447205 0.18284255266189575
vt 0.7980483770370483 0.16929548978805542
vt 0.8002447485923767 0.2603374123573303
vt 0.8039323687553406 0.268481969833374
vt 0.8219625949859619 0.2631564140319824
vt 0.8298759460449219 0.24392342567443848
vt 0.7965627312660217 0.25215011835098267
vt 0.8075357675552368 0.2769898772239685
vt 0.8328768610954285 0.24109947681427002
vt 0.7972699403762817 0.2633934020996094
vt 0.7898003458976746 0.24648666381835938
vt 0.8235291242599487 0.12835907936096191
vt 0.8060078024864197 0.13975971937179565
vt 0.8249285221099854 0.260509192943573
vt 0.8309515714645386 0.25457441806793213
vt 0.8046391606330872 0.27991312742233276
vt 0.8332793712615967 0.14234942197799683
vt 0.8298527002334595 0.13427770137786865
vt 0.8329730033874512 0.13134485483169556
vt 0.8265315890312195 0.12569266557693481
vt 0.8372819423675537 0.16060370206832886
vt 0.835768461227417 0.1945267915725708
vt 0.8349893093109131 0.2280171513557434
vt 0.8233008980751038 0.11621475219726562
vt 0.8263221383094788 0.11363285779953003
vt 0.8144474029541016 0.12251400947570801
vt 0.8171594738960266 0.10778433084487915
vt 0.8327527642250061 0.1199716329574585
vt 0.820178747177124 0.10579311847686768
vt 0.8364885449409485 0.20488595962524414
vt 0.8372908234596252 0.2149827480316162
vt 0.8416991829872131 0.17809462547302246
vt 0.8326147198677063 0.10783833265304565
vt 0.8418589234352112 0.18880575895309448
vt 0.8398329615592957 0.13591080904006958
vt 0.808612048625946 0.12553691864013672
vt 0.8424080014228821 0.19939154386520386
vt 0.8395687341690063 0.12484133243560791
vt 0.83601975440979 0.11677432060241699
vt 0.8406262993812561 0.1573185920715332
vt 0.8360584378242493 0.2382926344871521
vt 0.8445862531661987 0.16438674926757812
vt 0.8427292108535767 0.21001547574996948
vt 0.8359405994415283 0.10462754964828491
vt 0.8057523369789124 0.13055115938186646
vt 0.8437706828117371 0.14310604333877563
vt 0.8415970802307129 0.22212469577789307
vt 0.8425897359848022 0.23249834775924683
vt 0.8340548872947693 0.25167447328567505
vt 0.8262263536453247 0.10104268789291382
vt 0.8231421709060669 0.09956884384155273
vt 0.8294073343276978 0.09793299436569214
vt 0.8419347405433655 0.11084121465682983
vt 0.8397283554077148 0.10084134340286255
vt 0.8436752557754517 0.12061387300491333
vt 0.8467147350311279 0.1953737735748291
vt 0.8327069878578186 0.09489685297012329
vt 0.8291774988174438 0.2687368392944336
vt 0.8494624495506287 0.1705460548400879
vt 0.8501709699630737 0.18087637424468994
vt 0.8475688695907593 0.15033173561096191
vt 0.8477410078048706 0.20543444156646729
vt 0.8372855186462402 0.24880456924438477
vt 0.84061199426651 0.2458120584487915
vt 0.8260686993598938 0.2720288634300232
vt 0.8507511615753174 0.1916237473487854
vt 0.8200478553771973 0.27768588066101074
vt 0.8470319509506226 0.22857850790023804
vt 0.8511883020401001 0.21366441249847412
vt 0.8322873115539551 0.2657451629638672
vt 0.8387014269828796 0.2596580386161804
vt 0.8470702171325684 0.11679822206497192
vt 0.8141437768936157 0.2831721305847168
vt 0.8112103343009949 0.2860628366470337
vt 0.8441372513771057 0.24279218912124634
vt 0.8510721325874329 0.20247238874435425
vt 0.8421237468719482 0.25661373138427734
vt 0.8511488437652588 0.22510606050491333
vt 0.8526003360748291 0.15623849630355835
vt 0.8142223954200745 0.10938805341720581
vt 0.83668053150177 0.09073060750961304
vt 0.851787269115448 0.13447117805480957
vt 0.8470808267593384 0.10492199659347534
vt 0.8434098958969116 0.09499037265777588
vt 0.8513210415840149 0.11189031600952148
vt 0.8509160876274109 0.2369595766067505
vt 0.8457489609718323 0.2535085082054138
vt 0.8503891229629517 0.2494867444038391
vt 0.8338320851325989 0.27736222743988037
vt 0.8306992650032043 0.280687153339386
vt 0.8567856550216675 0.1632426381111145
vt 0.8575277924537659 0.17384976148605347
vt 0.8548833727836609 0.1424817442893982
vt 0.8403905034065247 0.27108830213546753
vt 0.858113706111908 0.18491071462631226
vt 0.8496105074882507 0.10188537836074829
vt 0.8585682511329651 0.19593966007232666
vt 0.8588342070579529 0.20732545852661133
vt 0.855984628200531 0.11806470155715942
vt 0.8439554572105408 0.26791179180145264
vt 0.8212496638298035 0.29004836082458496
vt 0.8495305180549622 0.26297134160995483
vt 0.8587101697921753 0.2309393286705017
vt 0.8583999276161194 0.24327975511550903
vt 0.8593040108680725 0.1491103172302246
vt 0.8546625375747681 0.10784262418746948
vt 0.8616306185722351 0.18160557746887207
vt 0.862106442451477 0.19282305240631104
vt 0.862434983253479 0.2042253613471985
vt 0.8642741441726685 0.1671639084815979
vt 0.8623667359352112 0.22824567556381226
vt 0.8474380373954773 0.09128546714782715
vt 0.8615389466285706 0.1348441243171692
vt 0.8201207518577576 0.09670579433441162
vt 0.8529748916625977 0.09750789403915405
vt 0.8263134956359863 0.08690506219863892
vt 0.8294789791107178 0.09162735939025879
vt 0.8331555724143982 0.08272981643676758
vt 0.8592667579650879 0.11407935619354248
vt 0.8577774167060852 0.256381630897522
vt 0.8170396089553833 0.09504127502441406
vt 0.8579028844833374 0.10368543863296509
vt 0.8402789235115051 0.08460438251495361
vt 0.8016249537467957 0.28322726488113403
vt 0.7949984669685364 0.27811145782470703
vt 0.8053743839263916 0.29216867685317993
vt 0.8053874969482422 0.11272114515304565
vt 0.8520975112915039 0.09279894828796387
vt 0.8201220035552979 0.09121358394622803
vt 0.814018726348877 0.09423893690109253
vt 0.7986485958099365 0.28647899627685547
vt 0.8561877608299255 0.09316414594650269
vt 0.8232440948486328 0.0839911699295044
vt 0.8445454239845276 0.08132529258728027
vt 0.808074414730072 0.09505051374435425
vt 0.8019431233406067 0.09719890356063843
vt 0.7994173169136047 0.11263412237167358
vt 0.7962209582328796 0.10090410709381104
vt 0.8201915621757507 0.08223450183868408
vt 0.8170657753944397 0.08132529258728027
vt 0.08959567546844482 0.11506599187850952
vt 0.0895347073674202 0.10462123155593872
vt 0.0811844989657402 0.1055598258972168
vt 0.08130398392677307 0.11585474014282227
vt 0.08413999527692795 0.12578964233398438
vt 0.08103568851947784 0.09505659341812134
vt 0.08946892619132996 0.09396111965179443
vt 0.08139937371015549 0.1260315179824829
vt 0.0951724499464035 0.11460351943969727
vt 0.09241578727960587 0.1251990795135498
vt 0.09515751153230667 0.10405844449996948
vt 0.09520716965198517 0.12500792741775513
vt 0.09245769679546356 0.1357467770576477
vt 0.08419368416070938 0.13620299100875854
vt 0.09525066614151001 0.1356244683265686
vt 0.0897277221083641 0.14618539810180664
vt 0.0785478949546814 0.11617368459701538
vt 0.07840307056903839 0.10589873790740967
vt 0.08145283162593842 0.13640612363815308
vt 0.07864368706941605 0.12631654739379883
vt 0.07822063565254211 0.09540802240371704
vt 0.08085907995700836 0.08426356315612793
vt 0.07802799344062805 0.08469033241271973
vt 0.09515995532274246 0.09329354763031006
vt 0.08939824253320694 0.08299505710601807
vt 0.08035010099411011 0.050616562366485596
vt 0.0773775577545166 0.05112791061401367
vt 0.07719068229198456 0.03966021537780762
vt 0.08016973733901978 0.0391463041305542
vt 0.08621523529291153 0.04942542314529419
vt 0.08902370929718018 0.03728681802749634
vt 0.09213455766439438 0.048129379749298096
vt 0.09200546890497208 0.03657037019729614
vt 0.07438750565052032 0.05163317918777466
vt 0.07417146861553192 0.0401078462600708
vt 0.09515611082315445 0.04732537269592285
vt 0.09502613544464111 0.03577452898025513
vt 0.09807895123958588 0.10368180274963379
vt 0.09518276900053024 0.05893862247467041
vt 0.09811735898256302 0.0928005576133728
vt 0.09808110445737839 0.11429357528686523
vt 0.09830230474472046 0.04640847444534302
vt 0.09814838320016861 0.03479468822479248
vt 0.09828486293554306 0.06461036205291748
vt 0.09811721742153168 0.12477982044219971
vt 0.07536599785089493 0.09581339359283447
vt 0.07181468605995178 0.07424437999725342
vt 0.07100875675678253 0.04054844379425049
vt 0.07557331025600433 0.10622340440750122
vt 0.07707642763853073 0.028623461723327637
vt 0.08295869827270508 0.027640461921691895
vt 0.10103210806846619 0.10312098264694214
vt 0.07406757771968842 0.028925597667694092
vt 0.10102982074022293 0.11384791135787964
vt 0.09816889464855194 0.135506272315979
vt 0.1010531410574913 0.12449085712432861
vt 0.10113627463579178 0.09200441837310791
vt 0.08882308751344681 0.02626138925552368
vt 0.09529531002044678 0.1460469365119934
vt 0.07572843134403229 0.11649715900421143
vt 0.1014954224228859 0.0452236533164978
vt 0.10127255320549011 0.033647894859313965
vt 0.10148285329341888 0.056963562965393066
vt 0.09470724314451218 0.024721503257751465
vt 0.10112310200929642 0.1353737711906433
vt 0.09249948710203171 0.14612257480621338
vt 0.09822537750005722 0.14605915546417236
vt 0.07093731313943863 0.029322504997253418
vt 0.10449636727571487 0.03237795829772949
vt 0.07870183140039444 0.13666927814483643
vt 0.0723612904548645 0.09607815742492676
vt 0.08147522062063217 0.14656800031661987
vt 0.07583712041378021 0.12665611505508423
vt 0.10119876265525818 0.14611858129501343
vt 0.0681094154715538 0.052347004413604736
vt 0.06462454795837402 0.04104948043823242
vt 0.07276434451341629 0.11688190698623657
vt 0.09253208339214325 0.15663301944732666
vt 0.08974305540323257 0.1566067337989807
vt 0.08421392738819122 0.15676730871200562
vt 0.06785933673381805 0.02972930669784546
vt 0.0953533798456192 0.1566808819770813
vt 0.07871812582015991 0.14683187007904053
vt 0.0982961654663086 0.1567922830581665
vt 0.07588320970535278 0.13704514503479004
vt 0.10477765649557114 0.04394221305847168
vt 0.10479316115379333 0.05586272478103638
vt 0.10435221344232559 0.09085452556610107
vt 0.10419125854969025 0.11315172910690308
vt 0.10421877354383469 0.10216856002807617
vt 0.10422545671463013 0.12404495477676392
vt 0.06476490199565887 0.02982008457183838
vt 0.0692519024014473 0.09630954265594482
vt 0.0977184846997261 0.02361530065536499
vt 0.07286563515663147 0.127078115940094
vt 0.08145437389612198 0.15691208839416504
vt 0.07590194046497345 0.14723241329193115
vt 0.10433506965637207 0.13519710302352905
vt 0.0786811038851738 0.1571580171585083
vt 0.06481333822011948 0.05253535509109497
vt 0.06569144129753113 0.08568626642227173
vt 0.06962515413761139 0.11725437641143799
vt 0.09256336092948914 0.16749268770217896
vt 0.0869540199637413 0.16743159294128418
vt 0.09541333466768265 0.16763854026794434
vt 0.07289077341556549 0.13755029439926147
vt 0.1082230657339096 0.05409371852874756
vt 0.10949870198965073 0.04192829132080078
vt 0.10777637362480164 0.08940261602401733
vt 0.10779134184122086 0.031025350093841553
vt 0.1110580563545227 0.029557883739471436
vt 0.10134467482566833 0.15719860792160034
vt 0.1007160171866417 0.022351562976837158
vt 0.1076616495847702 0.10087853670120239
vt 0.08974817395210266 0.16745418310165405
vt 0.10375829041004181 0.020861148834228516
vt 0.10447688400745392 0.14632463455200195
vt 0.08415952324867249 0.16747409105300903
vt 0.1076563224196434 0.11210542917251587
vt 0.08138097822666168 0.1675613522529602
vt 0.05943412706255913 0.04129260778427124
vt 0.09841657429933548 0.16806036233901978
vt 0.07286064326763153 0.14789479970932007
vt 0.061597369611263275 0.029809415340423584
vt 0.0758126750588417 0.1577051877975464
vt 0.06974069774150848 0.12760645151138306
vt 0.06617323309183121 0.10718834400177002
vt 0.06130211055278778 0.0527072548866272
vt 0.11184358596801758 0.05232536792755127
vt 0.1117105484008789 0.04098081588745117
vt 0.11178644746541977 0.062253713607788086
vt 0.10790660232305527 0.13482576608657837
vt 0.11139067262411118 0.12231659889221191
vt 0.11131326109170914 0.11083310842514038
vt 0.10680434107780457 0.019034624099731445
vt 0.11144058406352997 0.08759844303131104
vt 0.11447732895612717 0.02789628505706787
vt 0.1047377958893776 0.15796804428100586
vt 0.10153064876794815 0.1688804030418396
vt 0.09163318574428558 0.020670711994171143
vt 0.0770738497376442 0.023970961570739746
vt 0.10812085121870041 0.14644640684127808
vt 0.07114804536104202 0.01706826686859131
vt 0.11564122885465622 0.05051076412200928
vt 0.11532975733280182 0.039436280727386475
vt 0.10840848088264465 0.15822064876556396
vt 0.08972867578268051 0.17898398637771606
vt 0.09259861707687378 0.17920613288879395
vt 0.07853828370571136 0.16801464557647705
vt 0.11791688948869705 0.02622532844543457
vt 0.09551509469747543 0.1795756220817566
vt 0.08404886722564697 0.1789567470550537
vt 0.06973394751548767 0.13825619220733643
vt 0.07563349604606628 0.1686275601387024
vt 0.06247812137007713 0.09685373306274414
vt 0.07272300124168396 0.1585472822189331
vt 0.058426711708307266 0.02951836585998535
vt 0.06640119850635529 0.12825363874435425
vt 0.08121217787265778 0.17907202243804932
vt 0.10496925562620163 0.1702951192855835
vt 0.09860115498304367 0.18033641576766968
vt 0.06816510856151581 0.01714503765106201
vt 0.06966356188058853 0.14880716800689697
vt 0.06642940640449524 0.1390436887741089
vt 0.06299006938934326 0.11827218532562256
vt 0.05767213553190231 0.05284243822097778
vt 0.05782971903681755 0.04131138324737549
vt 0.05784202739596367 0.06402933597564697
vt 0.05435002222657204 0.041477203369140625
vt 0.055315982550382614 0.02872377634048462
vt 0.06953376531600952 0.15957587957382202
vt 0.05391344428062439 0.05309110879898071
vt 0.05096298083662987 0.0410652756690979
vt 0.06634505093097687 0.14976155757904053
vt 0.06290896236896515 0.1289730668067932
vt 0.07250701636075974 0.16959863901138306
vt 0.06931288540363312 0.17071372270584106
vt 0.06619234383106232 0.16070771217346191
vt 0.07536114752292633 0.18018215894699097
vt 0.0628843754529953 0.13996857404708862
vt 0.08677173405885696 0.19129109382629395
vt 0.058682844042778015 0.09720486402511597
vt 0.053865645080804825 0.06433719396591187
vt 0.0495557002723217 0.053222596645355225
vt 0.05903133749961853 0.11893582344055176
vt 0.06278016418218613 0.15088927745819092
vt 0.07218493521213531 0.18126410245895386
vt 0.10990281403064728 0.01714503765106201
vt 0.08386757224798203 0.1912974715232849
vt 0.06589731574058533 0.1721252202987671
vt 0.07799110561609268 0.19193440675735474
vt 0.0896814614534378 0.19165712594985962
vt 0.0689396932721138 0.18253570795059204
vt 0.04754751920700073 0.04007744789123535
vt 0.06255955994129181 0.16212481260299683
vt 0.05929476395249367 0.1409549117088318
vt 0.08095496892929077 0.19146353006362915
vt 0.09262904524803162 0.19204241037368774
vt 0.1018250361084938 0.18170613050460815
vt 0.05887387692928314 0.1522020697593689
vt 0.0542757622897625 0.10874134302139282
vt 0.09563331305980682 0.19269371032714844
vt 0.054938118904829025 0.13070577383041382
vt 0.06216706708073616 0.17389804124832153
vt 0.07494725286960602 0.19271951913833618
vt 0.07175358384847641 0.19368696212768555
vt 0.050137437880039215 0.06460750102996826
vt 0.05031778663396835 0.0758434534072876
vt 0.06542997062206268 0.18430131673812866
vt 0.054832324385643005 0.14216727018356323
vt 0.055750805884599686 0.15324586629867554
vt 0.0987870916724205 0.1936718225479126
vt 0.08958496153354645 0.20544874668121338
vt 0.06838496029376984 0.19539231061935425
vt 0.056728944182395935 0.16460740566253662
vt 0.05797511711716652 0.17597675323486328
vt 0.04513058438897133 0.06524437665939331
vt 0.045990876853466034 0.05352318286895752
vt 0.044954635202884674 0.0534326434135437
vt 0.050270143896341324 0.1092919111251831
vt 0.05069173872470856 0.1315460205078125
vt 0.05110165849328041 0.14312821626663208
vt 0.06157425045967102 0.18648821115493774
vt 0.06479417532682419 0.19751840829849243
vt 0.08359238505363464 0.2049703598022461
vt 0.08658192306756973 0.20508939027786255
vt 0.0775505006313324 0.2055661678314209
vt 0.08054964244365692 0.20647931098937988
vt 0.09264301508665085 0.2062566876411438
vt 0.07109033316373825 0.20819997787475586
vt 0.05175535008311272 0.1545337438583374
vt 0.05259806662797928 0.16598153114318848
vt 0.04476211592555046 0.07652521133422852
vt 0.04074473679065704 0.06577938795089722
vt 0.04298071563243866 0.08785617351531982
vt 0.06080023944377899 0.20013844966888428
vt 0.09577438980340958 0.20713937282562256
vt 0.10204420238733292 0.19560331106185913
vt 0.06727275997400284 0.21680158376693726
vt 0.06403755396604538 0.21203750371932983
vt 0.0468677394092083 0.12088882923126221
vt 0.0444975346326828 0.03754985332489014
vt 0.07367732375860214 0.22166341543197632
vt 0.07701711356639862 0.2190333604812622
vt 0.08320069313049316 0.22025984525680542
vt 0.0862988755106926 0.22048461437225342
vt 0.0990249514579773 0.20835942029953003
vt 0.08938585221767426 0.22095733880996704
vt 0.0702403336763382 0.2238956093788147
vt 0.09247381240129471 0.22213643789291382
vt 0.8887853622436523 0.5630271434783936
vt 0.8980233073234558 0.5514295697212219
vt 0.8917246460914612 0.5517042875289917
vt 0.9013497829437256 0.5625206828117371
vt 0.9043383002281189 0.5511404275894165
vt 0.9140444397926331 0.5506382584571838
vt 0.9090961813926697 0.5621256828308105
vt 0.9142307043075562 0.5618892908096313
vt 0.9171506762504578 0.5505391359329224
vt 0.9203644394874573 0.5617386102676392
vt 0.8857564330101013 0.5631312131881714
vt 0.8827123641967773 0.5632139444351196
vt 0.8795421719551086 0.5520080327987671
vt 0.876725971698761 0.5632530450820923
vt 0.8736135959625244 0.551931619644165
vt 0.9140397310256958 0.5394057035446167
vt 0.9203014969825745 0.5392295122146606
vt 0.9043563008308411 0.5400031805038452
vt 0.9029746055603027 0.5400465726852417
vt 0.8948974609375 0.540387749671936
vt 0.8887355923652649 0.5406183004379272
vt 0.8796685338020325 0.5407688617706299
vt 0.9233302474021912 0.5504238605499268
vt 0.92341148853302 0.5615751147270203
vt 0.9234098792076111 0.5392811298370361
vt 0.9263373613357544 0.5613861083984375
vt 0.9262678027153015 0.5502457618713379
vt 0.8737184405326843 0.540717363357544
vt 0.9142767786979675 0.5276514291763306
vt 0.9110747575759888 0.5278564095497131
vt 0.9014831185340881 0.5283780097961426
vt 0.9205541610717773 0.527457594871521
vt 0.9236416220664978 0.5276685953140259
vt 0.8677901029586792 0.540432333946228
vt 0.8676683306694031 0.5517063140869141
vt 0.895207405090332 0.5284654498100281
vt 0.8890377283096313 0.528624415397644
vt 0.8769713044166565 0.5286067128181458
vt 0.8619808554649353 0.5396344661712646
vt 0.8618327379226685 0.5508853793144226
vt 0.9321389198303223 0.5609455108642578
vt 0.9349703192710876 0.5495830774307251
vt 0.8739773631095886 0.5285181999206543
vt 0.9209994673728943 0.5153768062591553
vt 0.9240745306015015 0.5156377553939819
vt 0.8474007248878479 0.5367478132247925
vt 0.8502150774002075 0.5485614538192749
vt 0.8706661462783813 0.563153862953186
vt 0.8505693078041077 0.5252962112426758
vt 0.8651164770126343 0.5276780128479004
vt 0.9148750901222229 0.5150602459907532
vt 0.9117854833602905 0.5152575373649597
vt 0.9085918068885803 0.5151606798171997
vt 0.868111252784729 0.5252817273139954
vt 0.8301846385002136 0.5203278064727783
vt 0.8153984546661377 0.5292351245880127
vt 0.7978953123092651 0.5256602764129639
vt 0.8068858981132507 0.5150602459907532
vt 0.8802423477172852 0.5224241018295288
vt 0.8894575834274292 0.5199735164642334
vt 0.8006443977355957 0.5374517440795898
vt 0.8356375098228455 0.5447167158126831
vt 0.6400683522224426 0.5905333757400513
vt 0.6347417831420898 0.5989198088645935
vt 0.6333032250404358 0.6132105588912964
vt 0.6411986351013184 0.6007254719734192
vt 0.6370298862457275 0.618705153465271
vt 0.6389496922492981 0.5804921984672546
vt 0.6335629820823669 0.5890583992004395
vt 0.6307326555252075 0.6175894737243652
vt 0.6422984004020691 0.6106709241867065
vt 0.6330152153968811 0.6368375420570374
vt 0.638140857219696 0.6284667253494263
vt 0.6366875171661377 0.6423276662826538
vt 0.6466212868690491 0.5928946733474731
vt 0.6455504894256592 0.5825001001358032
vt 0.6476884484291077 0.6030083894729614
vt 0.6392536163330078 0.6382939219474792
vt 0.644493818283081 0.6306228637695312
vt 0.6417104601860046 0.5762988924980164
vt 0.6487907767295837 0.6131783723831177
vt 0.6341403126716614 0.6465436220169067
vt 0.6266794800758362 0.6361856460571289
vt 0.6254968643188477 0.6266583204269409
vt 0.6278397440910339 0.6458277702331543
vt 0.6270597577095032 0.5882837772369385
vt 0.6242480874061584 0.616926908493042
vt 0.6350711584091187 0.5746188163757324
vt 0.6323636770248413 0.5791325569152832
vt 0.6378054618835449 0.6522133946418762
vt 0.6403694152832031 0.648236870765686
vt 0.628983736038208 0.655603289604187
vt 0.6455976963043213 0.640678346157074
vt 0.635265588760376 0.656484067440033
vt 0.6484576463699341 0.578586995601654
vt 0.6523301601409912 0.5854789018630981
vt 0.6533586382865906 0.5957404971122742
vt 0.6544210314750671 0.6060388088226318
vt 0.6510668396949768 0.6339390277862549
vt 0.6555511355400085 0.6164416670799255
vt 0.6467397809028625 0.6509749889373779
vt 0.6415089964866638 0.6584427356719971
vt 0.6389484405517578 0.6624770164489746
vt 0.6552594304084778 0.5819110870361328
vt 0.6592373251914978 0.5889261960983276
vt 0.660271942615509 0.5994471311569214
vt 0.6513592600822449 0.5749150514602661
vt 0.6445333957672119 0.5720092058181763
vt 0.6613849997520447 0.6100368499755859
vt 0.6426724195480347 0.6689141988754272
vt 0.6479227542877197 0.6615168452262878
vt 0.6534154415130615 0.6549060344696045
vt 0.6579193472862244 0.6377084255218506
vt 0.6301171183586121 0.6656661033630371
vt 0.64011150598526 0.6730342507362366
vt 0.6582998037338257 0.5783364772796631
vt 0.6663678288459778 0.5933438539505005
vt 0.6674471497535706 0.6040719747543335
vt 0.6654406785964966 0.5826653838157654
vt 0.6591546535491943 0.6485745906829834
vt 0.6686294078826904 0.6149481534957886
vt 0.6638196110725403 0.6316958665847778
vt 0.6546792984008789 0.6659680604934692
vt 0.6518818736076355 0.6690992116928101
vt 0.6491787433624268 0.6725648641586304
vt 0.6375622153282166 0.6773662567138672
vt 0.6312556862831116 0.6761177778244019
vt 0.6439072489738464 0.6800572872161865
vt 0.6604880094528198 0.6597952842712402
vt 0.6505005359649658 0.684221088886261
vt 0.6695813536643982 0.5905683040618896
vt 0.6707016229629517 0.6012891530990601
vt 0.6560455560684204 0.6777369976043701
vt 0.6532468199729919 0.6808861494064331
vt 0.6665459871292114 0.6543713808059692
vt 0.6714293956756592 0.6382642984390259
vt 0.6615303158760071 0.5750719308853149
vt 0.6737623810768127 0.6230969429016113
vt 0.6687968969345093 0.5798007249832153
vt 0.6552594304084778 0.5698350667953491
vt 0.6752330660820007 0.6098426580429077
vt 0.674062192440033 0.5988165140151978
vt 0.6730579733848572 0.5878946185112
vt 0.6680681705474854 0.66651451587677
vt 0.663479208946228 0.6840090751647949
vt 0.6452167630195618 0.6919612884521484
vt 0.6575208306312561 0.6899568438529968
vt 0.6737387776374817 0.6557403802871704
vt 0.638767421245575 0.6887099146842957
vt 0.651918888092041 0.6965502500534058
vt 0.6492362022399902 0.7003834843635559
vt 0.6694172024726868 0.6766425371170044
vt 0.6323988437652588 0.6870421171188354
vt 0.640039324760437 0.700829267501831
vt 0.656240701675415 0.7061676979064941
vt 0.6648309826850891 0.6945279836654663
vt 0.6778200268745422 0.6305073499679565
vt 0.6791300773620605 0.6198533773422241
vt 0.6465834975242615 0.7044588327407837
vt 0.6439754962921143 0.7090178728103638
vt 0.6529783010482788 0.70564866065979
vt 0.6598663926124573 0.7088114023208618
vt 0.6335739493370056 0.6985397338867188
vt 0.6776570081710815 0.596587061882019
vt 0.6803886890411377 0.6069637537002563
vt 0.6765041947364807 0.5857915878295898
vt 0.6572720408439636 0.7149319648742676
vt 0.6275408864021301 0.6706833839416504
vt 0.6264020800590515 0.6605516672134399
vt 0.6252546906471252 0.650650143623352
vt 0.6476312875747681 0.7141212821006775
vt 0.6348130702972412 0.7111932039260864
vt 0.654633104801178 0.7201411128044128
vt 0.6519352197647095 0.7245810031890869
vt 0.629809558391571 0.692355751991272
vt 0.6240789890289307 0.640986442565918
vt 0.6260598301887512 0.6867952346801758
vt 0.661532998085022 0.7228946685791016
vt 0.6249265074729919 0.6760385036468506
vt 0.6226244568824768 0.655745267868042
vt 0.6237732768058777 0.6658166646957397
vt 0.6228764057159424 0.6314329504966736
vt 0.6640531420707703 0.5725288391113281
vt 0.6360841393470764 0.7246052026748657
vt 0.6427798271179199 0.7277686595916748
vt 0.6463515758514404 0.7317358255386353
vt 0.6271916031837463 0.6980757713317871
vt 0.6283389329910278 0.7099822759628296
vt 0.6214286684989929 0.6460207104682922
vt 0.6588722467422485 0.7285906076431274
vt 0.6289706230163574 0.7244454026222229
vt 0.6284440755844116 0.5737898349761963
vt 0.6257808804512024 0.5784387588500977
vt 0.6204196810722351 0.5880417823791504
vt 0.6231353282928467 0.583194375038147
vt 0.6202036142349243 0.636406660079956
vt 0.6203622221946716 0.6121211647987366
vt 0.6183366179466248 0.6772485375404358
vt 0.6195064187049866 0.6878266334533691
vt 0.6206614375114441 0.6988271474838257
vt 0.6171449422836304 0.6669454574584961
vt 0.6189356446266174 0.6265767812728882
vt 0.6217899918556213 0.7105288505554199
vt 0.6159178614616394 0.6569176316261292
vt 0.6176649332046509 0.6170253753662109
vt 0.637414276599884 0.7387639284133911
vt 0.6334232687950134 0.7306836247444153
vt 0.6229040622711182 0.7230002880096436
vt 0.6146473288536072 0.6470705270767212
vt 0.6534197926521301 0.7380913496017456
vt 0.6307191848754883 0.7372904419898987
vt 0.6477315425872803 0.7451751828193665
vt 0.6447815895080566 0.7479919791221619
vt 0.6166607737541199 0.6945050358772278
vt 0.6241387128829956 0.7382054328918457
vt 0.6376906633377075 0.5687814950942993
vt 0.6310993432998657 0.5689009428024292
vt 0.6163379549980164 0.5831893682479858
vt 0.6120193004608154 0.6273462772369385
vt 0.6142350435256958 0.6732845306396484
vt 0.618982195854187 0.7176108360290527
vt 0.6149150133132935 0.713458240032196
vt 0.6135703325271606 0.588127613067627
vt 0.6117286682128906 0.6528826355934143
vt 0.6124905347824097 0.6907214522361755
vt 0.6112348437309265 0.6799077391624451
vt 0.6190250515937805 0.5782554149627686
vt 0.6217439770698547 0.5733026266098022
vt 0.6243563890457153 0.5681366324424744
vt 0.6099772453308105 0.6694560050964355
vt 0.6103577017784119 0.6426680088043213
vt 0.6078715324401855 0.5982781648635864
vt 0.6200665235519409 0.7305903434753418
vt 0.613677442073822 0.7019965648651123
vt 0.6086656451225281 0.6591957211494446
vt 0.647592306137085 0.5676127076148987
vt 0.6211472153663635 0.7449114322662354
vt 0.6160505414009094 0.7257631421089172
vt 0.6076815128326416 0.6229655146598816
vt 0.6062904596328735 0.6132158041000366
vt 0.6080955266952515 0.6875771284103394
vt 0.6106332540512085 0.7105280160903931
vt 0.6045910120010376 0.6284695267677307
vt 0.617117166519165 0.7391043901443481
vt 0.6118741631507874 0.7221544981002808
vt 0.6269875168800354 0.5626736879348755
vt 0.6120636463165283 0.5783907771110535
vt 0.6092535853385925 0.5834726095199585
vt 0.6147835850715637 0.573236346244812
vt 0.606391429901123 0.5885753035545349
vt 0.6174365878105164 0.5679663419723511
vt 0.6344739198684692 0.5693451762199402
vt 0.6033742427825928 0.5937460064888
vt 0.6811046004295349 0.5948116779327393
vt 0.6514949798583984 0.5620390176773071
vt 0.6129947900772095 0.7348844408988953
vt 0.6199467778205872 0.5612449645996094
vt 0.6856449246406555 0.5927563309669495
vt 0.6047483086585999 0.5788381099700928
vt 0.607216477394104 0.5719572901725769
vt 0.6017563343048096 0.584010124206543
vt 0.6102133393287659 0.5682357549667358
vt 0.6126829981803894 0.5620390176773071
vt 0.602612316608429 0.5686956644058228
vt 0.5998380780220032 0.574164628982544
vt 0.9571693539619446 0.2649065852165222
vt 0.9640422463417053 0.25218790769577026
vt 0.9584859609603882 0.2354961633682251
vt 0.9600228667259216 0.2748206853866577
vt 0.9545305371284485 0.2573954463005066
vt 0.9573869705200195 0.2797876000404358
vt 0.9664313197135925 0.2606227397918701
vt 0.9670723676681519 0.24501770734786987
vt 0.9645243883132935 0.23680484294891357
vt 0.9612777829170227 0.24316728115081787
vt 0.9614171385765076 0.229481041431427
vt 0.9675266742706299 0.21439403295516968
vt 0.9702510833740234 0.22226929664611816
vt 0.9617488384246826 0.2134714126586914
vt 0.9646223187446594 0.20641988515853882
vt 0.9586157202720642 0.2203267216682434
vt 0.9727491140365601 0.23028206825256348
vt 0.9694437980651855 0.253329336643219
vt 0.9621694684028625 0.2001977562904358
vt 0.9751328825950623 0.1915157437324524
vt 0.9747508764266968 0.2089337706565857
vt 0.9722453355789185 0.18384820222854614
vt 0.9667297005653381 0.18393278121948242
vt 0.9778585433959961 0.1990768313407898
vt 0.9751301407814026 0.23843634128570557
vt 0.980194091796875 0.2060888409614563
vt 0.9745278358459473 0.17591816186904907
vt 0.9774216413497925 0.18343764543533325
vt 0.9801605939865112 0.19089341163635254
vt 0.9805447459220886 0.223554790019989
vt 0.9686369299888611 0.2692720293998718
vt 0.9622898697853088 0.28366678953170776
vt 0.9828764200210571 0.2147342562675476
vt 0.982759416103363 0.1984727382659912
vt 0.9673151969909668 0.17199033498764038
vt 0.9716370701789856 0.16799932718276978
vt 0.9787448644638062 0.15903449058532715
vt 0.9817200303077698 0.16612112522125244
vt 0.9844789505004883 0.17352694272994995
vt 0.9773147106170654 0.24689114093780518
vt 0.9852397441864014 0.20619457960128784
vt 0.9806960821151733 0.1503925919532776
vt 0.9633302092552185 0.1760740876197815
vt 0.9679936766624451 0.16062557697296143
vt 0.9584305882453918 0.2054048776626587
vt 0.9731775522232056 0.1464325189590454
vt 0.958933413028717 0.19274842739105225
vt 0.9542204141616821 0.22854214906692505
vt 0.9794191718101501 0.1346452832221985
vt 0.9740427732467651 0.13572043180465698
vt 0.9646927118301392 0.15356260538101196
vt 0.985527515411377 0.14835107326507568
vt 0.9865068793296814 0.1645125150680542
vt 0.9696324467658997 0.13884896039962769
vt 0.9842512011528015 0.1322801113128662
vt 0.9811241030693054 0.12561917304992676
vt 0.9870935678482056 0.1809535026550293
vt 0.9601873755455017 0.16943764686584473
vt 0.9778496026992798 0.11885839700698853
vt 0.9550594687461853 0.21198755502700806
vt 0.9705380201339722 0.12848907709121704
vt 0.9511483311653137 0.24857527017593384
vt 0.966382622718811 0.13231992721557617
vt 0.9552909135818481 0.19861042499542236
vt 0.9743623733520508 0.11186432838439941
vt 0.9616210460662842 0.14746242761611938
vt 0.9558495283126831 0.18635296821594238
vt 0.9535931944847107 0.27269142866134644
vt 0.9512605667114258 0.2184072732925415
vt 0.9517785310745239 0.20498931407928467
vt 0.9578481316566467 0.15247756242752075
vt 0.9670091271400452 0.12157118320465088
vt 0.9500283598899841 0.26280200481414795
vt 0.9473005533218384 0.239712655544281
vt 0.9529468417167664 0.18072956800460815
vt 0.9542944431304932 0.15832138061523438
vt 0.9536034464836121 0.28592395782470703
vt 0.9578743577003479 0.29219669103622437
vt 0.9543569684028625 0.29787778854370117
vt 0.9825748205184937 0.23110514879226685
vt 0.9766499996185303 0.26279664039611816
vt 0.9717016816139221 0.27558743953704834
vt 0.9642886519432068 0.2927873730659485
vt 0.9499253034591675 0.2776640057563782
vt 0.9500076770782471 0.2908257842063904
vt 0.9469389915466309 0.25383245944976807
vt 0.9495060443878174 0.18734323978424072
vt 0.9483718276023865 0.21233540773391724
vt 0.9602912664413452 0.12095439434051514
vt 0.9557360410690308 0.13705676794052124
vt 0.9693257808685303 0.1022154688835144
vt 0.9501312971115112 0.17565780878067017
vt 0.980809211730957 0.10018688440322876
vt 0.9784325361251831 0.09561681747436523
vt 0.9841228127479553 0.10663706064224243
vt 0.986871063709259 0.11203640699386597
vt 0.9888937473297119 0.1292029619216919
vt 0.9651800990104675 0.10632377862930298
vt 0.9900879263877869 0.14542311429977417
vt 0.9461312294006348 0.19459247589111328
vt 0.9522066116333008 0.14263027906417847
vt 0.9444108009338379 0.23409944772720337
vt 0.974932849407196 0.08896565437316895
vt 0.9716334939002991 0.0828130841255188
vt 0.9662150740623474 0.0964851975440979
vt 0.9455556273460388 0.20719695091247559
vt 0.9487624168395996 0.14904946088790894
vt 0.9466709494590759 0.2678073048591614
vt 0.9574449062347412 0.11606425046920776
vt 0.9621816277503967 0.10101836919784546
vt 0.94392991065979 0.24891412258148193
vt 0.9529811143875122 0.13222277164459229
vt 0.9546548128128052 0.11148518323898315
vt 0.9592816233634949 0.09600526094436646
vt 0.942800760269165 0.20246940851211548
vt 0.9465199708938599 0.28128671646118164
vt 0.9446952939033508 0.16703838109970093
vt 0.9440270662307739 0.17828309535980225
vt 0.9502503275871277 0.1279420256614685
vt 0.9410254955291748 0.2445143461227417
vt 0.9798243641853333 0.08612984418869019
vt 0.9904391169548035 0.11905699968338013
vt 0.9854017496109009 0.09664100408554077
vt 0.9685406684875488 0.0771903395652771
vt 0.9762954115867615 0.07949608564376831
vt 0.9603037238121033 0.0861736536026001
vt 0.9643055200576782 0.08141601085662842
vt 0.988616943359375 0.10272926092147827
vt 0.9729663133621216 0.07333499193191528
vt 0.9564828872680664 0.09143763780593872
vt 0.9407098889350891 0.18623638153076172
vt 0.9360929131507874 0.22027409076690674
vt 0.9370934963226318 0.20033103227615356
vt 0.96547532081604 0.07175320386886597
vt 0.9405497312545776 0.259604811668396
vt 0.9527971744537354 0.09715157747268677
vt 0.9355442523956299 0.23263132572174072
vt 0.9402300119400024 0.2725523114204407
vt 0.943212628364563 0.28386569023132324
vt 0.9698459506034851 0.06764626502990723
vt 0.962584376335144 0.06676024198532104
vt 0.9585686326026917 0.07172763347625732
vt 0.934938371181488 0.24721044301986694
vt 0.9547189474105835 0.07716876268386841
vt 0.9597216844558716 0.061935603618621826
vt 0.9667794704437256 0.0621868371963501
vt 0.9804481863975525 0.06241887807846069
vt 0.9760600924491882 0.05430459976196289
vt 0.955786406993866 0.06725043058395386
vt 0.9333884716033936 0.21652042865753174
vt 0.9339778423309326 0.2748861312866211
vt 0.9465032815933228 0.29433536529541016
vt 0.9430458545684814 0.29713916778564453
vt 0.9638671278953552 0.05706608295440674
vt 0.929941713809967 0.22699719667434692
vt 0.9728771448135376 0.04835778474807739
vt 0.9841497540473938 0.06921511888504028
vt 0.9491967558860779 0.06894367933273315
vt 0.9502010345458984 0.05872166156768799
vt 0.9569457173347473 0.05735361576080322
vt 0.960992157459259 0.05216330289840698
vt 0.9875943064689636 0.07544726133346558
vt 0.936742901802063 0.2872692942619324
vt 0.9397266507148743 0.29893434047698975
vt 0.9309018850326538 0.27519649267196655
vt 0.9581753611564636 0.047399044036865234
vt 0.9667920470237732 0.03726226091384888
vt 0.9289844036102295 0.24722295999526978
vt 0.9335964322090149 0.2881197929382324
vt 0.9484549760818481 0.04419630765914917
vt 0.9278047680854797 0.27494603395462036
vt 0.977794885635376 0.044965922832489014
vt 0.9812708497047424 0.05140334367752075
vt 0.9714404344558716 0.03289353847503662
vt 0.9496309161186218 0.03358858823776245
vt 0.9849671125411987 0.058108389377593994
vt 0.9764717221260071 0.029365241527557373
vt 0.9732437133789062 0.023010551929473877
vt 0.9610055088996887 0.026868820190429688
vt 0.9552345275878906 0.017306268215179443
vt 0.990856409072876 0.0812610387802124
vt 0.9917346239089966 0.10847115516662598
vt 0.9701272249221802 0.017353832721710205
vt 0.9884635210037231 0.06429451704025269
vt 0.985617458820343 0.04640096426010132
vt 0.9821996688842773 0.02482539415359497
vt 0.9671469330787659 0.011955678462982178
vt 0.9807097315788269 0.010391652584075928
vt 0.9865476489067078 0.021550655364990234
vt 0.9773769974708557 0.004023551940917969
vt 0.9917989373207092 0.07008582353591919
vt 0.9841059446334839 0.017081022262573242
vt 0.9940214157104492 0.08666366338729858
vt 0.9333245754241943 0.30082762241363525
vt 0.9273143410682678 0.2880769968032837
vt 0.9903122186660767 0.02803218364715576
vt 0.992601752281189 0.05826634168624878
vt 0.9938112497329712 0.03380465507507324
vt 0.9947461485862732 0.11372417211532593
vt 0.9831665754318237 0.001004040241241455
vt 0.9301663637161255 0.30093318223953247
vt 0.9363902807235718 0.31224900484085083
vt 0.9867151975631714 0.007830440998077393
vt 0.9906255602836609 0.015100181102752686
vt 0.9970318675041199 0.09157449007034302
vt 0.995898425579071 0.06372970342636108
vt 0.8998070955276489 0.06675952672958374
vt 0.9031939506530762 0.06746768951416016
vt 0.9002071619033813 0.05553239583969116
vt 0.9040120244026184 0.045176804065704346
vt 0.9064604043960571 0.06835979223251343
vt 0.9077256321907043 0.035121917724609375
vt 0.9105342626571655 0.04746401309967041
vt 0.9095932841300964 0.06945276260375977
vt 0.9022625684738159 0.08993995189666748
vt 0.8989083170890808 0.08949756622314453
vt 0.9054649472236633 0.0906374454498291
vt 0.9085839986801147 0.09149366617202759
vt 0.9126566648483276 0.07072329521179199
vt 0.9136687517166138 0.04880160093307495
vt 0.9162017107009888 0.06120496988296509
vt 0.9141117334365845 0.037827372550964355
vt 0.9156693816184998 0.0720679759979248
vt 0.9049264788627625 0.10173612833023071
vt 0.9080060124397278 0.10257691144943237
vt 0.9175180196762085 0.09541541337966919
vt 0.9139406085014343 0.10487949848175049
vt 0.9203216433525085 0.04117286205291748
vt 0.9074267745018005 0.11368483304977417
vt 0.9244751334190369 0.07715243101119995
vt 0.9250983595848083 0.06646770238876343
vt 0.9286189079284668 0.05778628587722778
vt 0.9263021349906921 0.044951677322387695
vt 0.9260281324386597 0.10060715675354004
vt 0.9208005666732788 0.030122697353363037
vt 0.9145209789276123 0.026727259159088135
vt 0.9268771409988403 0.03397113084793091
vt 0.9292442202568054 0.04710042476654053
vt 0.9273080229759216 0.07919925451278687
vt 0.9225758910179138 0.10953140258789062
vt 0.9162646532058716 0.11729282140731812
vt 0.9307913184165955 0.0707850456237793
vt 0.92192143201828 0.12039047479629517
vt 0.9120188355445862 0.1383810043334961
vt 0.9301007390022278 0.08141142129898071
vt 0.9287633299827576 0.1026759147644043
vt 0.9321516752243042 0.049440622329711914
vt 0.9061356782913208 0.13636809587478638
vt 0.9011519551277161 0.11248725652694702
vt 0.9280883073806763 0.11339467763900757
vt 0.9342995285987854 0.06265133619308472
vt 0.9274137616157532 0.12415885925292969
vt 0.9205815196037292 0.14257311820983887
vt 0.9030467867851257 0.1358659863471985
vt 0.9328654408454895 0.08385097980499268
vt 0.8983973860740662 0.10081309080123901
vt 0.9084142446517944 0.14886868000030518
vt 0.9233405590057373 0.14423894882202148
vt 0.8998547196388245 0.13564705848693848
vt 0.9328319430351257 0.0385623574256897
vt 0.913544237613678 0.162891685962677
vt 0.9341632127761841 0.1076129674911499
vt 0.9021134972572327 0.1512724757194519
vt 0.9046698808670044 0.16011148691177368
vt 0.8991315960884094 0.1475643515586853
vt 0.9327687621116638 0.1289142370223999
vt 0.9287450909614563 0.14832091331481934
vt 0.9363412261009216 0.07598978281021118
vt 0.9072393178939819 0.16756725311279297
vt 0.9098289608955383 0.17391246557235718
vt 0.9184512495994568 0.17763561010360718
vt 0.9253743886947632 0.15750336647033691
vt 0.9356040358543396 0.0864972472190857
vt 0.8964966535568237 0.13578259944915771
vt 0.9350243806838989 0.0520206093788147
vt 0.9239530563354492 0.1811579465866089
vt 0.9169560670852661 0.20261114835739136
vt 0.911224365234375 0.2002856731414795
vt 0.9354192614555359 0.13158148527145386
vt 0.936832845211029 0.11037832498550415
vt 0.9383227229118347 0.08936870098114014
vt 0.934046745300293 0.1534072756767273
vt 0.9034527540206909 0.1783105731010437
vt 0.9306880831718445 0.16263407468795776
vt 0.9293380975723267 0.18566709756851196
vt 0.9225096106529236 0.2059931755065918
vt 0.9051578044891357 0.19915157556533813
vt 0.9006743431091309 0.17256921529769897
vt 0.8982533812522888 0.1606060266494751
vt 0.8942670226097107 0.11252349615097046
vt 0.9390906691551208 0.07900184392929077
vt 0.9279434084892273 0.2105330228805542
vt 0.9326873421669006 0.17634958028793335
vt 0.9395557641983032 0.11348074674606323
vt 0.9381210803985596 0.13460344076156616
vt 0.9367390275001526 0.1563677191734314
vt 0.9020043611526489 0.19925683736801147
vt 0.9378818869590759 0.0548589825630188
vt 0.9410942792892456 0.0925714373588562
vt 0.9357597827911377 0.0411989688873291
vt 0.8954588770866394 0.1481105089187622
vt 0.9103320837020874 0.2140006422996521
vt 0.9217425584793091 0.21937543153762817
vt 0.9189605712890625 0.21760118007659912
vt 0.9152340292930603 0.2306026816368103
vt 0.9422129392623901 0.11673390865325928
vt 0.89863520860672 0.20012325048446655
vt 0.9347332119941711 0.19136595726013184
vt 0.9380462169647217 0.1826501488685608
vt 0.9393727779388428 0.1596192717552185
vt 0.9434090256690979 0.14127039909362793
vt 0.9441317319869995 0.13064461946487427
vt 0.9438105821609497 0.09596049785614014
vt 0.9386816620826721 0.04410398006439209
vt 0.9435884952545166 0.06136816740036011
vt 0.9427255988121033 0.07186269760131836
vt 0.9446327686309814 0.08564102649688721
vt 0.9334949254989624 0.027467429637908936
vt 0.927425742149353 0.02282029390335083
vt 0.9212509989738464 0.018924474716186523
vt 0.8969730734825134 0.1778191328048706
vt 0.9448815584182739 0.12027418613433838
vt 0.9148926138877869 0.01551663875579834
vt 0.8953632116317749 0.08934372663497925
vt 0.8929193019866943 0.1364232301712036
vt 0.9011203050613403 0.21102547645568848
vt 0.9065355062484741 0.22350823879241943
vt 0.9093281030654907 0.2287987470626831
vt 0.9209275841712952 0.2338656187057495
vt 0.8930065035820007 0.16147398948669434
vt 0.891608715057373 0.08941251039505005
vt 0.9264853596687317 0.2387067675590515
vt 0.9492156505584717 0.10334259271621704
vt 0.936500072479248 0.030123651027679443
vt 0.9445180892944336 0.05084890127182007
vt 0.9482551217079163 0.07912510633468628
vt 0.9310510754585266 0.013646900653839111
vt 0.942509114742279 0.036285221576690674
vt 0.9279249310493469 0.011398375034332275
vt 0.9081885814666748 0.012466251850128174
vt 0.9216507077217102 0.00749659538269043
vt 0.8966358304023743 0.05489182472229004
vt 0.8924442529678345 0.06595039367675781
vt 0.8904497027397156 0.1130627989768982
vt 0.9008839130401611 0.032957494258880615
vt 0.9046638011932373 0.0225638747215271
vt 0.89162677526474 0.15486115217208862
vt 0.9011123180389404 0.02152383327484131
vt 0.8969975113868713 0.0435107946395874
vt 0.937258243560791 0.01876223087310791
vt 0.93415766954422 0.016017675399780273
vt 0.940325915813446 0.021823406219482422
vt 0.9151816964149475 0.004050254821777344
vt 0.9085922837257385 0.001004040241241455
vt 0.9049464464187622 0.011098921298980713
vt 0.8928122520446777 0.05432254076004028
vt 0.8889807462692261 0.1376299262046814
vt 0.8950095772743225 0.2017432451248169
vt 0.902686357498169 0.23194736242294312
vt 0.8911508917808533 0.17571508884429932
vt 0.919643759727478 0.2569386959075928
vt 0.92542564868927 0.2604243755340576
vt 0.9167657494544983 0.2544006109237671
vt 0.8999192714691162 0.22527098655700684
vt 0.9083266258239746 0.24286597967147827
vt 0.9130558967590332 0.26464903354644775
vt 0.8973221778869629 0.21559828519821167
vt 0.8885156512260437 0.16372621059417725
vt 0.8875882029533386 0.08997148275375366
vt 0.9190831780433655 0.2671470046043396
vt 0.8928415179252625 0.2033076286315918
vt 0.8862093091011047 0.1517571210861206
vt 0.921994686126709 0.2694680094718933
vt 0.9044334888458252 0.2510145306587219
vt 0.9063977003097534 0.26858896017074585
vt 0.885559618473053 0.1144513487815857
vt 0.9248875975608826 0.27222251892089844
vt 0.9015536308288574 0.24522483348846436
vt 0.8934159278869629 0.031284451484680176
vt 0.8847088813781738 0.13955390453338623
vt 0.8958742618560791 0.23081064224243164
vt 0.8869214057922363 0.17880761623382568
vt 0.8930292725563049 0.22194784879684448
vt 0.8843806982040405 0.166864812374115
vt 0.8888223767280579 0.2069036364555359
vt 0.9181954264640808 0.2834154963493347
vt 0.9212202429771423 0.285489559173584
vt 0.912305474281311 0.2775091528892517
vt 0.8831624388694763 0.1825089454650879
vt 0.4312804639339447 0.06127500534057617
vt 0.4288933277130127 0.07251483201980591
vt 0.436055064201355 0.0796358585357666
vt 0.4349748492240906 0.06497204303741455
vt 0.439741313457489 0.06517589092254639
vt 0.44013190269470215 0.08294391632080078
vt 0.44355911016464233 0.07085186243057251
vt 0.43798425793647766 0.09338480234146118
vt 0.4341430366039276 0.09023898839950562
vt 0.427033007144928 0.08293282985687256
vt 0.43211328983306885 0.10003823041915894
vt 0.4347182810306549 0.10239040851593018
vt 0.4415006637573242 0.0959620475769043
vt 0.43840885162353516 0.10523313283920288
vt 0.44488945603370667 0.08603101968765259
vt 0.4418269991874695 0.10762250423431396
vt 0.44478079676628113 0.09789866209030151
vt 0.44698992371559143 0.07409435510635376
vt 0.4342139959335327 0.1130874752998352
vt 0.4386404752731323 0.11651867628097534
vt 0.4306485056877136 0.10988402366638184
vt 0.44491225481033325 0.10945475101470947
vt 0.44795119762420654 0.09951639175415039
vt 0.4475598633289337 0.08732342720031738
vt 0.4482088088989258 0.11119961738586426
vt 0.44194236397743225 0.11869347095489502
vt 0.44516438245773315 0.12065047025680542
vt 0.4350084364414215 0.12451660633087158
vt 0.45017820596694946 0.07548201084136963
vt 0.45103541016578674 0.10079425573348999
vt 0.44250038266181946 0.05669039487838745
vt 0.44751226902008057 0.06019854545593262
vt 0.4537379741668701 0.08954876661300659
vt 0.45327228307724 0.07643187046051025
vt 0.4512549340724945 0.11246126890182495
vt 0.44828441739082336 0.12230890989303589
vt 0.4419146776199341 0.1294669508934021
vt 0.4451407194137573 0.13147634267807007
vt 0.45476382970809937 0.10193699598312378
vt 0.4329385459423065 0.1228322982788086
vt 0.43485158681869507 0.1350347399711609
vt 0.4383910298347473 0.13765335083007812
vt 0.4482128322124481 0.13310277462005615
vt 0.42941340804100037 0.11967051029205322
vt 0.4417117238044739 0.13995754718780518
vt 0.4449837803840637 0.1420702338218689
vt 0.4319332540035248 0.13262712955474854
vt 0.45975616574287415 0.09066832065582275
vt 0.4572128653526306 0.11396932601928711
vt 0.4593439996242523 0.0775042176246643
vt 0.4600377082824707 0.10278463363647461
vt 0.4542558789253235 0.12443602085113525
vt 0.4511958658695221 0.13435876369476318
vt 0.4526028633117676 0.0621950626373291
vt 0.4602162539958954 0.11451458930969238
vt 0.4480169415473938 0.14370930194854736
vt 0.4413945972919464 0.15037882328033447
vt 0.4510207772254944 0.14514046907424927
vt 0.4445163607597351 0.1524055004119873
vt 0.44773995876312256 0.1543205976486206
vt 0.46026483178138733 0.12605434656143188
vt 0.46239855885505676 0.07753860950469971
vt 0.4587785303592682 0.06348192691802979
vt 0.4630807936191559 0.10276979207992554
vt 0.46017777919769287 0.13732188940048218
vt 0.46573129296302795 0.09015154838562012
vt 0.46535444259643555 0.07721549272537231
vt 0.4633006453514099 0.11455851793289185
vt 0.450766921043396 0.15591460466384888
vt 0.46338599920272827 0.126228928565979
vt 0.46631115674972534 0.1140589714050293
vt 0.4600082337856293 0.14846312999725342
vt 0.44735172390937805 0.1649397611618042
vt 0.45652204751968384 0.16937679052352905
vt 0.4409542977809906 0.1607535481452942
vt 0.4344424307346344 0.14529192447662354
vt 0.43394795060157776 0.15555286407470703
vt 0.4435218274593353 0.17355477809906006
vt 0.45040163397789 0.16668885946273804
vt 0.44683638215065 0.1758403778076172
vt 0.44996732473373413 0.17793774604797363
vt 0.4719373881816864 0.10057169198989868
vt 0.4716235399246216 0.08839666843414307
vt 0.44034382700920105 0.1713361144065857
vt 0.471365749835968 0.07931196689605713
vt 0.4648599624633789 0.06311589479446411
vt 0.4708095192909241 0.061703622341156006
vt 0.4613749384880066 0.05266416072845459
vt 0.43110114336013794 0.14254885911941528
vt 0.4461666941642761 0.1865108609199524
vt 0.44299226999282837 0.18416577577590942
vt 0.44925305247306824 0.18888777494430542
vt 0.43321797251701355 0.16601747274398804
vt 0.45533785223960876 0.19409269094467163
vt 0.4336070120334625 0.1772627830505371
vt 0.43043994903564453 0.15266233682632446
vt 0.4284312427043915 0.12949782609939575
vt 0.4395759403705597 0.1817234754562378
vt 0.44534116983413696 0.1972111463546753
vt 0.4484470784664154 0.1997475028038025
vt 0.45453575253486633 0.20503592491149902
vt 0.4421148896217346 0.1947750449180603
vt 0.4351765215396881 0.18966633081436157
vt 0.4275743067264557 0.13944309949874878
vt 0.4505995213985443 0.2133602499961853
vt 0.4376679062843323 0.20296531915664673
vt 0.4295256435871124 0.17398065328598022
vt 0.4313906133174896 0.18669730424880981
vt 0.42687779664993286 0.14959478378295898
vt 0.4443684220314026 0.20806115865707397
vt 0.4337359666824341 0.2000904679298401
vt 0.44108453392982483 0.20553374290466309
vt 0.4262753427028656 0.16021853685379028
vt 0.42581140995025635 0.17087632417678833
vt 0.42550551891326904 0.09305983781814575
vt 0.42416253685951233 0.10308581590652466
vt 0.42298173904418945 0.11305493116378784
vt 0.43011119961738586 0.19726216793060303
vt 0.4219628572463989 0.12302976846694946
vt 0.42545285820961 0.18192219734191895
vt 0.4210597276687622 0.13306331634521484
vt 0.4238474369049072 0.07932895421981812
vt 0.42561280727386475 0.06882762908935547
vt 0.42031121253967285 0.08729267120361328
vt 0.41987213492393494 0.10974454879760742
vt 0.4207030236721039 0.07570904493331909
vt 0.41884496808052063 0.11979424953460693
vt 0.41494786739349365 0.09279745817184448
vt 0.4225250780582428 0.06486368179321289
vt 0.4280179440975189 0.05721306800842285
vt 0.41527098417282104 0.12713861465454102
vt 0.4137991964817047 0.10301017761230469
vt 0.412786602973938 0.11318022012710571
vt 0.41399648785591125 0.14840459823608398
vt 0.4156894087791443 0.16132515668869019
vt 0.41731446981430054 0.17427045106887817
vt 0.41478076577186584 0.13779151439666748
vt 0.4162372946739197 0.08244073390960693
vt 0.4176941215991974 0.07191908359527588
vt 0.41095438599586487 0.13368535041809082
vt 0.4363732933998108 0.2139883041381836
vt 0.4384079873561859 0.05296534299850464
vt 0.41168466210365295 0.16871362924575806
vt 0.4093279540538788 0.15477651357650757
vt 0.4086267948150635 0.1654624342918396
vt 0.4397982656955719 0.21668201684951782
vt 0.4431702196598053 0.2192644476890564
vt 0.4463866651058197 0.2218875288963318
vt 0.40591344237327576 0.1167561411857605
vt 0.4068952798843384 0.10646039247512817
vt 0.40324196219444275 0.148076593875885
vt 0.40243950486183167 0.15864723920822144
vt 0.40793511271476746 0.09613996744155884
vt 0.40909022092819214 0.08570301532745361
vt 0.40801194310188293 0.1764916181564331
vt 0.41035255789756775 0.0750741958618164
vt 0.4195679724216461 0.06061530113220215
vt 0.414785772562027 0.06787258386611938
vt 0.40027695894241333 0.14471769332885742
vt 0.40171998739242554 0.16951996088027954
vt 0.40617334842681885 0.08220493793487549
vt 0.4074549674987793 0.07136571407318115
vt 0.3994535803794861 0.15523648262023926
vt 0.40216198563575745 0.08926421403884888
vt 0.4011320173740387 0.09967029094696045
vt 0.40330609679222107 0.07864761352539062
vt 0.3992142677307129 0.12039655447006226
vt 0.3986722528934479 0.1659630537033081
vt 0.39652296900749207 0.1518191695213318
vt 0.3956996202468872 0.16242313385009766
vt 0.3979344069957733 0.1770433783531189
vt 0.4118706285953522 0.06376701593399048
vt 0.4046049118041992 0.06755679845809937
vt 0.4161536395549774 0.05938059091567993
vt 0.43418270349502563 0.05068027973175049
vt 0.4298293888568878 0.050128281116485596
vt 0.394917368888855 0.17340296506881714
vt 0.40038830041885376 0.07495611906051636
vt 0.3964264988899231 0.08215975761413574
vt 0.3925752639770508 0.08929723501205444
vt 0.3944207429885864 0.1031842827796936
vt 0.3925466239452362 0.12422686815261841
vt 0.39077305793762207 0.1450520157814026
vt 0.40904664993286133 0.059416353702545166
vt 0.40175363421440125 0.06320899724960327
vt 0.3935978412628174 0.07862293720245361
vt 0.38879454135894775 0.09638607501983643
vt 0.3899143934249878 0.15554696321487427
vt 0.3879525363445282 0.14171987771987915
vt 0.38975363969802856 0.08585047721862793
vt 0.39076903462409973 0.07518404722213745
vt 0.3975851237773895 0.07113683223724365
vt 0.3947935700416565 0.06702250242233276
vt 0.38505733013153076 0.10348188877105713
vt 0.3870871067047119 0.15219706296920776
vt 0.3859800398349762 0.09297645092010498
vt 0.38694220781326294 0.08231180906295776
vt 0.4208495318889618 0.054023146629333496
vt 0.4253735840320587 0.05124539136886597
vt 0.38235023617744446 0.13508373498916626
vt 0.38622793555259705 0.16280978918075562
vt 0.38825586438179016 0.17735528945922852
vt 0.3831641376018524 0.08956223726272583
vt 0.37943729758262634 0.09676474332809448
vt 0.3841244578361511 0.07865911722183228
vt 0.3879874348640442 0.07092052698135376
vt 0.37852197885513306 0.10751652717590332
vt 0.3986397981643677 0.06172078847885132
vt 0.4137151837348938 0.052503883838653564
vt 0.4062233865261078 0.055239200592041016
vt 0.3786679804325104 0.14226216077804565
vt 0.3805948495864868 0.1561385989189148
vt 0.3748224973678589 0.11469560861587524
vt 0.3803439438343048 0.08609169721603394
vt 0.3812703490257263 0.07467365264892578
vt 0.3757076859474182 0.10419797897338867
vt 0.37661197781562805 0.09336721897125244
vt 0.37971341609954834 0.16691619157791138
vt 0.3774982690811157 0.08244186639785767
vt 0.3846884071826935 0.07195442914962769
vt 0.3845432996749878 0.18503177165985107
vt 0.3749699294567108 0.14954203367233276
vt 0.37304025888442993 0.13573580980300903
vt 0.3788193464279175 0.1780996322631836
vt 0.3740590214729309 0.16027134656906128
vt 0.3920183479785919 0.06214249134063721
vt 0.3728106617927551 0.10078948736190796
vt 0.3736920654773712 0.08983653783798218
vt 0.3690810203552246 0.10801029205322266
vt 0.3681826591491699 0.11855942010879517
vt 0.3721453547477722 0.14633101224899292
vt 0.416798859834671 0.0556069016456604
vt 0.3735629618167877 0.07706791162490845
vt 0.37808647751808167 0.0739641785621643
vt 0.3699588179588318 0.0974387526512146
vt 0.370809942483902 0.08632785081863403
vt 0.3712162673473358 0.1570814847946167
vt 0.367255300283432 0.129169762134552
vt 0.37025752663612366 0.16809046268463135
vt 0.37500667572021484 0.18600189685821533
vt 0.37216559052467346 0.18259590864181519
vt 0.36706167459487915 0.09400218725204468
vt 0.36619505286216736 0.10464859008789062
vt 0.3956487774848938 0.05905884504318237
vt 0.381445050239563 0.07225549221038818
vt 0.3653576374053955 0.15066039562225342
vt 0.3623255491256714 0.1119270920753479
vt 0.36338290572166443 0.13667535781860352
vt 0.3613722026348114 0.1226763129234314
vt 0.4184090793132782 0.047188758850097656
vt 0.36435234546661377 0.16173630952835083
vt 0.36407792568206787 0.09036469459533691
vt 0.3678450882434845 0.08248865604400635
vt 0.36022666096687317 0.0977088212966919
vt 0.403256356716156 0.051470935344696045
vt 0.44530168175697327 0.050232112407684326
vt 0.4519518315792084 0.05157971382141113
vt 0.4548434317111969 0.047188758850097656
vt 0.5699058175086975 0.26769739389419556
vt 0.5683919191360474 0.28240662813186646
vt 0.571270763874054 0.27739912271499634
vt 0.5642057061195374 0.27751606702804565
vt 0.5655398964881897 0.2873256802558899
vt 0.5612773895263672 0.28276461362838745
vt 0.5626760721206665 0.29244792461395264
vt 0.5756842494010925 0.25670307874679565
vt 0.5770578384399414 0.26643407344818115
vt 0.5812729001045227 0.2575722932815552
vt 0.5596573948860168 0.2981927990913391
vt 0.5581703782081604 0.28882652521133423
vt 0.5793467164039612 0.2489182949066162
vt 0.5830304026603699 0.2535058856010437
vt 0.5834930539131165 0.23890453577041626
vt 0.5858399868011475 0.24659454822540283
vt 0.566110372543335 0.2617053985595703
vt 0.5603214502334595 0.2714519500732422
vt 0.5718230605125427 0.2512984871864319
vt 0.5572572946548462 0.27780836820602417
vt 0.5747304558753967 0.24540549516677856
vt 0.5776615142822266 0.23912674188613892
vt 0.5807527899742126 0.2326856255531311
vt 0.5894032716751099 0.23691391944885254
vt 0.587012767791748 0.2292822003364563
vt 0.5594796538352966 0.2589990496635437
vt 0.5564313530921936 0.2656351327896118
vt 0.5681484341621399 0.24454247951507568
vt 0.5739001035690308 0.23325395584106445
vt 0.5768153071403503 0.22598958015441895
vt 0.5840751528739929 0.22272872924804688
vt 0.5673773884773254 0.23105716705322266
vt 0.5732195377349854 0.22109538316726685
vt 0.5807612538337708 0.21662020683288574
vt 0.5616520047187805 0.2407233715057373
vt 0.5587179064750671 0.24359756708145142
vt 0.5557453036308289 0.25152236223220825
vt 0.5759434103965759 0.20934653282165527
vt 0.5665727257728577 0.21452951431274414
vt 0.569133460521698 0.2016645073890686
vt 0.5724905729293823 0.20606106519699097
vt 0.5633969902992249 0.21227294206619263
vt 0.5603194832801819 0.2131659984588623
vt 0.5580825805664062 0.23075789213180542
vt 0.5553772449493408 0.24056625366210938
vt 0.5659196972846985 0.19894087314605713
vt 0.5627803206443787 0.19663214683532715
vt 0.5547007322311401 0.22470170259475708
vt 0.5539774894714355 0.20634078979492188
vt 0.5513841509819031 0.2220819592475891
vt 0.5565730333328247 0.19343876838684082
vt 0.5516357421875 0.23509395122528076
vt 0.571528971195221 0.17664504051208496
vt 0.5749766826629639 0.18283426761627197
vt 0.5651584267616272 0.17204898595809937
vt 0.5786311626434326 0.18942862749099731
vt 0.5592780709266663 0.18091315031051636
vt 0.5535264611244202 0.19109606742858887
vt 0.5509907603263855 0.20997464656829834
vt 0.5479835271835327 0.21936190128326416
vt 0.554078996181488 0.23872804641723633
vt 0.5822609663009644 0.1902044415473938
vt 0.5744358897209167 0.1665317416191101
vt 0.5780945420265198 0.17357540130615234
vt 0.5590032935142517 0.1674356460571289
vt 0.5532300472259521 0.17378950119018555
vt 0.5712199211120605 0.16340148448944092
vt 0.5649007558822632 0.15825051069259644
vt 0.5618841648101807 0.1564311385154724
vt 0.5505526065826416 0.1919359564781189
vt 0.5478179454803467 0.2065877914428711
vt 0.5818536281585693 0.1793319582939148
vt 0.5864369869232178 0.19704270362854004
vt 0.5742698907852173 0.15346455574035645
vt 0.5773928165435791 0.15686476230621338
vt 0.5708886384963989 0.13824278116226196
vt 0.5813800096511841 0.16181421279907227
vt 0.5859113335609436 0.18372690677642822
vt 0.5558843612670898 0.15345990657806396
vt 0.574135422706604 0.14113956689834595
vt 0.5775177478790283 0.1445525884628296
vt 0.5852689146995544 0.16721689701080322
vt 0.5811250805854797 0.14876925945281982
vt 0.5550395846366882 0.2697187662124634
vt 0.564716100692749 0.13386845588684082
vt 0.5447073578834534 0.2060796022415161
vt 0.5529881715774536 0.15254080295562744
vt 0.5587433576583862 0.14245569705963135
vt 0.5502105951309204 0.16449445486068726
vt 0.5850406885147095 0.15384525060653687
vt 0.590868353843689 0.20130985975265503
vt 0.5917431116104126 0.2145688533782959
vt 0.5902798175811768 0.18971526622772217
vt 0.5467442274093628 0.2188931107521057
vt 0.5473272204399109 0.16410881280899048
vt 0.5774596929550171 0.12063264846801758
vt 0.5809525847434998 0.12418097257614136
vt 0.5741475820541382 0.11767923831939697
vt 0.589330792427063 0.16029596328735352
vt 0.5847837924957275 0.12861037254333496
vt 0.5515848994255066 0.24795079231262207
vt 0.5522254705429077 0.2632067799568176
vt 0.570931613445282 0.1150813102722168
vt 0.544728696346283 0.2180355191230774
vt 0.5557830333709717 0.12945199012756348
vt 0.5446090698242188 0.1967669129371643
vt 0.577529788017273 0.10906505584716797
vt 0.5810008645057678 0.11242270469665527
vt 0.5648087859153748 0.11110067367553711
vt 0.5587783455848694 0.10801887512207031
vt 0.5888954997062683 0.13396906852722168
vt 0.5416085720062256 0.2060180902481079
vt 0.5742495059967041 0.09493100643157959
vt 0.5649096965789795 0.09986424446105957
vt 0.5681214332580566 0.09060877561569214
vt 0.5500448942184448 0.12801116704940796
vt 0.5472120642662048 0.1393580436706543
vt 0.581141471862793 0.10092991590499878
vt 0.5848563313484192 0.1047167181968689
vt 0.5588750243186951 0.09691154956817627
vt 0.5504109263420105 0.2331157922744751
vt 0.5476337671279907 0.22989106178283691
vt 0.5888325572013855 0.10929226875305176
vt 0.5529602766036987 0.10600656270980835
vt 0.555668294429779 0.09568363428115845
vt 0.5443835258483887 0.151664137840271
vt 0.5589964389801025 0.085812509059906
vt 0.5560406446456909 0.08469146490097046
vt 0.5415176153182983 0.1646236777305603
vt 0.550081193447113 0.10592776536941528
vt 0.5783335566520691 0.07551407814025879
vt 0.5817714929580688 0.07848334312438965
vt 0.5416460633277893 0.2175675630569458
vt 0.5718117356300354 0.07049107551574707
vt 0.5443431735038757 0.12756824493408203
vt 0.5385445952415466 0.19274497032165527
vt 0.5385324954986572 0.20630043745040894
vt 0.5472074747085571 0.10496330261230469
vt 0.5531132817268372 0.08378654718399048
vt 0.5501863360404968 0.08304619789123535
vt 0.5472739934921265 0.08258920907974243
vt 0.5655803084373474 0.066680908203125
vt 0.5356047749519348 0.16550981998443604
vt 0.5854687094688416 0.08192044496536255
vt 0.5356479287147522 0.15273618698120117
vt 0.5386146306991577 0.1398603320121765
vt 0.5443418025970459 0.10482209920883179
vt 0.5594251751899719 0.06359684467315674
vt 0.5893550515174866 0.08608287572860718
vt 0.5386087894439697 0.12804323434829712
vt 0.578761100769043 0.06462830305099487
vt 0.5754415392875671 0.061968863010406494
vt 0.5534083247184753 0.06133788824081421
vt 0.572388231754303 0.05971419811248779
vt 0.5503931045532227 0.06053876876831055
vt 0.5822159647941589 0.06758582592010498
vt 0.5858877897262573 0.07083642482757568
vt 0.5443657636642456 0.08241117000579834
vt 0.5326844453811646 0.16608643531799316
vt 0.5323232412338257 0.20766973495483398
vt 0.5353851914405823 0.20684939622879028
vt 0.5385739803314209 0.10524189472198486
vt 0.5414599776268005 0.08244556188583374
vt 0.5473973155021667 0.06004893779754639
vt 0.5327355861663818 0.14117151498794556
vt 0.5327332615852356 0.12930738925933838
vt 0.5355884432792664 0.10579407215118408
vt 0.5297978520393372 0.15435713529586792
vt 0.529690146446228 0.17144107818603516
vt 0.5444093942642212 0.05980944633483887
vt 0.5385416150093079 0.08273786306381226
vt 0.5265313982963562 0.18585258722305298
vt 0.5386002659797668 0.21775782108306885
vt 0.5793346166610718 0.053855299949645996
vt 0.5759992003440857 0.05116426944732666
vt 0.5414239168167114 0.05991256237030029
vt 0.5268086194992065 0.13138604164123535
vt 0.5263764262199402 0.19613659381866455
vt 0.5292317271232605 0.2090977430343628
vt 0.5238202214241028 0.14463186264038086
vt 0.5296905040740967 0.10731536149978638
vt 0.5236995816230774 0.17007982730865479
vt 0.5207245945930481 0.15912437438964844
vt 0.532551646232605 0.08385658264160156
vt 0.5354169607162476 0.060716986656188965
vt 0.5870330333709717 0.04919677972793579
vt 0.5383906960487366 0.04919677972793579
vt 0.5236572623252869 0.10876870155334473
vt 0.5295395255088806 0.08469146490097046
vt 0.5207376480102539 0.1342795491218567
vt 0.5205779075622559 0.1109876036643982
vt 0.5231839418411255 0.1981256604194641
vt 0.5324161648750305 0.06128871440887451
vt 0.5234808921813965 0.08680778741836548
vt 0.5228326320648193 0.213462233543396
vt 0.5260410904884338 0.21133297681808472
vt 0.5205938220024109 0.17220056056976318
vt 0.5200505256652832 0.20075297355651855
vt 0.525879979133606 0.2247137427330017
vt 0.5355185866355896 0.21809184551239014
vt 0.5292894244194031 0.22093409299850464
vt 0.517422080039978 0.11279863119125366
vt 0.5173928141593933 0.17490214109420776
vt 0.5325193405151367 0.21840661764144897
vt 0.5142738223075867 0.16456055641174316
vt 0.5143190622329712 0.15146023035049438
vt 0.5175804495811462 0.1363885998725891
vt 0.5143336653709412 0.13851404190063477
vt 0.5167885422706604 0.2029295563697815
vt 0.5141718983650208 0.11505037546157837
vt 0.5162617564201355 0.21731245517730713
vt 0.5224041938781738 0.22915160655975342
vt 0.5136711597442627 0.17876791954040527
vt 0.5443105697631836 0.228906512260437
vt 0.5108487010002136 0.15485286712646484
vt 0.5108367800712585 0.1421900987625122
vt 0.5136979818344116 0.19314175844192505
vt 0.5107328295707703 0.16861850023269653
vt 0.5125028491020203 0.2096337080001831
vt 0.5104756951332092 0.18281972408294678
vt 0.5188657641410828 0.23412859439849854
vt 0.522107720375061 0.244174063205719
vt 0.5071914792060852 0.1596110463142395
vt 0.5131454467773438 0.2259412407875061
vt 0.5070461630821228 0.17373472452163696
vt 0.5150607824325562 0.24073374271392822
vt 0.5184064507484436 0.2516227960586548
vt 0.5064759850502014 0.19372475147247314
vt 0.5414888262748718 0.22912323474884033
vt 0.5387282371520996 0.22986561059951782
vt 0.5361109972000122 0.24219626188278198
vt 0.5328037738800049 0.22936731576919556
vt 0.5416668653488159 0.2408241629600525
vt 0.5389513373374939 0.2417738437652588
vt 0.5364469885826111 0.2546042799949646
vt 0.5392873287200928 0.25418221950531006
vt 0.7577593326568604 0.5214637517929077
vt 0.7612112164497375 0.5175738334655762
vt 0.7573953866958618 0.5113605856895447
vt 0.7541358470916748 0.517723560333252
vt 0.7608779668807983 0.5105336308479309
vt 0.7626328468322754 0.5147488117218018
vt 0.7644276022911072 0.5111511945724487
vt 0.7583871483802795 0.5233480334281921
vt 0.7579068541526794 0.5243404507637024
vt 0.7546427845954895 0.5303819179534912
vt 0.7508805394172668 0.5241270065307617
vt 0.7607367634773254 0.5041717290878296
vt 0.7633283734321594 0.498897910118103
vt 0.7677923440933228 0.5038306713104248
vt 0.7711557745933533 0.4965308904647827
vt 0.7674014568328857 0.48997801542282104
vt 0.770805299282074 0.482685387134552
vt 0.7744640111923218 0.489937424659729
vt 0.7710605263710022 0.4820651412010193
vt 0.7744566798210144 0.4896169900894165
vt 0.7755798697471619 0.4739665985107422
vt 0.7776962518692017 0.48433077335357666
vt 0.7708040475845337 0.481573224067688
vt 0.7774948477745056 0.4776393175125122
vt 0.777380645275116 0.47132670879364014
vt 0.7837857007980347 0.47814488410949707
vt 0.7805717587471008 0.4676719307899475
vt 0.7509070038795471 0.5097277164459229
vt 0.7445977926254272 0.5158652067184448
vt 0.7774940133094788 0.4535837173461914
vt 0.7797800302505493 0.4820130467414856
vt 0.7806375026702881 0.4494292140007019
vt 0.7477855682373047 0.528031587600708
vt 0.7837534546852112 0.4376065731048584
vt 0.7453270554542542 0.5439507961273193
vt 0.7446547746658325 0.5311291217803955
vt 0.7867602109909058 0.47624874114990234
vt 0.7865846753120422 0.4637666940689087
vt 0.7835933566093445 0.45101404190063477
vt 0.7896922826766968 0.47508329153060913
vt 0.7924538254737854 0.45330649614334106
vt 0.798410952091217 0.46036285161972046
vt 0.8043606281280518 0.4533790946006775
vt 0.8221802711486816 0.4571632146835327
vt 0.7477021813392639 0.5197525024414062
vt 0.7414442896842957 0.5263128280639648
vt 0.7385712265968323 0.5097070932388306
vt 0.7353657484054565 0.5195447206497192
vt 0.7353421449661255 0.5301148295402527
vt 0.732404351234436 0.5168669819831848
vt 0.732393741607666 0.5321245193481445
vt 0.7294251918792725 0.5296003818511963
vt 0.7293980717658997 0.520287811756134
vt 0.7263736724853516 0.522799015045166
vt 0.7236815094947815 0.4961411952972412
vt 0.7235269546508789 0.5093355178833008
vt 0.7189083695411682 0.49316519498825073
vt 0.7299271821975708 0.4893144369125366
vt 0.7358723878860474 0.49468839168548584
vt 0.7268919944763184 0.4866148829460144
vt 0.7419319748878479 0.5005133152008057
vt 0.7515977025032043 0.4856939911842346
vt 0.7611300349235535 0.483209490776062
vt 0.7608062028884888 0.49554675817489624
vt 0.764178454875946 0.486491322517395
vt 0.7648966908454895 0.4742736220359802
vt 0.7588136792182922 0.45995044708251953
vt 0.7712936997413635 0.45520663261413574
vt 0.7678335905075073 0.46845489740371704
vt 0.771120011806488 0.46252351999282837
vt 0.7676254510879517 0.4773504137992859
vt 0.771009087562561 0.46800345182418823
vt 0.723903238773346 0.4868096113204956
vt 0.742655336856842 0.4772888422012329
vt 0.7745887041091919 0.444995641708374
vt 0.7778111100196838 0.43458956480026245
vt 0.7748960256576538 0.43273091316223145
vt 0.7593886852264404 0.4449697732925415
vt 0.7525008916854858 0.46256083250045776
vt 0.7181365489959717 0.48070192337036133
vt 0.7243112921714783 0.4729238748550415
vt 0.7309259176254272 0.4669174551963806
vt 0.7430603504180908 0.46604055166244507
vt 0.7121284008026123 0.4897114038467407
vt 0.7120246291160583 0.49762439727783203
vt 0.7119755744934082 0.5026613473892212
vt 0.7506111860275269 0.437951922416687
vt 0.7064721584320068 0.4754505157470703
vt 0.7034043669700623 0.4863213300704956
vt 0.7155205607414246 0.4680086374282837
vt 0.6630143523216248 0.4642016291618347
vt 0.6801995038986206 0.4802238941192627
vt 0.6570107340812683 0.474170446395874
vt 0.697961151599884 0.46198010444641113
vt 0.6398859024047852 0.45834434032440186
vt 0.6252553462982178 0.46579158306121826
vt 0.6225404143333435 0.4541301727294922
vt 0.6631952524185181 0.45322591066360474
vt 0.6284710764884949 0.4445440173149109
vt 0.5907496809959412 0.44779545068740845
vt 0.6053690314292908 0.4398522973060608
vt 0.5992962718009949 0.460585355758667
vt 0.5906001329421997 0.45874136686325073
vt 0.5733575224876404 0.4554142951965332
vt 0.5734567642211914 0.4444240927696228
vt 0.5732721090316772 0.466441810131073
vt 0.5704371929168701 0.4552956819534302
vt 0.5704726576805115 0.44411700963974
vt 0.5704020261764526 0.46638303995132446
vt 0.5674118399620056 0.45544928312301636
vt 0.5673943161964417 0.4442523121833801
vt 0.570397675037384 0.43273091316223145
vt 0.5673078298568726 0.4329456686973572
vt 0.5904549360275269 0.4699571132659912
vt 0.602023184299469 0.4725104570388794
vt 0.5731930136680603 0.47748857736587524
vt 0.5674103498458862 0.46670931577682495
vt 0.570376992225647 0.4774993658065796
vt 0.6222234964370728 0.4766290783882141
vt 0.5874502658843994 0.4808421730995178
vt 0.5989983081817627 0.4837269186973572
vt 0.5674167275428772 0.47815775871276855
vt 0.6424447298049927 0.48198437690734863
vt 0.5759176015853882 0.4895440936088562
vt 0.5640488266944885 0.44458192586898804
vt 0.5642035007476807 0.43320232629776
vt 0.5643231272697449 0.45462340116500854
vt 0.564315915107727 0.4676109552383423
vt 0.5731261968612671 0.4890868067741394
vt 0.570336103439331 0.4892270565032959
vt 0.5638046860694885 0.5030903816223145
vt 0.5662556290626526 0.5077542662620544
vt 0.5659047961235046 0.49185657501220703
vt 0.5641446113586426 0.4876992702484131
vt 0.5673529505729675 0.49480491876602173
vt 0.5671886205673218 0.5057822465896606
vt 0.570290207862854 0.49854522943496704
vt 0.5701257586479187 0.5126033425331116
vt 0.5673729777336121 0.4905155897140503
vt 0.5667029023170471 0.5214380025863647
vt 0.5689881443977356 0.5237166881561279
vt 0.5698900818824768 0.5244172811508179
vt 0.563140869140625 0.515122652053833
vt 0.5642266273498535 0.4800891876220703
vt 0.5730235576629639 0.5020391941070557
vt 0.5758218169212341 0.49960851669311523
vt 0.5930802822113037 0.4963238835334778
vt 0.6017352938652039 0.49733394384384155
vt 0.6249570250511169 0.48964953422546387
vt 0.635329008102417 0.4925943613052368
vt 0.6568416357040405 0.48815369606018066
vt 0.6829540133476257 0.4939764738082886
vt 0.7032596468925476 0.5000330209732056
vt 0.5728861689567566 0.5138051509857178
vt 0.5757986307144165 0.5026923418045044
vt 0.5900262594223022 0.511709988117218
vt 0.6045271158218384 0.5100762248039246
vt 0.6219503283500671 0.5032151937484741
vt 0.6363531947135925 0.5077093839645386
vt 0.6567378044128418 0.5005754232406616
vt 0.6683796048164368 0.503129780292511
vt 0.6886962652206421 0.5147489309310913
vt 0.7060702443122864 0.5143052339553833
vt 0.711915135383606 0.5135443210601807
vt 0.7177008390426636 0.5118531584739685
vt 0.7148011922836304 0.5260138511657715
vt 0.7176960706710815 0.5219200849533081
vt 0.7234811186790466 0.5241272449493408
vt 0.7090111970901489 0.5264097452163696
vt 0.7264730334281921 0.5356600284576416
vt 0.6508738398551941 0.5182032585144043
vt 0.6741353869438171 0.515437126159668
vt 0.6131446361541748 0.5216867923736572
vt 0.6276466846466064 0.5208318829536438
vt 0.7235643267631531 0.5366076231002808
vt 0.7177552580833435 0.5376238822937012
vt 0.5958277583122253 0.5231764316558838
vt 0.5727593302726746 0.5254111886024475
vt 0.6828123927116394 0.5267078876495361
vt 0.6650345921516418 0.5281156301498413
vt 0.7119223475456238 0.5380171537399292
vt 0.7297136783599854 0.5461587905883789
vt 0.7327024936676025 0.5445026159286499
vt 0.7380227446556091 0.5405745506286621
vt 0.6363344192504883 0.5313708782196045
vt 0.7031377553939819 0.5378296375274658
vt 0.726671040058136 0.5475088357925415
vt 0.7237017750740051 0.5483076572418213
vt 0.6944522857666016 0.5377670526504517
vt 0.604489266872406 0.5335990190505981
vt 0.5785199403762817 0.5360552072525024
vt 0.5726563930511475 0.5366923809051514
vt 0.6828150749206543 0.537922739982605
vt 0.6683626174926758 0.538977861404419
vt 0.7178323864936829 0.5491967797279358
vt 0.6422412395477295 0.5417959690093994
vt 0.5696391463279724 0.5358239412307739
vt 0.7422715425491333 0.5476477146148682
vt 0.5663283467292786 0.5332179069519043
vt 0.49994274973869324 0.5350991487503052
vt 0.5029999613761902 0.5398603081703186
vt 0.5021153688430786 0.5239522457122803
vt 0.5051925778388977 0.5288835763931274
vt 0.5027172565460205 0.5211671590805054
vt 0.5052757263183594 0.5425934791564941
vt 0.5087209939956665 0.5330623388290405
vt 0.5065779089927673 0.5438990592956543
vt 0.5074908137321472 0.5212217569351196
vt 0.5127557516098022 0.5377480983734131
vt 0.5156311392784119 0.5263032913208008
vt 0.5092785358428955 0.5461283922195435
vt 0.5055601596832275 0.5546486973762512
vt 0.5013247728347778 0.5741347074508667
vt 0.5009559392929077 0.5534321069717407
vt 0.5007202625274658 0.5497175455093384
vt 0.49838101863861084 0.5455856323242188
vt 0.5081673860549927 0.5678834915161133
vt 0.5054587125778198 0.5773278474807739
vt 0.5094424486160278 0.5576077103614807
vt 0.5015147924423218 0.5861023664474487
vt 0.505207359790802 0.5995839834213257
vt 0.5010560750961304 0.597161054611206
vt 0.5126292109489441 0.5484572649002075
vt 0.5158883333206177 0.5393067002296448
vt 0.5188777446746826 0.5286164283752441
vt 0.5124256014823914 0.5592824220657349
vt 0.5090562105178833 0.5683825016021729
vt 0.515703558921814 0.5500979423522949
vt 0.511878252029419 0.5808165669441223
vt 0.5079362988471985 0.611595630645752
vt 0.5050269365310669 0.6108571290969849
vt 0.5010772347450256 0.6087297201156616
vt 0.5112783908843994 0.6024690270423889
vt 0.5188211798667908 0.5405756235122681
vt 0.5218803882598877 0.5302982330322266
vt 0.5059575438499451 0.6226226091384888
vt 0.5188179016113281 0.5230408310890198
vt 0.521940290927887 0.5210843086242676
vt 0.5247929096221924 0.5315846800804138
vt 0.5250042080879211 0.5211671590805054
vt 0.5277714729309082 0.5321547985076904
vt 0.5280142426490784 0.5230522155761719
vt 0.5153781771659851 0.5606906414031982
vt 0.5172837376594543 0.5940600633621216
vt 0.5207821726799011 0.5736396312713623
vt 0.5273995399475098 0.5437018871307373
vt 0.5271124839782715 0.5544741153717041
vt 0.5204781293869019 0.584354043006897
vt 0.5201460719108582 0.5952565670013428
vt 0.5233409404754639 0.5855799913406372
vt 0.5299819111824036 0.5556797981262207
vt 0.5329136252403259 0.5568772554397583
vt 0.5230079293251038 0.596508800983429
vt 0.5287295579910278 0.5991016626358032
vt 0.5323516130447388 0.5785790681838989
vt 0.5326359868049622 0.5676798820495605
vt 0.5385070443153381 0.5701630711555481
vt 0.5316922664642334 0.6004083156585693
vt 0.5332362055778503 0.5462276339530945
vt 0.5355064272880554 0.5687911510467529
vt 0.5357971787452698 0.5581262111663818
vt 0.5169901251792908 0.6046729683876038
vt 0.5107487440109253 0.6234776973724365
vt 0.5284005403518677 0.6098597049713135
vt 0.5374811291694641 0.603070855140686
vt 0.534939706325531 0.5906583070755005
vt 0.5378473997116089 0.5919561386108398
vt 0.538175642490387 0.5810612440109253
vt 0.525543212890625 0.6086165904998779
vt 0.5187949538230896 0.6379172801971436
vt 0.5163413882255554 0.6262040138244629
vt 0.5159797668457031 0.6367101669311523
vt 0.5276705622673035 0.631381630897522
vt 0.5244998931884766 0.6408176422119141
vt 0.5131246447563171 0.6355383396148682
vt 0.5307625532150269 0.6331527233123779
vt 0.5308401584625244 0.5329881906509399
vt 0.5404734015464783 0.5931905508041382
vt 0.5415542125701904 0.5823763608932495
vt 0.5404909253120422 0.5707697868347168
vt 0.536442756652832 0.5466486215591431
vt 0.5339623093605042 0.6323429942131042
vt 0.5381879210472107 0.6147460341453552
vt 0.5396276712417603 0.6042770147323608
vt 0.5275259017944336 0.6431527137756348
vt 0.5392217040061951 0.5572022199630737
vt 0.5367164611816406 0.5434744954109192
vt 0.5294041037559509 0.6448781490325928
vt 0.5336676836013794 0.5332269668579102
vt 0.5184010863304138 0.6520634293556213
vt 0.5213724970817566 0.6536144614219666
vt 0.5244477391242981 0.6523722410202026
vt 0.5156588554382324 0.6512571573257446
vt 0.5095441341400146 0.6398181915283203
vt 0.5080636739730835 0.6352204084396362
vt 0.5123583674430847 0.6468082666397095
vt 0.5959699749946594 0.6159924864768982
vt 0.5956376194953918 0.6272627711296082
vt 0.5989875793457031 0.6260683536529541
vt 0.5989543199539185 0.6155184507369995
vt 0.6001625657081604 0.6151551008224487
vt 0.5992045402526855 0.6046032905578613
vt 0.5964087247848511 0.6027791500091553
vt 0.5928438305854797 0.6265397071838379
vt 0.5954503417015076 0.6377969980239868
vt 0.5924667119979858 0.6385075449943542
vt 0.5966941118240356 0.5913654565811157
vt 0.5957213044166565 0.648237943649292
vt 0.5921918749809265 0.6492232084274292
vt 0.5965358018875122 0.6375501751899719
vt 0.5924241542816162 0.6596074104309082
vt 0.5913230776786804 0.6493739485740662
vt 0.5893747210502625 0.6460617780685425
vt 0.589302659034729 0.649397611618042
vt 0.5891587734222412 0.6606348752975464
vt 0.5863214135169983 0.6612159013748169
vt 0.5896797180175781 0.6367276906967163
vt 0.5894107222557068 0.6709891557693481
vt 0.5862305760383606 0.6722464561462402
vt 0.5866649150848389 0.6826993227005005
vt 0.5833902955055237 0.6835311651229858
vt 0.5864306688308716 0.6484907865524292
vt 0.599575400352478 0.6365965604782104
vt 0.6003777384757996 0.6257338523864746
vt 0.5840640068054199 0.6947386264801025
vt 0.5914869904518127 0.6705343723297119
vt 0.5805171728134155 0.6849015951156616
vt 0.5807567834854126 0.6954120397567749
vt 0.5964309573173523 0.6481196880340576
vt 0.5958945155143738 0.6591382026672363
vt 0.5903913974761963 0.6821622848510742
vt 0.5997292995452881 0.6475676894187927
vt 0.593545138835907 0.6705390214920044
vt 0.5822928547859192 0.7071008682250977
vt 0.5784000754356384 0.7073841094970703
vt 0.5778388381004333 0.696597695350647
vt 0.5753318667411804 0.7080737352371216
vt 0.5763192176818848 0.7207857370376587
vt 0.5731082558631897 0.7208384871482849
vt 0.5724369883537292 0.7092133164405823
vt 0.5700928568840027 0.721550703048706
vt 0.5023953318595886 0.6570572257041931
vt 0.505241334438324 0.654617428779602
vt 0.5014945268630981 0.6458820104598999
vt 0.502997100353241 0.6677680015563965
vt 0.5056141018867493 0.6586657166481018
vt 0.5062171816825867 0.6663452386856079
vt 0.5042576789855957 0.6783713102340698
vt 0.5069472789764404 0.6774718761444092
vt 0.5099461674690247 0.6754271984100342
vt 0.5074571967124939 0.688398003578186
vt 0.5108340382575989 0.6863731145858765
vt 0.511311948299408 0.6972849369049072
vt 0.5145363807678223 0.6952069997787476
vt 0.5150195360183716 0.7060624361038208
vt 0.5182458758354187 0.7037615776062012
vt 0.5186619758605957 0.7148443460464478
vt 0.513733446598053 0.6838786602020264
vt 0.5106099843978882 0.6830554008483887
vt 0.517446756362915 0.6926594972610474
vt 0.5198666453361511 0.7139600515365601
vt 0.5211935043334961 0.7018873691558838
vt 0.5218077898025513 0.7127576470375061
vt 0.5247606039047241 0.7108431458473206
vt 0.525265097618103 0.7218300104141235
vt 0.5282520055770874 0.7198604345321655
vt 0.5276221036911011 0.7084304690361023
vt 0.5311615467071533 0.7180535793304443
vt 0.531636655330658 0.728834867477417
vt 0.5134246349334717 0.6796675324440002
vt 0.524036705493927 0.6987682580947876
vt 0.5340507626533508 0.7161737680435181
vt 0.534590482711792 0.7271314859390259
vt 0.5369629859924316 0.7140179872512817
vt 0.537285327911377 0.7202715873718262
vt 0.5375303030014038 0.7255425453186035
vt 0.5404521822929382 0.7239887714385986
vt 0.5401887893676758 0.7179477214813232
vt 0.543450653553009 0.7224068641662598
vt 0.5431883931159973 0.7161755561828613
vt 0.5461091995239258 0.7145459651947021
vt 0.5577091574668884 0.7074572443962097
vt 0.539886474609375 0.7113621234893799
vt 0.5305097103118896 0.7052024602890015
vt 0.5088549852371216 0.6598243713378906
vt 0.5167421102523804 0.6810274124145508
vt 0.512778103351593 0.6709572076797485
vt 0.5203133821487427 0.6884753704071045
vt 0.5428721308708191 0.7086200714111328
vt 0.5609444975852966 0.7143020629882812
vt 0.5583859086036682 0.7265562415122986
vt 0.5525873899459839 0.7292265892028809
vt 0.5641919374465942 0.7240012288093567
vt 0.5606090426445007 0.705106258392334
vt 0.5638626217842102 0.7131384611129761
vt 0.5664157867431641 0.6993520855903625
vt 0.5668109059333801 0.7119050025939941
vt 0.5696342587471008 0.710533618927002
vt 0.5693674683570862 0.6989782452583313
vt 0.5722472071647644 0.6985495090484619
vt 0.5438413619995117 0.7333307266235352
vt 0.5272311568260193 0.7006635665893555
vt 0.5692803263664246 0.6962697505950928
vt 0.5721343755722046 0.6934159994125366
vt 0.5750361084938049 0.6976486444473267
vt 0.5749683380126953 0.6914441585540771
vt 0.5777348279953003 0.6855548620223999
vt 0.5748617053031921 0.6849462985992432
vt 0.5041910409927368 0.6395043134689331
vt 0.5006732940673828 0.6359055638313293
vt 0.49831491708755493 0.6475334167480469
vt 0.49761757254600525 0.6364340782165527
vt 0.4967888593673706 0.6251946687698364
vt 0.49959027767181396 0.6213206648826599
vt 0.4958668351173401 0.6137580871582031
vt 0.5334522724151611 0.7019292116165161
vt 0.5671658515930176 0.7227095365524292
vt 0.4992237985134125 0.6159435510635376
vt 0.545762836933136 0.7060908079147339
vt 0.5805141925811768 0.6726508140563965
vt 0.5833451151847839 0.6728730201721191
vt 0.5833706855773926 0.6677330732345581
vt 0.5804964303970337 0.6699501276016235
vt 0.5833840370178223 0.6595314741134644
vt 0.5775686502456665 0.6731178164482117
vt 0.574630618095398 0.6767573356628418
vt 0.536536455154419 0.702409565448761
vt 0.523453950881958 0.6858000159263611
vt 0.49822741746902466 0.598865270614624
vt 0.5833281874656677 0.652684211730957
vt 0.5303645730018616 0.7013946771621704
vt 0.5408338904380798 0.734957754611969
vt 0.5542925000190735 0.6969941854476929
vt 0.5802533626556396 0.6570533514022827
vt 0.4989461302757263 0.6583096385002136
vt 0.5081465840339661 0.6450693607330322
vt 0.5395873188972473 0.7025317549705505
vt 0.4948846697807312 0.6018205881118774
vt 0.49406367540359497 0.5913654565811157
vt 0.5201075673103333 0.6835908889770508
vt 0.5269216299057007 0.6921766996383667
vt 0.5035083889961243 0.623927116394043
vt 0.5161723494529724 0.6668037176132202
vt 0.5123828649520874 0.6628608703613281
vt 0.5716758370399475 0.6805319786071777
vt 0.5687777400016785 0.6838511228561401
vt 0.5378814339637756 0.7367041110992432
vt 0.5426534414291382 0.7020940184593201
vt 0.5602592825889587 0.6977056264877319
vt 0.5285850763320923 0.7311422824859619
vt 0.5220968127250671 0.7243018746376038
vt 0.5348585844039917 0.7388472557067871
vt 0.49957767128944397 0.6691673994064331
vt 0.5268227458000183 0.6875704526901245
vt 0.5497606992721558 0.7428606748580933
vt 0.555846095085144 0.7402064800262451
vt 0.5254085063934326 0.7338138818740845
vt 0.5617161393165588 0.7379014492034912
vt 0.5440757870674133 0.7459839582443237
vt 0.10109861195087433 0.43241703510284424
vt 0.09742141515016556 0.4336059093475342
vt 0.09845393151044846 0.4448431730270386
vt 0.09687723964452744 0.4450533986091614
vt 0.0948307141661644 0.434390664100647
vt 0.09030640870332718 0.4469573497772217
vt 0.08852103352546692 0.43632060289382935
vt 0.08557745814323425 0.4485935568809509
vt 0.08286494761705399 0.43838411569595337
vt 0.07935772091150284 0.45101112127304077
vt 0.0788307636976242 0.43981969356536865
vt 0.07632099092006683 0.45242488384246826
vt 0.07561290264129639 0.4410097002983093
vt 0.07337304204702377 0.4543079137802124
vt 0.10270069539546967 0.44431811571121216
vt 0.1043003499507904 0.43152517080307007
vt 0.1054007038474083 0.43115872144699097
vt 0.07239388674497604 0.4420471787452698
vt 0.08905678987503052 0.4518337845802307
vt 0.08256293088197708 0.4510082006454468
vt 0.07236406952142715 0.4307228922843933
vt 0.06930158287286758 0.4432547688484192
vt 0.07046126574277878 0.4569622874259949
vt 0.09551562368869781 0.4499935507774353
vt 0.08657847344875336 0.4590984582901001
vt 0.08004149794578552 0.45828795433044434
vt 0.09306501597166061 0.457969605922699
vt 0.10687672346830368 0.446155309677124
vt 0.10760179907083511 0.4307318329811096
vt 0.10863582789897919 0.43977057933807373
vt 0.11090124398469925 0.4307229518890381
vt 0.09958618879318237 0.454370379447937
vt 0.09039942175149918 0.46295732259750366
vt 0.08402356505393982 0.4648594260215759
vt 0.07740682363510132 0.46328848600387573
vt 0.08731688559055328 0.4647071361541748
vt 0.09705816954374313 0.4616663455963135
vt 0.06782498955726624 0.46210038661956787
vt 0.06664867699146271 0.4490724205970764
vt 0.07066594064235687 0.45944279432296753
vt 0.20056591928005219 0.8342146277427673
vt 0.19857101142406464 0.8287153244018555
vt 0.19681930541992188 0.8401378393173218
vt 0.1946018785238266 0.8338329792022705
vt 0.19463340938091278 0.8185776472091675
vt 0.19384947419166565 0.8317239284515381
vt 0.19092874228954315 0.8242028951644897
vt 0.20003069937229156 0.8421294093132019
vt 0.20216584205627441 0.8389119505882263
vt 0.19025889039039612 0.8079723119735718
vt 0.18799957633018494 0.8176544308662415
vt 0.188357412815094 0.8107414841651917
vt 0.19976866245269775 0.8481845855712891
vt 0.20172135531902313 0.8539798259735107
vt 0.2029445916414261 0.8526683449745178
vt 0.20652280747890472 0.8516354560852051
vt 0.20277996361255646 0.857234537601471
vt 0.20579135417938232 0.8658051490783691
vt 0.2092071771621704 0.8589343428611755
vt 0.2123987376689911 0.8666980266571045
vt 0.2087819129228592 0.873494029045105
vt 0.21171453595161438 0.8796901702880859
vt 0.18229685723781586 0.8067479729652405
vt 0.1887681633234024 0.8048821687698364
vt 0.18450073897838593 0.7969682812690735
vt 0.1877598911523819 0.8255174160003662
vt 0.21803225576877594 0.8758351802825928
vt 0.21460306644439697 0.8841788172721863
vt 0.19063745439052582 0.83640456199646
vt 0.17900541424751282 0.8165758848190308
vt 0.17941796779632568 0.8025649785995483
vt 0.17337088286876678 0.8054433465003967
vt 0.2115921676158905 0.8858392834663391
vt 0.20561890304088593 0.8763846158981323
vt 0.20264288783073425 0.8659540414810181
vt 0.19964642822742462 0.8554054498672485
vt 0.19145244359970093 0.8477121591567993
vt 0.18470248579978943 0.8306353092193604
vt 0.2144722044467926 0.8976296186447144
vt 0.1701645851135254 0.819236159324646
vt 0.20553509891033173 0.8883325457572937
vt 0.17586535215377808 0.8296734690666199
vt 0.20976552367210388 0.898629367351532
vt 0.18165892362594604 0.8395220041275024
vt 0.187507763504982 0.8491040468215942
vt 0.17294541001319885 0.8304076194763184
vt 0.16726402938365936 0.8197422027587891
vt 0.16160205006599426 0.8081982135772705
vt 0.16142483055591583 0.8203995823860168
vt 0.1728912889957428 0.8416362404823303
vt 0.18751344084739685 0.8602911829948425
vt 0.19654546678066254 0.8687825202941895
vt 0.2055736482143402 0.8996626138687134
vt 0.16131675243377686 0.8318996429443359
vt 0.16710656881332397 0.8425074219703674
vt 0.1728948950767517 0.852599024772644
vt 0.1556730419397354 0.8203288316726685
vt 0.1558474451303482 0.8081814646720886
vt 0.1647312194108963 0.7989394664764404
vt 0.16188427805900574 0.796475887298584
vt 0.1737586408853531 0.7942792177200317
vt 0.1561911404132843 0.7930695414543152
vt 0.14184804260730743 0.7881525754928589
vt 0.1415225863456726 0.8022486567497253
vt 0.1501142829656601 0.8070899844169617
vt 0.28408801555633545 0.8753097653388977
vt 0.2841644287109375 0.8855904340744019
vt 0.3364146947860718 0.8753966093063354
vt 0.2463042140007019 0.8786001801490784
vt 0.3363935649394989 0.8723196983337402
vt 0.2347412109375 0.8920424580574036
vt 0.22892676293849945 0.8786159157752991
vt 0.22605778276920319 0.8912083506584167
vt 0.22326095402240753 0.8776119947433472
vt 0.36257413029670715 0.8723344802856445
vt 0.22030457854270935 0.8891353011131287
vt 0.2204216867685318 0.8803243637084961
vt 0.34812039136886597 0.888154923915863
vt 0.36555689573287964 0.8849237561225891
vt 0.38878336548805237 0.8800449967384338
vt 0.39454397559165955 0.8728704452514648
vt 0.4091208577156067 0.8746323585510254
vt 0.4034214913845062 0.8890725374221802
vt 0.4237717390060425 0.8866186141967773
vt 0.43239396810531616 0.8748723864555359
vt 0.47022825479507446 0.8751274943351746
vt 0.46438515186309814 0.8777003884315491
vt 0.22318197786808014 0.8953480124473572
vt 0.4703681468963623 0.8904855847358704
vt 0.49056509137153625 0.8732213973999023
vt 0.4819527864456177 0.8885858058929443
vt 0.5342810153961182 0.8800073862075806
vt 0.275438129901886 0.8899735808372498
vt 0.4325239360332489 0.8914914131164551
vt 0.21739070117473602 0.896795392036438
vt 0.5836321115493774 0.8712718486785889
vt 0.5776793360710144 0.8632261157035828
vt 0.5980225205421448 0.8609077334403992
vt 0.6127879619598389 0.8788659572601318
vt 0.2319393754005432 0.906140148639679
vt 0.27263134717941284 0.9002717733383179
vt 0.6504262089729309 0.8605343699455261
vt 0.6300095319747925 0.8561012148857117
vt 0.6447057127952576 0.8738449215888977
vt 0.7172045707702637 0.8492012023925781
vt 0.7085993885993958 0.8632784485816956
vt 0.7870362997055054 0.8511350750923157
vt 0.3831072449684143 0.8941086530685425
vt 0.22323362529277802 0.9074852466583252
vt 0.3511994481086731 0.8993702530860901
vt 0.7897907495498657 0.8387123346328735
vt 0.8449227213859558 0.8298252820968628
vt 0.8566948175430298 0.8399211168289185
vt 0.42388978600502014 0.8985657691955566
vt 0.4006570279598236 0.9024790525436401
vt 0.5285546183586121 0.892837405204773
vt 0.48497480154037476 0.8998250961303711
vt 0.4298030734062195 0.9088858366012573
vt 0.29019153118133545 0.9088640809059143
vt 0.21743102371692657 0.9084204435348511
vt 0.8855298161506653 0.8232210874557495
vt 0.37454354763031006 0.906833291053772
vt 0.5345445871353149 0.9034402966499329
vt 0.5664573907852173 0.8982006907463074
vt 0.6448354125022888 0.8854566216468811
vt 0.6797149181365967 0.8796733021736145
vt 0.7639464735984802 0.8663306832313538
vt 0.8885393142700195 0.8347522020339966
vt 0.9233344793319702 0.8292672634124756
vt 0.4036720395088196 0.9130949974060059
vt 0.2523921728134155 0.9144473075866699
vt 0.2291317880153656 0.9176928997039795
vt 0.9347786903381348 0.8159093260765076
vt 0.9465097784996033 0.8258868455886841
vt 0.946416974067688 0.8143688440322876
vt 0.46475738286972046 0.91451096534729
vt 0.8568240404129028 0.8513165712356567
vt 0.9060586094856262 0.8433297872543335
vt 0.9378834962844849 0.8383507132530212
vt 0.9667344689369202 0.8230962753295898
vt 0.9608632326126099 0.8125196099281311
vt 0.9754828810691833 0.8220018148422241
vt 0.3746642470359802 0.9177420139312744
vt 0.9753651022911072 0.8109627962112427
vt 0.21752376854419708 0.9193918704986572
vt 0.9636544585227966 0.8004021644592285
vt 0.9752262234687805 0.7995096445083618
vt 0.644960880279541 0.8964647650718689
vt 0.5811269283294678 0.9068330526351929
vt 0.7059666514396667 0.8865396976470947
vt 0.9812953472137451 0.8212345242500305
vt 0.296100378036499 0.9189679622650146
vt 0.5462518930435181 0.9124841094017029
vt 0.9668328166007996 0.8342464566230774
vt 0.7669665813446045 0.8767914175987244
vt 0.3484712243080139 0.9218308925628662
vt 0.9780721664428711 0.7993804812431335
vt 0.9811538457870483 0.8103405237197876
vt 0.9842358231544495 0.8207941055297852
vt 0.41248127818107605 0.9228271245956421
vt 0.21153676509857178 0.9094130992889404
vt 0.20568451285362244 0.9105972647666931
vt 0.8424138426780701 0.8645626306533813
vt 0.2116401195526123 0.9203221797943115
vt 0.9809295535087585 0.7993259429931641
vt 0.9840981960296631 0.8099247217178345
vt 0.19365519285202026 0.8807377815246582
vt 0.1937834471464157 0.891560435295105
vt 0.18459898233413696 0.8609886169433594
vt 0.1871563345193863 0.8822858929634094
vt 0.18471598625183105 0.8720329403877258
vt 0.1787724792957306 0.8622201681137085
vt 0.17890343070030212 0.8731785416603088
vt 0.1729869693517685 0.8632276654243469
vt 0.17012186348438263 0.8636332750320435
vt 0.1671605408191681 0.8533548712730408
vt 0.9872207641601562 0.8202647566795349
vt 0.16136053204536438 0.8541340231895447
vt 0.16127125918865204 0.843367874622345
vt 0.987102210521698 0.8092883229255676
vt 0.9838801026344299 0.7992493510246277
vt 0.9868851900100708 0.7986913323402405
vt 0.9902570843696594 0.808128833770752
vt 0.9871473908424377 0.7881525754928589
vt 0.6600212454795837 0.9379964470863342
vt 0.7674766778945923 0.92097008228302
vt 0.7702356576919556 0.9089667797088623
vt 0.8022827506065369 0.9160400032997131
vt 0.8166804909706116 0.9017590880393982
vt 0.8485820889472961 0.8966101408004761
vt 0.8400492668151855 0.910383939743042
vt 0.8806860446929932 0.9029279947280884
vt 0.8863110542297363 0.8900834321975708
vt 0.8922311067581177 0.9008631110191345
vt 0.9094564914703369 0.8862217664718628
vt 0.927011251449585 0.8954795002937317
vt 0.9326066970825195 0.882617175579071
vt 0.9473060965538025 0.8929359316825867
vt 0.952876091003418 0.8799698948860168
vt 0.9705353379249573 0.8779489398002625
vt 0.6598864197731018 0.926672101020813
vt 0.5584023594856262 0.9546027183532715
vt 0.5582718849182129 0.9431507587432861
vt 0.5291829109191895 0.9478325247764587
vt 0.5438552498817444 0.9569803476333618
vt 0.5177250504493713 0.9615539312362671
vt 0.5030499696731567 0.9522233009338379
vt 0.4740106761455536 0.9572558999061584
vt 0.9556132555007935 0.8683825731277466
vt 0.9730073809623718 0.8662184476852417
vt 0.9788238406181335 0.8714261651039124
vt 0.874549150466919 0.8810850381851196
vt 0.8890576958656311 0.8786070346832275
vt 0.7875459790229797 0.8952587842941284
vt 0.48837390542030334 0.943536639213562
vt 0.45063766837120056 0.9496652483940125
vt 0.9324699640274048 0.8716205954551697
vt 0.4563100039958954 0.9377042651176453
vt 0.4216049909591675 0.9542230367660522
vt 0.404041051864624 0.9459114670753479
vt 0.5522903203964233 0.933179497718811
vt 0.9497163891792297 0.858241856098175
vt 0.6887791156768799 0.91107577085495
vt 0.9265731573104858 0.8616831302642822
vt 0.9757785797119141 0.8548539876937866
vt 0.9844813346862793 0.8651310205459595
vt 0.5144524574279785 0.9284075498580933
vt 0.8860362768173218 0.8682515621185303
vt 0.8599635362625122 0.8725453615188599
vt 0.7961033582687378 0.8829677700996399
vt 0.44460028409957886 0.9286247491836548
vt 0.40102285146713257 0.9354629516601562
vt 0.36616072058677673 0.9410399198532104
vt 0.6857582330703735 0.9006901383399963
vt 0.37182682752609253 0.9292656779289246
vt 0.34280431270599365 0.9338608384132385
vt 0.4910867214202881 0.9212625026702881
vt 0.3429267704486847 0.944871723651886
vt 0.3110072910785675 0.9497669339179993
vt 0.9351086616516113 0.849561870098114
vt 0.868510901927948 0.8602908849716187
vt 0.9611568450927734 0.8458632826805115
vt 0.975685715675354 0.843957781791687
vt 0.9872952103614807 0.8537821173667908
vt 0.5609194040298462 0.920952558517456
vt 0.613168478012085 0.9124763607978821
vt 0.3050280213356018 0.9395727515220642
vt 0.30490642786026 0.9284745454788208
vt 0.26148366928100586 0.9462372064590454
vt 0.24970953166484833 0.936677873134613
vt 0.23822349309921265 0.9494608640670776
vt 0.2496010661125183 0.9257867932319641
vt 0.23503097891807556 0.9277828931808472
vt 0.23514044284820557 0.9386445879936218
vt 0.21763883531093597 0.9302331805229187
vt 0.21192121505737305 0.9419413208961487
vt 0.20888356864452362 0.9316177368164062
vt 0.215026393532753 0.9526628851890564
vt 0.9784887433052063 0.8327396512031555
vt 0.9814038276672363 0.8323887586593628
vt 0.9872990846633911 0.8427060842514038
vt 0.19395001232624054 0.902302622795105
vt 0.19413542747497559 0.913063645362854
vt 0.18506382405757904 0.8945785760879517
vt 0.18524852395057678 0.9044317603111267
vt 0.20312173664569855 0.9328056573867798
vt 0.20616842806339264 0.9431323409080505
vt 0.17949005961418152 0.9062380790710449
vt 0.19738535583019257 0.9341145157814026
vt 0.19146674871444702 0.9247003793716431
vt 0.9872813820838928 0.8316173553466797
vt 0.9902372360229492 0.842774510383606
vt 0.36628514528274536 0.9520896673202515
vt 0.33725887537002563 0.9571141004562378
vt 0.18219704926013947 0.8963274955749512
vt 0.17601297795772552 0.8736777901649475
vt 0.1731421798467636 0.8741533160209656
vt 0.16740944981575012 0.875239908695221
vt 0.16147379577159882 0.8649515509605408
vt 0.138290673494339 0.8569684028625488
vt 0.14688803255558014 0.8451215624809265
vt 0.13264024257659912 0.8687636852264404
vt 0.06339342892169952 0.8777608275413513
vt 0.17930276691913605 0.8966319561004639
vt 0.05754036083817482 0.8674542903900146
vt 0.011500000953674316 0.8849014639854431
vt 0.0113874152302742 0.8738042116165161
vt 0.06319249421358109 0.855843186378479
vt 0.019910328090190887 0.8617180585861206
vt 0.11798695474863052 0.8487873077392578
vt 0.011273013427853584 0.8637529015541077
vt 0.00541142700240016 0.8641290068626404
vt 0.005557723343372345 0.8749710917472839
vt 0.2848648726940155 0.9538704752922058
vt 0.2499271035194397 0.959275484085083
vt 0.3983791470527649 0.9581106901168823
vt 0.005683912895619869 0.8860231637954712
vt 0.22093190252780914 0.962874174118042
vt 0.19452722370624542 0.9349570870399475
vt 0.01692134328186512 0.8513325452804565
vt 0.2092147320508957 0.9539364576339722
vt 0.008236121386289597 0.8526910543441772
vt 0.9901678562164307 0.8543040156364441
vt 0.9902649521827698 0.8313281536102295
vt 0.9932809472084045 0.843283474445343
vt 0.16160611808300018 0.8763977885246277
vt 0.15584856271743774 0.8775256872177124
vt 0.20042112469673157 0.9446170330047607
vt 0.17658312618732452 0.9073449969291687
vt 0.0745987594127655 0.8435631394386292
vt 0.14426065981388092 0.8792861104011536
vt 0.20335398614406586 0.9481067657470703
vt 0.2063395380973816 0.95478355884552
vt 0.008738236501812935 0.8970556855201721
vt 0.005801021587103605 0.8976461887359619
vt 0.0692497044801712 0.8886668682098389
vt 0.00523478863760829 0.8532721400260925
vt 0.19755657017230988 0.9457456469535828
vt 0.18564830720424652 0.9268078207969666
vt 0.002440535929054022 0.8648775815963745
vt 0.002594293560832739 0.8758813738822937
vt 0.9902505874633789 0.8196229338645935
vt 0.9933239221572876 0.8311145305633545
vt 0.4391063153743744 0.9633735418319702
vt 0.4158381521701813 0.9637373685836792
vt 0.9962869882583618 0.8346719741821289
vt 0.011002838611602783 0.8413828611373901
vt 0.29660239815711975 0.9657825231552124
vt 0.3635227084159851 0.9651401042938232
vt 0.002726128790527582 0.8871915340423584
vt 0.2122533619403839 0.965114414691925
vt 0.16772057116031647 0.8986564874649048
vt 0.18273481726646423 0.9284229874610901
vt 0.1736731231212616 0.9085721373558044
vt 0.06072342023253441 0.901360034942627
vt 0.1097709909081459 0.895763635635376
vt 0.20346283912658691 0.9557139873504639
vt 0.9873138666152954 0.8669073581695557
vt 0.27332621812820435 0.9679092168807983
vt 0.011711802333593369 0.9085327386856079
vt 0.158871129155159 0.89070725440979
vt 0.33732813596725464 0.9639069437980652
vt 0.20057210326194763 0.9571186900138855
vt 0.3751852214336395 0.9647945165634155
vt 0.002220315858721733 0.8539384603500366
vt 0.0033824306447058916 0.8989019989967346
vt 0.14731094241142273 0.890246570110321
vt 0.19467367231845856 0.9467396140098572
vt 0.1857244372367859 0.9336004257202148
vt 0.0027871429920196533 0.8975920677185059
vt 0.2529500722885132 0.9712219834327698
vt 0.2326078861951828 0.973376452922821
vt 0.005927739664912224 0.9097839593887329
vt 0.08679160475730896 0.9105948209762573
vt 0.993238091468811 0.8574634194374084
vt 0.9901446104049683 0.8631464838981628
vt 0.17675180733203888 0.9222148656845093
vt 0.17076855897903442 0.9098069071769714
vt 0.04926160350441933 0.9155457019805908
vt 0.014680150896310806 0.9212007522583008
vt 0.16186892986297607 0.9004786610603333
vt 0.15326495468616486 0.9101333618164062
vt 0.4682396948337555 0.9607237577438354
vt 0.17976000905036926 0.9261148571968079
vt 0.13584484159946442 0.9049050211906433
vt 0.9962782859802246 0.8442541360855103
vt 0.981783390045166 0.8777169585227966
vt 0.2093660980463028 0.9663854837417603
vt 0.22396644949913025 0.9747890830039978
vt 0.6251648664474487 0.9463515281677246
vt 0.3053984045982361 0.9761177897453308
vt 0.9934407472610474 0.8184369206428528
vt 0.9963467121124268 0.8304085731506348
vt 0.19765126705169678 0.9589387774467468
vt 0.21530257165431976 0.9739699959754944
vt 0.1474892497062683 0.9102248549461365
vt 0.1678655594587326 0.9144893884658813
vt 0.41008520126342773 0.968427836894989
vt 0.5496836304664612 0.95943284034729
vt 0.12440212070941925 0.9140992760658264
vt 0.04356537014245987 0.9231427311897278
vt 0.9846444129943848 0.8779809474945068
vt 0.07245616614818573 0.9257879257202148
vt 0.008929071947932243 0.9224411249160767
vt 0.16197191178798676 0.913783073425293
vt 0.20646098256111145 0.9697043299674988
vt 0.0028717645909637213 0.9128249883651733
vt 0.2123323529958725 0.9729787707328796
vt 0.9901594519615173 0.866409182548523
vt 0.1797841489315033 0.9304226040840149
vt 0.005982480943202972 0.9212281107902527
vt 0.48861950635910034 0.9677911996841431
vt 0.19173261523246765 0.948799729347229
vt 0.9992284178733826 0.8386600017547607
vt 0.9962620735168457 0.853226363658905
vt 0.9991260766983032 0.8515014052391052
vt 0.9932578206062317 0.8064432144165039
vt 0.9965787529945374 0.8174902200698853
vt 0.9915497899055481 0.796359121799469
vt 0.20351015031337738 0.9678335189819336
vt 0.9328697323799133 0.899579644203186
vt 0.12733036279678345 0.9194015264511108
vt 0.14460940659046173 0.9182302355766296
vt 0.1561926305294037 0.9157326221466064
vt 0.19463372230529785 0.9619443416595459
vt 0.9212850332260132 0.9034174084663391
vt 0.029171524569392204 0.9329656362533569
vt 0.6630979180335999 0.9521206617355347
vt 0.4508918523788452 0.9763560891151428
vt 0.1750253140926361 0.93574059009552
vt 0.793735146522522 0.9281126856803894
vt 0.8546833395957947 0.9161840677261353
vt 0.770538866519928 0.9336035251617432
vt 0.6602333188056946 0.9551546573638916
vt 0.8779234886169434 0.9134280681610107
vt 0.04368261247873306 0.9383130073547363
vt 0.9875255227088928 0.879236102104187
vt 0.2880319058895111 0.9807441234588623
vt 0.27345433831214905 0.9817155003547668
vt 0.18134412169456482 0.9440072774887085
vt 0.18575534224510193 0.9393231868743896
vt 0.18863306939601898 0.9534356594085693
vt 0.97059565782547 0.8931872844696045
vt 0.9848117232322693 0.8842344284057617
vt 0.37529024481773376 0.9770879149436951
vt 0.012073135003447533 0.9375573396682739
vt 0.17082788050174713 0.923735499382019
vt 0.1014561802148819 0.9324235320091248
vt 0.4101753234863281 0.9791422486305237
vt 0.23860743641853333 0.9863616824150085
vt 0.9963432550430298 0.8587806224822998
vt 0.5963148474693298 0.9655947089195251
vt 0.07541970163583755 0.9357412457466125
vt 0.9972254037857056 0.8027399182319641
vt 0.008936137892305851 0.9368777871131897
vt 0.36653897166252136 0.9796143770217896
vt 0.33745747804641724 0.9797611236572266
vt 0.005916645284742117 0.9356571435928345
vt 0.1678289920091629 0.9288585782051086
vt 0.15910886228084564 0.9256175756454468
vt 0.032157935202121735 0.9385387301445007
vt 0.21532641351222992 0.9782578945159912
vt 0.5323441028594971 0.9748836755752563
vt 0.15048927068710327 0.9246889352798462
vt 0.12741431593894958 0.9283018112182617
vt 0.21232616901397705 0.9807116389274597
vt 0.5614937543869019 0.9715691804885864
vt 0.9904382228851318 0.8775925636291504
vt 0.9875883460044861 0.8815962076187134
vt 0.9997301697731018 0.8256866931915283
vt 0.22986318171024323 0.98757404088974
vt 0.9975790977478027 0.7905622720718384
vt 0.494546502828598 0.9757876396179199
vt 0.0027516174595803022 0.9290305376052856
vt 0.9938063621520996 0.8716797232627869
vt 0.9965484142303467 0.8669025301933289
vt 0.22118742763996124 0.9879329204559326
vt 0.0014122037682682276 0.8884353637695312
vt 0.0002698327007237822 0.8778944611549377
vt 0.20925147831439972 0.9843212366104126
vt 0.999427318572998 0.8635507225990295
vt 0.9418238401412964 0.9081262350082397
vt 0.2033606916666031 0.9802831411361694
vt 0.21532411873340607 0.9870173931121826
vt 0.20035997033119202 0.978050708770752
vt 0.9302273392677307 0.9127494692802429
vt 0.8954058885574341 0.9202873706817627
vt 0.854820966720581 0.9280264377593994
vt 0.8809618949890137 0.9245374202728271
vt 0.8025693893432617 0.9379042983055115
vt 0.7649138569831848 0.9462757110595703
vt 0.30257874727249146 0.9919430613517761
vt 0.979530930519104 0.8992353081703186
vt 0.9852792024612427 0.8954137563705444
vt 0.9881787896156311 0.8926243782043457
vt 0.34619978070259094 0.9909189343452454
vt 0.9623085260391235 0.9089210033416748
vt 0.9911466240882874 0.8885219097137451
vt 0.9943109750747681 0.8830618262290955
vt 0.28519946336746216 0.9920048117637634
vt 0.25030845403671265 0.9957713484764099
vt 0.4160323441028595 0.9900950193405151
vt 0.4509500563144684 0.9876141548156738
vt 0.3694745600223541 0.990742564201355
vt 0.2357570230960846 0.9979029297828674
vt 0.21823333203792572 0.9986722469329834
vt 0.22412359714508057 0.9989959597587585
vt 0.8314767479896545 0.058808326721191406
vt 0.8365241885185242 0.04788714647293091
vt 0.8318019509315491 0.04672962427139282
vt 0.8348307609558105 0.059923529624938965
vt 0.8319764137268066 0.07241165637969971
vt 0.8348998427391052 0.07060426473617554
vt 0.8290340900421143 0.0720745325088501
vt 0.8289592862129211 0.06075960397720337
vt 0.8402035236358643 0.03710591793060303
vt 0.8347445726394653 0.0473400354385376
vt 0.837670624256134 0.03599792718887329
vt 0.8405288457870483 0.025209486484527588
vt 0.8346594572067261 0.03539443016052246
vt 0.8375856876373291 0.024234533309936523
vt 0.8317171335220337 0.03505736589431763
vt 0.8345748782157898 0.02390444278717041
vt 0.8288600444793701 0.04675698280334473
vt 0.8316331505775452 0.023931801319122314
vt 0.8171879053115845 0.0612371563911438
vt 0.799377977848053 0.05004459619522095
vt 0.7963517904281616 0.0386730432510376
vt 0.8228926658630371 0.03577733039855957
vt 0.7816617488861084 0.052311599254608154
vt 0.7668696045875549 0.041960716247558594
vt 0.7756033539772034 0.028660893440246582
vt 0.7342932224273682 0.03415721654891968
vt 0.7402611374855042 0.0453190803527832
vt 0.7077530026435852 0.03741741180419922
vt 0.731267511844635 0.023058950901031494
vt 0.6959028244018555 0.027130305767059326
vt 0.6900366544723511 0.03959333896636963
vt 0.6840694546699524 0.028795838356018066
vt 0.6841543912887573 0.040559232234954834
vt 0.7667009830474854 0.019254028797149658
vt 0.8198672533035278 0.024952471256256104
vt 0.6781874895095825 0.03003513813018799
vt 0.8024049997329712 0.061962902545928955
vt 0.6781031489372253 0.01872730255126953
vt 0.6928090453147888 0.016403615474700928
vt 0.6721532940864563 0.020246922969818115
vt 0.7223597764968872 0.013200104236602783
vt 0.8256665468215942 0.013589918613433838
vt 0.7048977017402649 0.05030161142349243
vt 0.690122663974762 0.05208557844161987
vt 0.7669776082038879 0.0576593279838562
vt 0.6842403411865234 0.05305159091949463
vt 0.8344913125038147 0.013052225112915039
vt 0.8375017642974854 0.013200104236602783
vt 0.8404446244239807 0.01390165090560913
vt 0.7255973815917969 0.05390477180480957
vt 0.7374066710472107 0.058841049671173096
vt 0.6990311145782471 0.053475141525268555
vt 0.8143283128738403 0.07448935508728027
vt 0.8054347038269043 0.07579463720321655
vt 0.7817486524581909 0.0654417872428894
vt 0.7108688950538635 0.06392371654510498
vt 0.7581523060798645 0.07013249397277832
vt 0.7847378253936768 0.07307112216949463
vt 0.6991081833839417 0.06633913516998291
vt 0.7404084801673889 0.06865006685256958
vt 0.8261218667030334 0.077309250831604
vt 0.829065203666687 0.07725030183792114
vt 0.8319951295852661 0.07549881935119629
vt 0.14344507455825806 0.4575268626213074
vt 0.1421603262424469 0.4444316625595093
vt 0.14060062170028687 0.4566253423690796
vt 0.14164909720420837 0.46712803840637207
vt 0.13974231481552124 0.44648104906082153
vt 0.14127352833747864 0.4336506724357605
vt 0.1389467567205429 0.4360048174858093
vt 0.1381409615278244 0.4256698489189148
vt 0.14039570093154907 0.42268407344818115
vt 0.13718079030513763 0.4143446087837219
vt 0.13528569042682648 0.422176718711853
vt 0.13477465510368347 0.4158870577812195
vt 0.13557811081409454 0.4261767268180847
vt 0.1341218650341034 0.4092016816139221
vt 0.1361554116010666 0.43579936027526855
vt 0.13717609643936157 0.43603038787841797
vt 0.1444876790046692 0.46551501750946045
vt 0.14341512322425842 0.4792768359184265
vt 0.1359281986951828 0.401573121547699
vt 0.13365039229393005 0.40439778566360474
vt 0.1329568326473236 0.39765608310699463
vt 0.13077649474143982 0.40424513816833496
vt 0.13160163164138794 0.4143942594528198
vt 0.1327189803123474 0.41511040925979614
vt 0.13223016262054443 0.3913760781288147
vt 0.12973730266094208 0.3927226662635803
vt 0.1346873641014099 0.4258236289024353
vt 0.13625475764274597 0.44536566734313965
vt 0.1388043910264969 0.4564141631126404
vt 0.12783131003379822 0.40185046195983887
vt 0.12655138969421387 0.39129459857940674
vt 0.12780970335006714 0.3786424398422241
vt 0.12494415789842606 0.3788983225822449
vt 0.12335791438817978 0.38807904720306396
vt 0.12115243077278137 0.3760533928871155
vt 0.1339983195066452 0.4346054196357727
vt 0.13188180327415466 0.4237561821937561
vt 0.1362171471118927 0.45476335287094116
vt 0.12983927130699158 0.41293102502822876
vt 0.12351761013269424 0.3704147934913635
vt 0.12010016292333603 0.3696286082267761
vt 0.1192411556839943 0.37402182817459106
vt 0.1208876222372055 0.38535797595977783
vt 0.13833919167518616 0.4659190773963928
vt 0.12736420333385468 0.41053837537765503
vt 0.12528380751609802 0.3993419408798218
vt 0.11839138716459274 0.38247716426849365
vt 0.11571764200925827 0.37942934036254883
vt 0.12285350263118744 0.3967992067337036
vt 0.11662072688341141 0.37112414836883545
vt 0.13153648376464844 0.43269866704940796
vt 0.13813769817352295 0.47568410634994507
vt 0.11346980929374695 0.3768807053565979
vt 0.1294328272342682 0.4217386841773987
vt 0.11406277865171432 0.36817508935928345
vt 0.11514779925346375 0.3617936372756958
vt 0.13366319239139557 0.44375520944595337
vt 0.11100608110427856 0.3740895986557007
vt 0.13574551045894623 0.464466392993927
vt 0.11152300238609314 0.3651489019393921
vt 0.11408655345439911 0.3565446734428406
vt 0.11060634255409241 0.35252684354782104
vt 0.10843822360038757 0.37116193771362305
vt 0.120454803109169 0.3945208787918091
vt 0.13594026863574982 0.4562252163887024
vt 0.12491680681705475 0.408588707447052
vt 0.133438378572464 0.4533346891403198
vt 0.10495951026678085 0.3669103980064392
vt 0.10635412484407425 0.3591151833534241
vt 0.10383933037519455 0.3561353087425232
vt 0.10026898980140686 0.3610556125640869
vt 0.10073903948068619 0.3522202968597412
vt 0.09802086651325226 0.3582865595817566
vt 0.09902282059192657 0.3499065637588501
vt 0.0966581404209137 0.3466784358024597
vt 0.09542565047740936 0.3553043007850647
vt 0.09399229288101196 0.34566736221313477
vt 0.11003760993480682 0.35517066717147827
vt 0.09296756982803345 0.352186918258667
vt 0.12704315781593323 0.4200519323348999
vt 0.13123762607574463 0.44237828254699707
vt 0.1291128396987915 0.4311634302139282
vt 0.10488815605640411 0.34991317987442017
vt 0.11806968599557877 0.3924313187599182
vt 0.10805462300777435 0.34954124689102173
vt 0.12252864241600037 0.4067891836166382
vt 0.0995306670665741 0.34691137075424194
vt 0.10311612486839294 0.34353697299957275
vt 0.09204567968845367 0.34036141633987427
vt 0.10567014664411545 0.34599852561950684
vt 0.11857017874717712 0.3613782525062561
vt 0.09057271480560303 0.34906911849975586
vt 0.09444252401590347 0.34288865327835083
vt 0.11567161232233047 0.39036738872528076
vt 0.12458872050046921 0.4187588691711426
vt 0.0976695865392685 0.3410329818725586
vt 0.12014815211296082 0.40540385246276855
vt 0.14111371338367462 0.6494948863983154
vt 0.1391477733850479 0.6504707336425781
vt 0.1397954821586609 0.659944474697113
vt 0.14152920246124268 0.639499843120575
vt 0.13687662780284882 0.6615670919418335
vt 0.1373034566640854 0.6709634065628052
vt 0.1405480057001114 0.6596847176551819
vt 0.13989724218845367 0.670101523399353
vt 0.13894249498844147 0.6813591718673706
vt 0.14264822006225586 0.6492819786071777
vt 0.14475414156913757 0.6389179229736328
vt 0.14159440994262695 0.6297723054885864
vt 0.14451369643211365 0.6286658644676208
vt 0.14617794752120972 0.6185439229011536
vt 0.1436750888824463 0.6185181140899658
vt 0.14684078097343445 0.6085822582244873
vt 0.14330309629440308 0.6087925434112549
vt 0.14592765271663666 0.5981346368789673
vt 0.1474851816892624 0.5985513925552368
vt 0.14839844405651093 0.5885473489761353
vt 0.1453927904367447 0.5879682302474976
vt 0.14523795247077942 0.5779566764831543
vt 0.1430290937423706 0.5988119840621948
vt 0.1411013901233673 0.6200399994850159
vt 0.14119116961956024 0.629926860332489
vt 0.14824731647968292 0.5775424242019653
vt 0.14651897549629211 0.5674870610237122
vt 0.14978696405887604 0.5784485340118408
vt 0.15117770433425903 0.5707600116729736
vt 0.15077143907546997 0.5672249794006348
vt 0.14761647582054138 0.5669211149215698
vt 0.14995652437210083 0.5561921000480652
vt 0.15302646160125732 0.5562058687210083
vt 0.1523640751838684 0.5454916954040527
vt 0.15530098974704742 0.5450789928436279
vt 0.15484625101089478 0.5346041321754456
vt 0.15567924082279205 0.5501893758773804
vt 0.15768523514270782 0.5337730646133423
vt 0.15720893442630768 0.5449827909469604
vt 0.16108238697052002 0.5331289172172546
vt 0.15341156721115112 0.5599759221076965
vt 0.161757692694664 0.5473067760467529
vt 0.16428209841251373 0.5420717000961304
vt 0.1635790318250656 0.5327281355857849
vt 0.16686543822288513 0.5377014875411987
vt 0.1665012091398239 0.532543420791626
vt 0.14338193833827972 0.5172981023788452
vt 0.14050418138504028 0.517774760723114
vt 0.1407749205827713 0.5285229682922363
vt 0.14321449398994446 0.5069774985313416
vt 0.14461860060691833 0.5582553148269653
vt 0.14220073819160461 0.569116473197937
vt 0.14677733182907104 0.537331223487854
vt 0.14492136240005493 0.5680738091468811
vt 0.1470441073179245 0.5473613739013672
vt 0.14621630311012268 0.5166381001472473
vt 0.14580778777599335 0.49648624658584595
vt 0.14730460941791534 0.5571709871292114
vt 0.14918458461761475 0.5263292789459229
vt 0.14942976832389832 0.5364747047424316
vt 0.1404149979352951 0.5072564482688904
vt 0.14967042207717896 0.5463838577270508
vt 0.14845018088817596 0.5468451976776123
vt 0.14313380420207977 0.49689584970474243
vt 0.14869168400764465 0.5053918361663818
vt 0.15187355875968933 0.5254149436950684
vt 0.15209949016571045 0.5355595350265503
vt 0.15163211524486542 0.5146288871765137
vt 0.15739595890045166 0.523402750492096
vt 0.1600206047296524 0.5111909508705139
vt 0.16023671627044678 0.5223972797393799
vt 0.16313225030899048 0.521378755569458
vt 0.16602769494056702 0.5203750133514404
vt 0.1657988578081131 0.5092997550964355
vt 0.16898049414157867 0.5193991661071777
vt 0.17166531085968018 0.5075798034667969
vt 0.1775001883506775 0.5058856010437012
vt 0.14314651489257812 0.48725664615631104
vt 0.14045721292495728 0.4968223571777344
vt 0.1473480612039566 0.495792031288147
vt 0.1457940638065338 0.4906039237976074
vt 0.14504660665988922 0.48707830905914307
vt 0.18068845570087433 0.5163723230361938
vt 0.15140196681022644 0.5038043260574341
vt 0.14848822355270386 0.49492406845092773
vt 0.15426574647426605 0.5075923800468445
vt 0.1425056904554367 0.5790520906448364
vt 0.18926787376403809 0.5025016069412231
vt 0.14055798947811127 0.48671960830688477
vt 0.1407739818096161 0.4770490527153015
vt 0.13789544999599457 0.4860108494758606
vt 0.14275386929512024 0.5889548063278198
vt 0.19258974492549896 0.5131574869155884
vt 0.14030177891254425 0.5998482704162598
vt 0.14069229364395142 0.6100912094116211
vt 0.2042909860610962 0.4981463551521301
vt 0.21664825081825256 0.5069606304168701
vt 0.13827060163021088 0.6207095384597778
vt 0.13764610886573792 0.4967045783996582
vt 0.13745026290416718 0.5075401067733765
vt 0.1385938823223114 0.6308127641677856
vt 0.13885684311389923 0.6408028602600098
vt 0.13657113909721375 0.651800811290741
vt 0.134331613779068 0.663060188293457
vt 0.13622449338436127 0.6413739919662476
vt 0.13397158682346344 0.6523858308792114
vt 0.2314574122428894 0.49104392528533936
vt 0.13576799631118774 0.672085702419281
vt 0.13458819687366486 0.6729291677474976
vt 0.13189207017421722 0.6685425043106079
vt 0.1351274698972702 0.6824730634689331
vt 0.13234029710292816 0.6845122575759888
vt 0.13204129040241241 0.674375057220459
vt 0.12981925904750824 0.6861904263496399
vt 0.13284344971179962 0.6937750577926636
vt 0.13510259985923767 0.4856395721435547
vt 0.23167605698108673 0.5034208297729492
vt 0.24060827493667603 0.4893397092819214
vt 0.2558744549751282 0.4990391731262207
vt 0.13172647356987 0.6634039878845215
vt 0.2648545801639557 0.4849570393562317
vt 0.2798270583152771 0.4710191488265991
vt 0.283003568649292 0.481753945350647
vt 0.3409085273742676 0.4707264304161072
vt 0.34074458479881287 0.45933377742767334
vt 0.37137317657470703 0.46450501680374146
vt 0.4016936719417572 0.44710683822631836
vt 0.4445832669734955 0.4503108263015747
vt 0.46277400851249695 0.4355977177619934
vt 0.49636393785476685 0.4297693371772766
vt 0.4965093731880188 0.4412156343460083
vt 0.5638995170593262 0.4174843430519104
vt 0.5732463002204895 0.4275023937225342
vt 0.5947206616401672 0.41215044260025024
vt 0.6350258588790894 0.41703373193740845
vt 0.6844351291656494 0.4083951711654663
vt 0.6750509142875671 0.39824360609054565
vt 0.6874392628669739 0.39613986015319824
vt 0.7471765875816345 0.3879932761192322
vt 0.7346553206443787 0.40174394845962524
vt 0.7629498839378357 0.3981166481971741
vt 0.7786763906478882 0.38384127616882324
vt 0.12939201295375824 0.6722362041473389
vt 0.13578824698925018 0.6306405663490295
vt 0.13738122582435608 0.518309473991394
vt 0.7944810390472412 0.39450329542160034
vt 0.13980728387832642 0.5898269414901733
vt 0.8134598135948181 0.39218419790267944
vt 0.8323745131492615 0.3773012161254883
vt 0.8355960845947266 0.3895606994628906
vt 0.8069642782211304 0.3682957887649536
vt 0.8354227542877197 0.3649604320526123
vt 0.8925369381904602 0.35952526330947876
vt 0.8926122784614563 0.3714997172355652
vt 0.9338540434837341 0.35697537660598755
vt 0.9307548999786377 0.369093656539917
vt 0.9467015266418457 0.36768412590026855
vt 0.9529561996459961 0.35516059398651123
vt 0.9593150615692139 0.35447871685028076
vt 0.9594142436981201 0.3663477301597595
vt 0.9625285267829895 0.35419762134552
vt 0.9626185297966003 0.3661144971847534
vt 0.9658024311065674 0.3540765047073364
vt 0.9659023284912109 0.3660202622413635
vt 0.9624154567718506 0.34988653659820557
vt 0.9704316258430481 0.3660736680030823
vt 0.9727583527565002 0.3541678786277771
vt 0.9728566408157349 0.36613255739212036
vt 0.9686159491539001 0.34036141633987427
vt 0.1272158920764923 0.6869345903396606
vt 0.8768562078475952 0.3856695294380188
vt 0.12734770774841309 0.6912000179290771
vt 0.12484124302864075 0.6931977272033691
vt 0.13342487812042236 0.6410205960273743
vt 0.924468994140625 0.38250428438186646
vt 0.13465510308742523 0.4968724250793457
vt 0.13547512888908386 0.4747992157936096
vt 0.13273875415325165 0.47444474697113037
vt 0.13762494921684265 0.6104458570480347
vt 0.13751375675201416 0.5291084051132202
vt 0.13943859934806824 0.5391453504562378
vt 0.13931985199451447 0.5798079371452332
vt 0.9498987793922424 0.3806736469268799
vt 0.3714537024497986 0.4698264002799988
vt 0.295401930809021 0.4928351044654846
vt 0.39294832944869995 0.47435057163238525
vt 0.1331452578306198 0.46356862783432007
vt 0.1333095282316208 0.4577929377555847
vt 0.1309235543012619 0.4524475932121277
vt 0.1287873238325119 0.4414635896682739
vt 0.13050596415996552 0.46315598487854004
vt 0.1262509822845459 0.44135743379592896
vt 0.1341191977262497 0.5083324909210205
vt 0.9767559170722961 0.3650813102722168
vt 0.1321982741355896 0.48570871353149414
vt 0.13004429638385773 0.47255682945251465
vt 0.9767902493476868 0.36648911237716675
vt 0.9770641922950745 0.354550302028656
vt 0.12846238911151886 0.4494624733924866
vt 0.13774800300598145 0.5395026206970215
vt 0.13735446333885193 0.6001965403556824
vt 0.12668955326080322 0.43013715744018555
vt 0.12433746457099915 0.4256210923194885
vt 0.12217248231172562 0.4180539846420288
vt 0.1727343052625656 0.5319935083389282
vt 0.1838499754667282 0.5218009948730469
vt 0.8832030892372131 0.3900377154350281
vt 0.9434857368469238 0.3870791792869568
vt 0.1313658207654953 0.49764055013656616
vt 0.13456666469573975 0.5190297365188599
vt 0.13507267832756042 0.5296586751937866
vt 0.13530008494853973 0.539942741394043
vt 0.13792826235294342 0.5900781154632568
vt 0.12773935496807098 0.46366018056869507
vt 0.33506304025650024 0.48588407039642334
vt 0.1196451485157013 0.41986656188964844
vt 0.12910065054893494 0.4864862561225891
vt 0.1292394995689392 0.5100883841514587
vt 0.13413622975349426 0.6104862689971924
vt 0.12556423246860504 0.4532915949821472
vt 0.23777638375759125 0.5070056319236755
vt 0.21985110640525818 0.5138269662857056
vt 0.8230156302452087 0.40575212240219116
vt 0.1353605091571808 0.5501036643981934
vt 0.1960742026567459 0.5274222493171692
vt 0.19011950492858887 0.5299253463745117
vt 0.12988382577896118 0.5208091139793396
vt 0.258955180644989 0.502517580986023
vt 0.8356369733810425 0.40604740381240845
vt 0.13311873376369476 0.6006993055343628
vt 0.13483409583568573 0.5802852511405945
vt 0.1321476697921753 0.5905932188034058
vt 0.130619078874588 0.5708224773406982
vt 0.12337161600589752 0.5724325180053711
vt 0.12489396333694458 0.5921145677566528
vt 0.1247120201587677 0.5623350143432617
vt 0.13004323840141296 0.5610419511795044
vt 0.11998653411865234 0.5732625722885132
vt 0.1195208951830864 0.5636743307113647
vt 0.1136149987578392 0.5748538374900818
vt 0.11323444545269012 0.5652826428413391
vt 0.10819582641124725 0.5857785940170288
vt 0.10752362012863159 0.5665780305862427
vt 0.10501833260059357 0.5767865180969238
vt 0.10474657267332077 0.5671440362930298
vt 0.10224565118551254 0.5772550106048584
vt 0.10188545286655426 0.5581295490264893
vt 0.09674745798110962 0.568503737449646
vt 0.09663421660661697 0.55894935131073
vt 0.0941682904958725 0.5688226819038391
vt 0.09406712651252747 0.559255838394165
vt 0.09158977121114731 0.5691251754760742
vt 0.09151463955640793 0.5595341920852661
vt 0.08895609527826309 0.5597701668739319
vt 0.09144914150238037 0.5500110387802124
vt 0.08890146017074585 0.5502184629440308
vt 0.09399030357599258 0.549765408039093
vt 0.08907386660575867 0.5791714787483215
vt 0.08642785996198654 0.5696097612380981
vt 0.09393226355314255 0.5402904748916626
vt 0.09139365702867508 0.5404807329177856
vt 0.08884016424417496 0.5406600832939148
vt 0.09653584659099579 0.5494775176048279
vt 0.09178882092237473 0.5886667966842651
vt 0.0837848037481308 0.5601592659950256
vt 0.09440498054027557 0.5883409976959229
vt 0.09690844267606735 0.5782099962234497
vt 0.08626735955476761 0.5407916307449341
vt 0.09135162085294724 0.5306605100631714
vt 0.09390255808830261 0.5304968953132629
vt 0.09648361802101135 0.5400142073631287
vt 0.08644156157970428 0.5892729759216309
vt 0.096455879509449 0.5302829742431641
vt 0.08380581438541412 0.5698073506355286
vt 0.0838078111410141 0.5795518755912781
vt 0.08618580549955368 0.5308120846748352
vt 0.08872491121292114 0.5209044814109802
vt 0.0837763175368309 0.5894784927368164
vt 0.1017719954252243 0.5487245321273804
vt 0.08365155011415482 0.5408884882926941
vt 0.10169856995344162 0.5393426418304443
vt 0.09132120758295059 0.5208674669265747
vt 0.09390024840831757 0.5207411050796509
vt 0.08115192502737045 0.5699731111526489
vt 0.08107738196849823 0.5506648421287537
vt 0.08112926036119461 0.5797252058982849
vt 0.08106830716133118 0.5896251201629639
vt 0.09648015350103378 0.5205773115158081
vt 0.1016942635178566 0.5296646356582642
vt 0.08112782984972 0.5603117346763611
vt 0.08354303240776062 0.5308587551116943
vt 0.08098329603672028 0.5409626960754395
vt 0.08608751744031906 0.5208283066749573
vt 0.07562069594860077 0.5799325704574585
vt 0.10442833602428436 0.5482550859451294
vt 0.07563431560993195 0.5605841279029846
vt 0.07565054297447205 0.5702431797981262
vt 0.09393183887004852 0.5106310844421387
vt 0.09130825847387314 0.5107097625732422
vt 0.10434602200984955 0.5388892889022827
vt 0.10176726430654526 0.5200033187866211
vt 0.07555294781923294 0.5509065389633179
vt 0.09655490517616272 0.5105359554290771
vt 0.07536067068576813 0.5997315645217896
vt 0.10728486627340317 0.5571267604827881
vt 0.08082868158817291 0.5308430194854736
vt 0.10434546321630478 0.5292313694953918
vt 0.08339324593544006 0.5207585096359253
vt 0.09924638271331787 0.5103909969329834
vt 0.0886639952659607 0.5105941891670227
vt 0.10714524239301682 0.5477297306060791
vt 0.08597027510404587 0.5104007720947266
vt 0.07538659125566483 0.5411218404769897
vt 0.10707756876945496 0.5383399724960327
vt 0.08062431961297989 0.5206621885299683
vt 0.0939970314502716 0.5000854730606079
vt 0.07265126705169678 0.5899426937103271
vt 0.10190819203853607 0.5101206302642822
vt 0.09669435024261475 0.5000548958778381
vt 0.10707759857177734 0.5286767482757568
vt 0.09131154417991638 0.50004643201828
vt 0.08862150460481644 0.4999641180038452
vt 0.07515569031238556 0.530921459197998
vt 0.11297865957021713 0.5558279752731323
vt 0.11278261244297028 0.5464392900466919
vt 0.10445660352706909 0.5195541977882385
vt 0.0722266435623169 0.6099446415901184
vt 0.06954003870487213 0.6000281572341919
vt 0.0698406845331192 0.579424262046814
vt 0.11270073801279068 0.5370523929595947
vt 0.08320990204811096 0.5102285146713257
vt 0.06983879953622818 0.5609104037284851
vt 0.0726676881313324 0.5510067939758301
vt 0.07250159233808517 0.5411983728408813
vt 0.06926485896110535 0.6100807189941406
vt 0.10720381140708923 0.5190106630325317
vt 0.07486932724714279 0.520687460899353
vt 0.10464184731245041 0.5096429586410522
vt 0.06885862350463867 0.6206101179122925
vt 0.0636928528547287 0.5905815362930298
vt 0.07222307473421097 0.5309503078460693
vt 0.11275672167539597 0.5273209810256958
vt 0.10216761380434036 0.49975717067718506
vt 0.06386715918779373 0.5710259675979614
vt 0.06349402666091919 0.6004586219787598
vt 0.11667514592409134 0.5548595786094666
vt 0.11577711999416351 0.5456393957138062
vt 0.06381411850452423 0.5613019466400146
vt 0.0637025535106659 0.551564633846283
vt 0.0631636381149292 0.6105284690856934
vt 0.10751255601644516 0.5090128183364868
vt 0.11572001874446869 0.5361907482147217
vt 0.06269533187150955 0.6210838556289673
vt 0.09978026151657104 0.48896801471710205
vt 0.10495594888925552 0.4992772936820984
vt 0.0634322389960289 0.5417158603668213
vt 0.1129598543047905 0.5175468921661377
vt 0.06306524574756622 0.5314968824386597
vt 0.060043759644031525 0.5811388492584229
vt 0.12073475122451782 0.5442042350769043
vt 0.12024739384651184 0.5347919464111328
vt 0.11577834188938141 0.5264092683792114
vt 0.06118713319301605 0.6007282137870789
vt 0.12243761122226715 0.5532647371292114
vt 0.059778064489364624 0.5713850855827332
vt 0.06063305214047432 0.5615343451499939
vt 0.06872478127479553 0.5209387540817261
vt 0.10257236659526825 0.4886792302131653
vt 0.060478609055280685 0.5517341494560242
vt 0.060227274894714355 0.5418555736541748
vt 0.10783029347658157 0.49858492612838745
vt 0.1133166179060936 0.5073989629745483
vt 0.06253647804260254 0.521217942237854
vt 0.11941132694482803 0.5251516103744507
vt 0.10544168949127197 0.48825353384017944
vt 0.05975743383169174 0.5314997434616089
vt 0.05799660086631775 0.6114665865898132
vt 0.059292737394571304 0.621688723564148
vt 0.11827961355447769 0.5156692266464233
vt 0.12479861080646515 0.5526012182235718
vt 0.062016092240810394 0.6317687630653381
vt 0.12460155040025711 0.5429919362068176
vt 0.12411351501941681 0.5334186553955078
vt 0.05563114210963249 0.5619082450866699
vt 0.05577125772833824 0.5519495010375977
vt 0.056081052869558334 0.5419375896453857
vt 0.05574365332722664 0.5718177556991577
vt 0.05601939931511879 0.5817234516143799
vt 0.05669233947992325 0.6015485525131226
vt 0.10319318622350693 0.4770084023475647
vt 0.1296667456626892 0.5512959361076355
vt 0.10841181129217148 0.4874342083930969
vt 0.12948432564735413 0.541488528251648
vt 0.1138933002948761 0.49657905101776123
vt 0.05667370185256004 0.5315530300140381
vt 0.12322995811700821 0.5235695838928223
vt 0.12953394651412964 0.531482458114624
vt 0.11675259470939636 0.5059909820556641
vt 0.05845758318901062 0.6326688528060913
vt 0.10612575709819794 0.47647207975387573
vt 0.11261986196041107 0.48578131198883057
vt 0.1098346933722496 0.47523200511932373
vt 0.12200317531824112 0.5138418674468994
vt 0.05207771062850952 0.5518680810928345
vt 0.052396826446056366 0.5418213605880737
vt 0.0528966523706913 0.5314633250236511
vt 0.12804263830184937 0.49891728162765503
vt 0.1269233673810959 0.5111362934112549
vt 0.12661413848400116 0.47774195671081543
vt 0.12027149647474289 0.5032076835632324
vt 0.11860325187444687 0.49379515647888184
vt 0.11543824523687363 0.47868186235427856
vt 0.12537631392478943 0.4902227520942688
vt 0.5207302570343018 0.4124319553375244
vt 0.4870443046092987 0.41829055547714233
vt 0.4351259768009186 0.42720460891723633
vt 0.5545371770858765 0.4064340591430664
vt 0.3557765483856201 0.4436330199241638
vt 0.36200013756752014 0.44835519790649414
vt 0.30403274297714233 0.4555153250694275
vt 0.2766493260860443 0.4595990777015686
vt 0.23420628905296326 0.46988826990127563
vt 0.5760878324508667 0.4027020335197449
vt 0.6686441898345947 0.38709181547164917
vt 0.23432676494121552 0.4788162112236023
vt 0.21300968527793884 0.4733625054359436
vt 0.6903862953186035 0.3833305835723877
vt 0.731260359287262 0.3776922821998596
vt 0.2888200581073761 0.45593297481536865
vt 0.21923348307609558 0.48222529888153076
vt 0.19793987274169922 0.475159227848053
vt 0.756422221660614 0.3736204504966736
vt 0.7722362279891968 0.3725307583808899
vt 0.294723242521286 0.4420282244682312
vt 0.25218549370765686 0.4509967565536499
vt 0.23412887752056122 0.46427083015441895
vt 0.19809852540493011 0.48801106214523315
vt 0.1891029328107834 0.4905698299407959
vt 0.18322476744651794 0.49202537536621094
vt 0.17733657360076904 0.4922761917114258
vt 0.16274063289165497 0.4967724680900574
vt 0.17134696245193481 0.47925037145614624
vt 0.3526073396205902 0.4330641031265259
vt 0.42890048027038574 0.42303675413131714
vt 0.15969647467136383 0.4800489544868469
vt 0.20077192783355713 0.46158403158187866
vt 0.1887989342212677 0.4637324810028076
vt 0.1889440268278122 0.4762362241744995
vt 0.49914827942848206 0.4085184335708618
vt 0.15978898108005524 0.4929957985877991
vt 0.15689516067504883 0.4922068119049072
vt 0.15684327483177185 0.47963863611221313
vt 0.1598426103591919 0.49797284603118896
vt 0.15413646399974823 0.501727819442749
vt 0.15397585928440094 0.49067848920822144
vt 0.1539786159992218 0.4787029027938843
vt 0.9812248349189758 0.5603262782096863
vt 0.9816411733627319 0.5623290538787842
vt 0.9814559817314148 0.5788554549217224
vt 0.9796927571296692 0.5716291666030884
vt 0.97822505235672 0.5852060317993164
vt 0.9826803207397461 0.5861091613769531
vt 0.9811462759971619 0.5952193737030029
vt 0.9828650951385498 0.5513296127319336
vt 0.9783604741096497 0.5502047538757324
vt 0.9769195318222046 0.5647289752960205
vt 0.9772486090660095 0.5963618755340576
vt 0.9796269536018372 0.6090941429138184
vt 0.9830005168914795 0.6056668758392334
vt 0.9825040698051453 0.621787428855896
vt 0.9782770872116089 0.626839816570282
vt 0.9812144041061401 0.6374214887619019
vt 0.9820517897605896 0.5458893775939941
vt 0.9763258099555969 0.6094123125076294
vt 0.977841317653656 0.6357959508895874
vt 0.9804245829582214 0.6490857005119324
vt 0.9756292700767517 0.6213305592536926
vt 0.9755160212516785 0.5805796980857849
vt 0.9772606492042542 0.6472429633140564
vt 0.9799341559410095 0.6576305627822876
vt 0.9745717644691467 0.5928723812103271
vt 0.9742748141288757 0.5623766183853149
vt 0.9756729006767273 0.5463360548019409
vt 0.979898989200592 0.5376076102256775
vt 0.9773069620132446 0.5310265421867371
vt 0.9814417362213135 0.5266835689544678
vt 0.9786631464958191 0.5195938348770142
vt 0.9830005168914795 0.5163280367851257
vt 0.9795481562614441 0.5128241777420044
vt 0.9816129207611084 0.5117818117141724
vt 0.981727123260498 0.4969879388809204
vt 0.9732865691184998 0.5746365785598755
vt 0.9629066586494446 0.9648594260215759
vt 0.9659745693206787 0.9539027214050293
vt 0.9628154039382935 0.9532028436660767
vt 0.9596812725067139 0.963365375995636
vt 0.9597709774971008 0.9525272846221924
vt 0.9568198919296265 0.9517722129821777
vt 0.9652315974235535 0.94284588098526
vt 0.9661955237388611 0.9430948495864868
vt 0.9692357778549194 0.943897008895874
vt 0.9575117826461792 0.9629508256912231
vt 0.9564263820648193 0.962648332118988
vt 0.9538883566856384 0.9506152868270874
vt 0.9696760773658752 0.9328437447547913
vt 0.9727019667625427 0.9338975548744202
vt 0.9726693630218506 0.9447967410087585
vt 0.9736037850379944 0.9341097474098206
vt 0.9632689952850342 0.9420226216316223
vt 0.9532611966133118 0.9621251821517944
vt 0.9496249556541443 0.9611446857452393
vt 0.9603927731513977 0.9404137134552002
vt 0.9479328393936157 0.947799026966095
vt 0.9701086282730103 0.9251083135604858
vt 0.9732416272163391 0.922690749168396
vt 0.9759848713874817 0.9342853426933289
vt 0.9633702635765076 0.9400301575660706
vt 0.9668176770210266 0.9310325980186462
vt 0.9605691432952881 0.9372615218162537
vt 0.9639877676963806 0.9286247491836548
vt 0.9474420547485352 0.9543488025665283
vt 0.9470478296279907 0.9606110453605652
vt 0.9448121786117554 0.9477577805519104
vt 0.9407365322113037 0.960049569606781
vt 0.96720951795578 0.9239489436149597
vt 0.9418044686317444 0.9463161826133728
vt 0.9372807741165161 0.9465370774269104
vt 0.9350650906562805 0.9600557088851929
vt 0.9352900981903076 0.9467638731002808
vt 0.9319198131561279 0.948028028011322
vt 0.9310242533683777 0.960536539554596
vt 0.92824786901474 0.9492237567901611
vt 0.9277977347373962 0.960857629776001
vt 0.924685001373291 0.9503471851348877
vt 0.9252793788909912 0.943361759185791
vt 0.9215403199195862 0.9507586359977722
vt 0.923483669757843 0.9370204210281372
vt 0.9181655645370483 0.9402904510498047
vt 0.9178918600082397 0.9516472816467285
vt 0.9144880771636963 0.941714346408844
vt 0.918587327003479 0.9357383847236633
vt 0.9167681932449341 0.9277080297470093
vt 0.9132545590400696 0.9307732582092285
vt 0.911086916923523 0.9319788217544556
vt 0.9117412567138672 0.922690749168396
vt 0.9085267186164856 0.9327847957611084
vt 0.4513579308986664 0.4969879388809204
vt 0.39908257126808167 0.4949799180030823
vt 0.49784132838249207 0.4949799180030823
vt 0.2741018235683441 0.6259285807609558
vt 0.2759173810482025 0.6157705783843994
vt 0.27564093470573425 0.6140775680541992
vt 0.27820271253585815 0.6283257007598877
vt 0.27259570360183716 0.6251170635223389
vt 0.2724761664867401 0.6116230487823486
vt 0.27172955870628357 0.6142134666442871
vt 0.26955869793891907 0.6236834526062012
vt 0.2710743248462677 0.6101928353309631
vt 0.2686740756034851 0.6084994077682495
vt 0.2676173746585846 0.6113677024841309
vt 0.2650730609893799 0.619901180267334
vt 0.2653469741344452 0.6230840086936951
vt 0.26362067461013794 0.6074297428131104
vt 0.2621802091598511 0.6238676309585571
vt 0.26106777787208557 0.6132816672325134
vt 0.262968510389328 0.6357644200325012
vt 0.2660313546657562 0.6348339319229126
vt 0.2603885531425476 0.6077508330345154
vt 0.2688628137111664 0.6344290375709534
vt 0.2737258970737457 0.6367554664611816
vt 0.2801353633403778 0.6404707431793213
vt 0.28106194734573364 0.6298507452011108
vt 0.2855144441127777 0.6319742202758789
vt 0.28914445638656616 0.633708655834198
vt 0.28921547532081604 0.6449863910675049
vt 0.2928437292575836 0.6357710361480713
vt 0.2940801680088043 0.6479635238647461
vt 0.2968973219394684 0.6387120485305786
vt 0.2971131205558777 0.6276889443397522
vt 0.30145522952079773 0.6312609910964966
vt 0.30270084738731384 0.6437305808067322
vt 0.30381226539611816 0.6334481239318848
vt 0.3046037256717682 0.6229333281517029
vt 0.30637019872665405 0.636023223400116
vt 0.30678272247314453 0.6250927448272705
vt 0.31037163734436035 0.6403898000717163
vt 0.31140050292015076 0.6301792860031128
vt 0.3084202706813812 0.6153509616851807
vt 0.31339481472969055 0.6210730075836182
vt 0.3153599500656128 0.6235054731369019
vt 0.3159666061401367 0.61203932762146
vt 0.31832748651504517 0.627052903175354
vt 0.31906262040138245 0.6162787675857544
vt 0.3220846652984619 0.619998574256897
vt 0.322589635848999 0.6077508330345154
vt 0.32568806409835815 0.6119571924209595
vt 0.3144516050815582 0.6337519884109497
vt 0.30599552392959595 0.6470575928688049
vt 0.31341585516929626 0.6439123153686523
vt 0.29785817861557007 0.650931715965271
vt 0.3017275929450989 0.6543480157852173
vt 0.32027849555015564 0.640938937664032
vt 0.29253581166267395 0.6584824323654175
vt 0.2895645201206207 0.656754195690155
vt 0.30703970789909363 0.6597593426704407
vt 0.3034287095069885 0.6675947904586792
vt 0.29765987396240234 0.6624242067337036
vt 0.31105583906173706 0.6642987728118896
vt 0.3192216753959656 0.651183009147644
vt 0.2983986735343933 0.6749454736709595
vt 0.2941063344478607 0.6716220378875732
vt 0.30975082516670227 0.6745777726173401
vt 0.2902592122554779 0.6710342168807983
vt 0.30325713753700256 0.6794630289077759
vt 0.3092239201068878 0.6861169934272766
vt 0.28248342871665955 0.6562709808349609
vt 0.285737007856369 0.6670411825180054
vt 0.2783176898956299 0.6512260437011719
vt 0.300042986869812 0.6891066431999207
vt 0.32094183564186096 0.665127694606781
vt 0.3156352937221527 0.6819173097610474
vt 0.3197430670261383 0.6753815412521362
vt 0.2951994240283966 0.6853569746017456
vt 0.306644469499588 0.696043074131012
vt 0.3034374713897705 0.6925339698791504
vt 0.314266175031662 0.6923984885215759
vt 0.28803640604019165 0.680854320526123
vt 0.3225657641887665 0.6792312860488892
vt 0.32131218910217285 0.6895666718482971
vt 0.3126572370529175 0.7034414410591125
vt 0.2971636950969696 0.703612208366394
vt 0.30146196484565735 0.7039093971252441
vt 0.30462610721588135 0.7073855996131897
vt 0.2988547086715698 0.7158634662628174
vt 0.4897463619709015 0.7198795080184937
vt 0.49784132838249207 0.7198795080184937
vt 0.4956914782524109 0.7218875885009766
vt 0.036464471369981766 0.7901606559753418
vt 0.04020507261157036 0.7921686768531799
vt 0.035348083823919296 0.792168378829956
vt 0.2550065517425537 0.6516064405441284
vt 0.25930923223495483 0.6536144614219666
vt 0.2544522285461426 0.6536144614219666
vt 0.12871019542217255 0.8423694968223572
vt 0.1323247104883194 0.840361475944519
vt 0.13302752375602722 0.8423694968223572
vt 0.5609821677207947 0.6516064405441284
vt 0.5609821677207947 0.6335341334342957
vt 0.5604425072669983 0.6404218673706055
vt 0.4821910560131073 0.6480095386505127
vt 0.4816514849662781 0.6395581960678101
vt 0.4816513657569885 0.6516064405441284
vt 0.15617726743221283 0.2098393440246582
vt 0.1678248941898346 0.2218875288963318
vt 0.13572585582733154 0.2218620777130127
vt 0.17080409824848175 0.2098393440246582
vt 0.330005407333374 0.17168676853179932
vt 0.34295737743377686 0.17168676853179932
vt 0.33864066004753113 0.17369478940963745
vt 0.038393110036849976 0.9748995900154114
vt 0.04182406887412071 0.9769076108932495
vt 0.037506744265556335 0.9769076108932495
vt 0.44819211959838867 0.04317271709442139
vt 0.44873178005218506 0.03824371099472046
vt 0.448192298412323 0.029116451740264893
vt 0.09844859689474106 0.4829317331314087
vt 0.10118726640939713 0.4849397540092468
vt 0.09740960597991943 0.484938383102417
vt 0.417435884475708 0.7758304476737976
vt 0.4342923164367676 0.7780370712280273
vt 0.3164549469947815 0.7597006559371948
vt 0.43138936161994934 0.7887184023857117
vt 0.4650469720363617 0.7922360897064209
vt 0.4284929633140564 0.7997274994850159
vt 0.38927704095840454 0.7834430932998657
vt 0.4539407193660736 0.7813766002655029
vt 0.4932246804237366 0.7899681329727173
vt 0.49331986904144287 0.7803705930709839
vt 0.3867206573486328 0.758787989616394
vt 0.43441808223724365 0.7658663988113403
vt 0.38117173314094543 0.7473193407058716
vt 0.4457223415374756 0.7569576501846313
vt 0.47108206152915955 0.7503123879432678
vt 0.4794292151927948 0.7619903087615967
vt 0.5131840109825134 0.7565562725067139
vt 0.4093945026397705 0.7411009073257446
vt 0.33358657360076904 0.7297802567481995
vt 0.3334738314151764 0.7401971817016602
vt 0.21003523468971252 0.7217097282409668
vt 0.5159338116645813 0.7674449682235718
vt 0.5017582178115845 0.776343822479248
vt 0.4705493748188019 0.804082989692688
vt 0.4452047646045685 0.8120297789573669
vt 0.4312072992324829 0.8105939626693726
vt 0.46486732363700867 0.8140212297439575
vt 0.5127918124198914 0.7955106496810913
vt 0.5295718312263489 0.8087091445922852
vt 0.5297998189926147 0.7820360660552979
vt 0.45079731941223145 0.823116660118103
vt 0.4765167832374573 0.7725245952606201
vt 0.3305651545524597 0.7502022385597229
vt 0.5496882796287537 0.7620553970336914
vt 0.20712459087371826 0.731847882270813
vt 0.14817002415657043 0.7230592966079712
vt 0.11177824437618256 0.7069448232650757
vt 0.11446346342563629 0.7179110050201416
vt 0.18203847110271454 0.7070508003234863
vt 0.11468897759914398 0.6969500780105591
vt 0.13958804309368134 0.7337874174118042
vt 0.08932867646217346 0.7035984396934509
vt 0.08641703426837921 0.7137333154678345
vt 0.08664264529943466 0.692766547203064
vt 0.4226716160774231 0.8202778697013855
vt 0.3890128433704376 0.8170729279518127
vt 0.38908523321151733 0.8065162301063538
vt 0.31610438227653503 0.7993530035018921
vt 0.31897974014282227 0.7891446352005005
vt 0.32722970843315125 0.8111034631729126
vt 0.2261928915977478 0.7911820411682129
vt 0.22346869111061096 0.7799999713897705
vt 0.04151475429534912 0.7070423364639282
vt 0.05825150012969971 0.7214407920837402
vt 0.03859402984380722 0.7190222144126892
vt 0.032995495945215225 0.7183921933174133
vt 0.046941127628088 0.7248518466949463
vt 0.030301177874207497 0.7070398330688477
vt 0.021871352568268776 0.7026619911193848
vt 0.027323633432388306 0.7182990908622742
vt 0.027608875185251236 0.693213939666748
vt 0.03606952354311943 0.6950666308403015
vt 0.02200274169445038 0.691784143447876
vt 0.024629317224025726 0.7070292234420776
vt 0.036231063306331635 0.6846582889556885
vt 0.01626518741250038 0.7012325525283813
vt 0.024981657043099403 0.6821415424346924
vt 0.047241080552339554 0.6973271369934082
vt 0.013565702363848686 0.6892006993293762
vt 0.013465549796819687 0.700689971446991
vt 0.010638920590281487 0.7009624242782593
vt 0.02183491550385952 0.7070297002792358
vt 0.010766671970486641 0.6883994340896606
vt 0.007933246903121471 0.6889498233795166
vt 0.007667341269552708 0.7009068727493286
vt 0.004594588186591864 0.6946287155151367
vt 0.010506605729460716 0.7049072980880737
vt 0.0036864751018583775 0.7051376104354858
vt 0.000809498131275177 0.6995970010757446
vt 0.0017175470711663365 0.6890881061553955
vt 0.0023326976224780083 0.6764443516731262
vt 0.005093950778245926 0.6798321008682251
vt 0.00267291278578341 0.6655265092849731
vt 0.005463136825710535 0.6674416065216064
vt 0.005880150478333235 0.6560490131378174
vt 0.008701291866600513 0.6583924293518066
vt 0.00914568081498146 0.647395133972168
vt 0.012042057700455189 0.6501277685165405
vt 0.011532803997397423 0.6608476042747498
vt 0.012089245952665806 0.6390717029571533
vt 0.015512201003730297 0.6426221132278442
vt 0.01607879064977169 0.6322747468948364
vt 0.012913285754621029 0.6287169456481934
vt 0.009816155768930912 0.6247241497039795
vt 0.011503003537654877 0.6155449151992798
vt 0.01340770348906517 0.618117094039917
vt 0.012244916521012783 0.6054216623306274
vt 0.009292162023484707 0.6356453895568848
vt 0.007919751107692719 0.6846717596054077
vt 0.006825976073741913 0.7113258838653564
vt 0.008284948766231537 0.6690446138381958
vt 0.01367896981537342 0.6828380823135376
vt 0.010936954990029335 0.6777169704437256
vt 0.0165959894657135 0.6796973943710327
vt 0.23480789363384247 0.7699440121650696
vt 0.19548439979553223 0.7659502625465393
vt 0.18134577572345734 0.7755993008613586
vt 0.14216230809688568 0.7608641386032104
vt 0.15064573287963867 0.7493613958358765
vt 0.14768625795841217 0.7722828984260559
vt 0.22642628848552704 0.7566074132919312
vt 0.11977960914373398 0.7470502257347107
vt 0.10276135057210922 0.7681329250335693
vt 0.11389084160327911 0.7795920372009277
vt 0.09988551586866379 0.779305100440979
vt 0.1391533762216568 0.7819414138793945
vt 0.08597376197576523 0.7556958198547363
vt 0.31341543793678284 0.7758122682571411
vt 0.4872741103172302 0.8271957039833069
vt 0.06369577348232269 0.7346714735031128
vt 0.3975658714771271 0.7964271903038025
vt 0.06343969702720642 0.7644674777984619
vt 0.06616608053445816 0.7751830816268921
vt 0.0549582839012146 0.774249792098999
vt 0.035353776067495346 0.7621405124664307
vt 0.03822018951177597 0.7517101168632507
vt 0.026941334828734398 0.7507754564285278
vt 0.01842382736504078 0.76084965467453
vt 0.018505699932575226 0.750144898891449
vt 0.012778387404978275 0.7604929804801941
vt 0.012868266552686691 0.7497643828392029
vt 0.012911531142890453 0.73934006690979
vt 0.018529947847127914 0.7396775484085083
vt 0.00999323558062315 0.7497044801712036
vt 0.00990335550159216 0.7604331374168396
vt 0.5294938683509827 0.8201846480369568
vt 0.22383613884449005 0.7454503774642944
vt 0.013272709213197231 0.7113258838653564
vt 0.5634819865226746 0.7999203205108643
vt 0.5690193772315979 0.8115424513816833
vt 0.6056890487670898 0.8132407665252686
vt 0.5972694754600525 0.8016405701637268
vt 0.6450871229171753 0.8154852390289307
vt 0.6367327570915222 0.8038910627365112
vt 0.6733853220939636 0.8060147762298584
vt 0.673305332660675 0.8173099756240845
vt 0.6874511241912842 0.8063733577728271
vt 0.6734137535095215 0.8033877611160278
vt 0.6792160868644714 0.7907122373580933
vt 0.6873672008514404 0.8177490234375
vt 0.6932872533798218 0.7954099178314209
vt 0.6766289472579956 0.7788432240486145
vt 0.6934962272644043 0.7839093208312988
vt 0.6736159324645996 0.7889770269393921
vt 0.6989833116531372 0.7917214632034302
vt 0.7185609936714172 0.8022030591964722
vt 0.7383255362510681 0.8023045063018799
vt 0.738244354724884 0.8068155646324158
vt 0.7494385242462158 0.8113315105438232
vt 0.7380838394165039 0.816667377948761
vt 0.7159745097160339 0.7895203828811646
vt 0.7412595748901367 0.7955033779144287
vt 0.7470474243164062 0.7862406969070435
vt 0.7468621134757996 0.7971010208129883
vt 0.7048869729042053 0.776268482208252
vt 0.7472291588783264 0.7755666375160217
vt 0.6966627836227417 0.7636061310768127
vt 0.6880369782447815 0.7718247175216675
vt 0.6768540740013123 0.768413782119751
vt 0.6732665300369263 0.8277634382247925
vt 0.6625750064849854 0.7746657729148865
vt 0.657200813293457 0.7625924944877625
vt 0.63172847032547 0.7655296325683594
vt 0.626289963722229 0.753433108329773
vt 0.5840283036231995 0.7513915300369263
vt 0.6062555909156799 0.7685185670852661
vt 0.5753451585769653 0.7592941522598267
vt 0.5947678089141846 0.7762283086776733
vt 0.6144168972969055 0.7823929786682129
vt 0.5918951630592346 0.7791621088981628
vt 0.5723198056221008 0.7692272663116455
vt 0.6230453848838806 0.7735357284545898
vt 0.563759982585907 0.7749852538108826
vt 0.6483603119850159 0.7812354564666748
vt 0.6084498167037964 0.8238685727119446
vt 0.628442108631134 0.789554238319397
vt 0.6959322094917297 0.8069160580635071
vt 0.5832923650741577 0.7912745475769043
vt 0.024403393268585205 0.7258811593055725
vt 0.6309882402420044 0.8250992298126221
vt 0.7552692294120789 0.799951434135437
vt 0.6901493072509766 0.8283132314682007
vt 0.5469492077827454 0.767341136932373
vt 0.7183904647827148 0.8116709589958191
vt 0.02220894955098629 0.6814545392990112
vt 0.7521768808364868 0.8173832893371582
vt 0.6622853875160217 0.7905046939849854
vt 0.011031237430870533 0.6711069345474243
vt 0.7550654411315918 0.8143625855445862
vt 0.7554941773414612 0.7884286046028137
vt 0.7585133910179138 0.7783702611923218
vt 0.7611992359161377 0.789943277835846
vt 0.7642208933830261 0.7797529697418213
vt 0.7640223503112793 0.7908231616020203
vt 0.763908863067627 0.7991296648979187
vt 0.7670408487319946 0.7804538011550903
vt 0.7672290802001953 0.7699308395385742
vt 0.7668482661247253 0.791810929775238
vt 0.7700530886650085 0.7705968022346497
vt 0.7696554660797119 0.7956878542900085
vt 0.7696794867515564 0.792898952960968
vt 0.7667588591575623 0.805455207824707
vt 0.7754852771759033 0.8051132559776306
vt 0.7754175066947937 0.7968364357948303
vt 0.763871431350708 0.8031409382820129
vt 0.7639189958572388 0.8134204149246216
vt 0.7754247784614563 0.7916452288627625
vt 0.7813660502433777 0.7997189164161682
vt 0.7842248678207397 0.7838615775108337
vt 0.7783681154251099 0.7846928834915161
vt 0.781400203704834 0.7742318511009216
vt 0.7843107581138611 0.7757884860038757
vt 0.7845360636711121 0.7644116878509521
vt 0.7871714234352112 0.777619481086731
vt 0.7816542387008667 0.7633479833602905
vt 0.7873554229736328 0.7654681205749512
vt 0.7876006364822388 0.754704475402832
vt 0.7904111742973328 0.7558860778808594
vt 0.79347825050354 0.7458794116973877
vt 0.7962948679924011 0.7467756271362305
vt 0.7932366132736206 0.7567298412322998
vt 0.796068549156189 0.7580581307411194
vt 0.793049156665802 0.7687589526176453
vt 0.7960394024848938 0.7714730501174927
vt 0.798939049243927 0.7600053548812866
vt 0.7989345192909241 0.7681390643119812
vt 0.8047536015510559 0.7628848552703857
vt 0.8019084334373474 0.748680830001831
vt 0.8047484755516052 0.7497310042381287
vt 0.8077110052108765 0.760680079460144
vt 0.8105689883232117 0.7591323852539062
vt 0.8107593059539795 0.7706133723258972
vt 0.8133769035339355 0.753965437412262
vt 0.8079012632369995 0.7721611261367798
vt 0.8115768432617188 0.7813525795936584
vt 0.8081943988800049 0.7831476926803589
vt 0.8113917708396912 0.7921327352523804
vt 0.808544933795929 0.7936335802078247
vt 0.8166959881782532 0.7788907289505005
vt 0.819826602935791 0.7881333231925964
vt 0.8251102566719055 0.7751036882400513
vt 0.8219825029373169 0.7652902603149414
vt 0.8304638862609863 0.7618333697319031
vt 0.82444167137146 0.7523779273033142
vt 0.8441828489303589 0.7454845905303955
vt 0.8530012369155884 0.7534242868423462
vt 0.8554785251617432 0.7411391139030457
vt 0.9005081653594971 0.7232023477554321
vt 0.9064526557922363 0.7322279214859009
vt 0.9286206960678101 0.711519718170166
vt 0.9289546608924866 0.7228386402130127
vt 0.957054615020752 0.7105917930603027
vt 0.946172833442688 0.7264214754104614
vt 0.95738685131073 0.7214459776878357
vt 0.9577208757400513 0.731876015663147
vt 0.9465004205703735 0.7368799448013306
vt 0.9296138882637024 0.7443238496780396
vt 0.9412370920181274 0.749858021736145
vt 0.9271538257598877 0.7560613751411438
vt 0.8987289667129517 0.7582019567489624
vt 0.8962677717208862 0.7699182033538818
vt 0.8705834746360779 0.7709282636642456
vt 0.8966510891914368 0.7814142107963562
vt 0.8713155388832092 0.7931215763092041
vt 0.8513308763504028 0.7908347845077515
vt 0.9275510311126709 0.7676568031311035
vt 0.9580879807472229 0.7426036596298218
vt 0.9605299830436707 0.7306299209594727
vt 0.8983457088470459 0.7463705539703369
vt 0.9567221999168396 0.6993646621704102
vt 0.9563632607460022 0.6869016885757446
vt 0.9226531386375427 0.701429009437561
vt 0.9223522543907166 0.6907728910446167
vt 0.9589570164680481 0.6782483458518982
vt 0.9557404518127441 0.6647361516952515
vt 0.9050777554512024 0.6841224431991577
vt 0.9385470747947693 0.658624529838562
vt 0.9553788304328918 0.6517124176025391
vt 0.9610913395881653 0.6503953337669373
vt 0.9607602953910828 0.6378456354141235
vt 0.9635844230651855 0.6273046731948853
vt 0.9606599807739258 0.6266447305679321
vt 0.9577604532241821 0.6266634464263916
vt 0.9606074690818787 0.6159628629684448
vt 0.9577078223228455 0.6159815788269043
vt 0.9548829793930054 0.6160846948623657
vt 0.9521154761314392 0.6269638538360596
vt 0.9040190577507019 0.6305539608001709
vt 0.9237812161445618 0.6183462142944336
vt 0.9378995299339294 0.6068018674850464
vt 0.9011436104774475 0.6200700998306274
vt 0.8587352633476257 0.6345359086990356
vt 0.8671427965164185 0.6231875419616699
vt 0.8331943154335022 0.6264450550079346
vt 0.8332636952400208 0.6369479298591614
vt 0.8248386383056641 0.648746132850647
vt 0.8446011543273926 0.6467978954315186
vt 0.8418108224868774 0.658810019493103
vt 0.8163354396820068 0.661374032497406
vt 0.8162927627563477 0.649939239025116
vt 0.8078616857528687 0.6623961925506592
vt 0.8107259273529053 0.6732897758483887
vt 0.8162214159965515 0.6392592191696167
vt 0.8050826191902161 0.6736690998077393
vt 0.8051238059997559 0.6851507425308228
vt 0.8022334575653076 0.6850967407226562
vt 0.8021934032440186 0.6739742755889893
vt 0.7994117736816406 0.6852375864982605
vt 0.7992981672286987 0.6637481451034546
vt 0.8136014938354492 0.6855199337005615
vt 0.8077925443649292 0.6513426303863525
vt 0.8163679838180542 0.6729110479354858
vt 0.8192374110221863 0.6893041133880615
vt 0.8502551317214966 0.6820640563964844
vt 0.8277314305305481 0.6893210411071777
vt 0.8502791523933411 0.6901466250419617
vt 0.8728170990943909 0.6892185211181641
vt 0.8136204481124878 0.6900031566619873
vt 0.8474810719490051 0.6744072437286377
vt 0.8218851685523987 0.6382850408554077
vt 0.8785977959632874 0.6441978216171265
vt 0.9548287391662598 0.6055576801300049
vt 0.9576621651649475 0.6054216623306274
vt 0.9635596871376038 0.6164147853851318
vt 0.9639466404914856 0.645937442779541
vt 0.9550337195396423 0.6384810209274292
vt 0.9647347331047058 0.665805995464325
vt 0.9615540504455566 0.6636747121810913
vt 0.9661012887954712 0.6879478096961975
vt 0.9637731313705444 0.6800000667572021
vt 0.9621882438659668 0.6832729578018188
vt 0.9587998390197754 0.6708874702453613
vt 0.9020746350288391 0.6917519569396973
vt 0.903094470500946 0.7145864963531494
vt 0.8363972306251526 0.7706504464149475
vt 0.8176737427711487 0.7291063666343689
vt 0.9591611623764038 0.6853455305099487
vt 0.959857702255249 0.7091714143753052
vt 0.8282938003540039 0.784458577632904
vt 0.8229572176933289 0.7973490953445435
vt 0.8173472285270691 0.7997620701789856
vt 0.8233628869056702 0.8084413409233093
vt 0.8149309158325195 0.8118647336959839
vt 0.8117155432701111 0.8019438982009888
vt 0.806340217590332 0.8146106600761414
vt 0.8088695406913757 0.8028274178504944
vt 0.8059011697769165 0.803447961807251
vt 0.7990216612815857 0.815153956413269
vt 0.7999096512794495 0.8039026260375977
vt 0.7924244999885559 0.8148144483566284
vt 0.7948963046073914 0.8036118745803833
vt 0.7873635292053223 0.8030276298522949
vt 0.7875710129737854 0.8075462579727173
vt 0.7848540544509888 0.8145846128463745
vt 0.8342212438583374 0.7924375534057617
vt 0.9602062106132507 0.720081090927124
vt 0.8459604978561401 0.7233256101608276
vt 0.901601254940033 0.6636319160461426
vt 0.9387975931167603 0.7628949284553528
vt 0.8589563965797424 0.7633953094482422
vt 0.9583398103713989 0.7545135021209717
vt 0.9613677263259888 0.7535107731819153
vt 0.8458443880081177 0.7999189496040344
vt 0.8246768712997437 0.6273558139801025
vt 0.959525465965271 0.6978858709335327
vt 0.8134081363677979 0.758036196231842
vt 0.8164006471633911 0.7680426836013794
vt 0.809000551700592 0.7134968042373657
vt 0.7991012930870056 0.7477290630340576
vt 0.7937197089195251 0.7353250980377197
vt 0.7878349423408508 0.744193434715271
vt 0.7901874780654907 0.7668638825416565
vt 0.7819069027900696 0.7529397010803223
vt 0.7788608074188232 0.762408435344696
vt 0.7785839438438416 0.7729790806770325
vt 0.7757799029350281 0.7718827128410339
vt 0.7732429504394531 0.7604542970657349
vt 0.7729761004447937 0.7708896994590759
vt 0.7872936725616455 0.7940825819969177
vt 0.7727167010307312 0.7820644378662109
vt 0.8050358295440674 0.6628391146659851
vt 0.7930425405502319 0.7747689485549927
vt 0.9627629518508911 0.7072603106498718
vt 0.06619314104318619 0.7508121132850647
vt 0.5663549304008484 0.7873882055282593
vt 0.9609273672103882 0.7415275573730469
vt 0.963165283203125 0.7182767391204834
vt 0.7755339741706848 0.7830982208251953
vt 0.8536052703857422 0.7762967944145203
vt 0.96389240026474 0.7405256032943726
vt 0.009924924932420254 0.7314109802246094
vt 0.9641267657279968 0.7464399337768555
vt 0.18952897191047668 0.7861692309379578
vt 0.9646708965301514 0.7057807445526123
vt 0.9658071994781494 0.7161588668823242
vt 0.9665431976318359 0.7154744863510132
vt 0.9661484360694885 0.704454243183136
vt 0.9636000394821167 0.7291581034660339
vt 0.00623293686658144 0.7354333400726318
vt 0.9626883268356323 0.6958250999450684
vt 0.7610490322113037 0.8018398284912109
vt 0.7610124945640564 0.8152858018875122
vt 0.007943329401314259 0.6785147786140442
vt 0.9643780589103699 0.7526891231536865
vt 0.9673901200294495 0.7421199083328247
vt 0.9678899049758911 0.7558649778366089
vt 0.9072492122650146 0.6484242677688599
vt 0.7698527574539185 0.7811272144317627
vt 0.9267221093177795 0.7346858978271484
vt 0.27921369671821594 0.7602748870849609
vt 0.9664966464042664 0.7287420630455017
vt 0.5641537308692932 0.8220443725585938
vt 0.09230104088783264 0.7366864681243896
vt 0.8717145323753357 0.6673681735992432
vt 0.9429986476898193 0.648369312286377
vt 0.5806649327278137 0.9769076108932495
vt 0.5804101228713989 0.9889557957649231
vt 0.5841878056526184 0.9769076108932495
vt 0.5839868187904358 0.988856315612793
vt 0.7616100311279297 0.5893574357032776
vt 0.7649757266044617 0.6116243004798889
vt 0.7611980438232422 0.6221438646316528
vt 0.7649757266044617 0.6335341334342957
vt 0.30041787028312683 0.8388800621032715
vt 0.37888383865356445 0.8383858799934387
vt 0.288754403591156 0.8349117040634155
vt 0.2684648036956787 0.840361475944519
vt 0.239341601729393 0.8343373537063599
vt 0.37598371505737305 0.8343373537063599
vt 0.43416082859039307 0.837879478931427
vt 0.3764166235923767 0.26606428623199463
vt 0.3793334662914276 0.2710146903991699
vt 0.41419321298599243 0.26606428623199463
vt 0.3968006372451782 0.28012049198150635
vt 0.05347496643662453 0.8343373537063599
vt 0.091473288834095 0.8287091255187988
vt 0.06221936270594597 0.8283132314682007
vt 0.03588774800300598 0.8287091255187988
vt 0.351580947637558 0.2781124711036682
vt 0.34997302293777466 0.2238638997077942
vt 0.35429033637046814 0.2452048659324646
vt 0.35429033637046814 0.15795373916625977
vt 0.35346654057502747 0.1034136414527893
vt 0.1373448520898819 0.13940483331680298
vt 0.1373632699251175 0.031124472618103027
vt 0.1405828446149826 0.10710495710372925
vt 0.1374419927597046 0.18290799856185913
vt 0.1405828446149826 0.19377511739730835
vt 0.7628827095031738 0.2560241222381592
vt 0.6813275814056396 0.2560241222381592
vt 0.6900354027748108 0.26807230710983276
vt 0.7687533497810364 0.2679554224014282
vt 0.13194818794727325 0.6315261125564575
vt 0.12871235609054565 0.6314263343811035
vt 0.12871019542217255 0.6194778680801392
vt 0.13194818794727325 0.6196815967559814
vt 0.9830005168914795 0.6581329703330994
vt 0.9856988787651062 0.6495983600616455
vt 0.9856988787651062 0.6656626462936401
vt 0.045601725578308105 0.5177053809165955
vt 0.04830005392432213 0.5070281028747559
vt 0.04830003157258034 0.5251004099845886
vt 0.47409605979919434 0.15361446142196655
vt 0.47409605979919434 0.1696786880493164
vt 0.47139772772789 0.1628616452217102
vt 0.8843348622322083 0.09038597345352173
vt 0.8880194425582886 0.07329326868057251
vt 0.8801507353782654 0.09136545658111572
vt 0.8838028311729431 0.07413393259048462
vt 0.8793051838874817 0.0885545015335083
vt 0.8791758418083191 0.07329314947128296
vt 0.8756071329116821 0.0908617377281189
vt 0.28693509101867676 0.10228180885314941
vt 0.290070116519928 0.09136545658111572
vt 0.29007014632225037 0.1897590160369873
vt 0.28693512082099915 0.1679617166519165
vt 0.28359416127204895 0.12443810701370239
vt 0.033702343702316284 0.8120687007904053
vt 0.030491095036268234 0.8242971897125244
vt 0.030593054369091988 0.8107185959815979
vt 0.03372908756136894 0.8044559955596924
vt 0.030616942793130875 0.7901606559753418
vt 0.03372908756136894 0.7964902520179749
vt 0.48555031418800354 0.13768160343170166
vt 0.48833614587783813 0.15160644054412842
vt 0.49136534333229065 0.13755017518997192
vt 0.47956064343452454 0.15013092756271362
vt 0.4622234106063843 0.13755017518997192
vt 0.0027589218225330114 0.3222891688346863
vt 0.006745817605406046 0.5392181873321533
vt 0.0025894888676702976 0.43139612674713135
vt 0.006745817605406046 0.6154618263244629
vt 0.0018888289341703057 0.5403761267662048
vt 0.8901866674423218 0.9467872381210327
vt 0.8874797821044922 0.9598003625869751
vt 0.9002149105072021 0.9608433842658997
vt 0.896679162979126 0.9492617249488831
vt 0.9058283567428589 0.9467871189117432
vt 0.9032803773880005 0.9606000781059265
vt 0.8837020993232727 0.9849397540092468
vt 0.8544215559959412 0.9849397540092468
vt 0.8805142045021057 0.9949799180030823
vt 0.8453858494758606 0.9925375580787659
vt 0.9954128265380859 0.4337259531021118
vt 0.998650848865509 0.2821285128593445
vt 0.998650848865509 0.4769076108932495
vt 0.9889368414878845 0.36044174432754517
vt 0.9889368414878845 0.3765464425086975
vt 0.986778199672699 0.3685625195503235
vt 0.9867850542068481 0.3845381736755371
vt 0.8608064651489258 0.4924362301826477
vt 0.8604152202606201 0.5035520792007446
vt 0.8637344837188721 0.4938591718673706
vt 0.8511962890625 0.5109051465988159
vt 0.8537823557853699 0.5230923891067505
vt 0.8545398116111755 0.5008504390716553
vt 0.8578833341598511 0.49079573154449463
vt 0.8549593091011047 0.4889557957649231
vt 0.8633619546890259 0.5047972202301025
vt 0.8516119122505188 0.49942469596862793
vt 0.845925509929657 0.4889557957649231
vt 0.983929455280304 0.490963876247406
vt 0.9878575205802917 0.48293179273605347
vt 0.978143572807312 0.4829317331314087
vt 0.7153264880180359 0.42469877004623413
vt 0.6802482604980469 0.42469877004623413
vt 0.6831318140029907 0.4387550354003906
vt 0.48381003737449646 0.667670726776123
vt 0.48381003737449646 0.6797188520431519
vt 0.48057204484939575 0.6797188520431519
f 3300/3300 3349/3349 3299/3299
f 4685/4685 4689/4689 4696/4696
f 4699/4699 4696/4696 4698/4698
f 4698/4698 4696/4696 4697/4697
f 4696/4696 4689/4689 4697/4697
f 4697/4697 4689/4689 4700/4700
f 4700/4700 4689/4689 4658/4658
f 4658/4658 4689/4689 4640/4640
f 4689/4689 4685/4685 4640/4640
f 4640/4640 4685/4685 4667/4667
f 4667/4667 4685/4685 4702/4702
f 4685/4685 4696/4696 4702/4702
f 4696/4696 4699/4699 4702/4702
f 4765/4765 4766/4766 4767/4767
f 2761/2761 2762/2762 2743/2743
f 2762/2762 2756/2756 2743/2743
f 2756/2756 2745/2745 2743/2743
f 2742/2742 2751/2751 2743/2743
f 2743/2743 2751/2751 2754/2754
f 2754/2754 2751/2751 2763/2763
f 2763/2763 2751/2751 2752/2752
f 2752/2752 2751/2751 2748/2748
f 2751/2751 2742/2742 2748/2748
f 2742/2742 2747/2747 2748/2748
f 2747/2747 2749/2749 2748/2748
f 2748/2748 2749/2749 2750/2750
f 2750/2750 2749/2749 2753/2753
f 2753/2753 2749/2749 2741/2741
f 2709/2709 2708/2708 2699/2699
f 2685/2685 2683/2683 2690/2690
f 2705/2705 2695/2695 2696/2696
f 2699/2699 2696/2696 2698/2698
f 2698/2698 2696/2696 2691/2691
f 2696/2696 2695/2695 2691/2691
f 2695/2695 2690/2690 2691/2691
f 2693/2693 2692/2692 2679/2679
f 2692/2692 2691/2691 2679/2679
f 2691/2691 2690/2690 2679/2679
f 2690/2690 2683/2683 2679/2679
f 221/221 216/216 287/287
f 216/216 230/230 287/287
f 2678/2678 2679/2679 2680/2680
f 2682/2682 2680/2680 2681/2681
f 2680/2680 2679/2679 2681/2681
f 2679/2679 2683/2683 2681/2681
f 2681/2681 2683/2683 2684/2684
f 2683/2683 2685/2685 2684/2684
f 2684/2684 2685/2685 2689/2689
f 2685/2685 2690/2690 2689/2689
f 2690/2690 2695/2695 2689/2689
f 2689/2689 2695/2695 2697/2697
f 2701/2701 2697/2697 2704/2704
f 2697/2697 2695/2695 2704/2704
f 2695/2695 2705/2705 2704/2704
f 2704/2704 2705/2705 2707/2707
f 2705/2705 2696/2696 2707/2707
f 2696/2696 2699/2699 2707/2707
f 2699/2699 2708/2708 2707/2707
f 2708/2708 2711/2711 2707/2707
f 2707/2707 2711/2711 2722/2722
f 2731/2731 2727/2727 2740/2740
f 2727/2727 2722/2722 2740/2740
f 2740/2740 2722/2722 2741/2741
f 2722/2722 2711/2711 2741/2741
f 2741/2741 2711/2711 2714/2714
f 2711/2711 2708/2708 2714/2714
f 2708/2708 2709/2709 2714/2714
f 2621/2621 2610/2610 2609/2609
f 2612/2612 2609/2609 2611/2611
f 2609/2609 2610/2610 2611/2611
f 2611/2611 2610/2610 2613/2613
f 2613/2613 2610/2610 2614/2614
f 4262/4262 4263/4263 4264/4264
f 2614/2614 2621/2621 2618/2618
f 2709/2709 2699/2699 2710/2710
f 2710/2710 2699/2699 2700/2700
f 2699/2699 2698/2698 2700/2700
f 291/291 290/290 288/288
f 288/288 290/290 262/262
f 290/290 282/282 262/262
f 4259/4259 4260/4260 4261/4261
f 282/282 279/279 275/275
f 241/241 275/275 229/229
f 275/275 279/279 229/229
f 2693/2693 2679/2679 2694/2694
f 2679/2679 2678/2678 2694/2694
f 230/230 216/216 229/229
f 229/229 216/216 228/228
f 228/228 216/216 214/214
f 214/214 216/216 215/215
f 216/216 221/221 215/215
f 3517/3517 3525/3525 3471/3471
f 3525/3525 3526/3526 3471/3471
f 3526/3526 3527/3527 3471/3471
f 3527/3527 3469/3469 3471/3471
f 3471/3471 3469/3469 3465/3465
f 3466/3466 3465/3465 3468/3468
f 3465/3465 3469/3469 3468/3468
f 3469/3469 3470/3470 3468/3468
f 2681/2681 2684/2684 2686/2686
f 2686/2686 2684/2684 2687/2687
f 2684/2684 2689/2689 2687/2687
f 2689/2689 2697/2697 2687/2687
f 2697/2697 2701/2701 2687/2687
f 2687/2687 2701/2701 2702/2702
f 2702/2702 2701/2701 2706/2706
f 2701/2701 2704/2704 2706/2706
f 2706/2706 2704/2704 2721/2721
f 2704/2704 2707/2707 2721/2721
f 2707/2707 2722/2722 2721/2721
f 2721/2721 2722/2722 2723/2723
f 2723/2723 2722/2722 2726/2726
f 2722/2722 2727/2727 2726/2726
f 2726/2726 2727/2727 2728/2728
f 2727/2727 2731/2731 2728/2728
f 2733/2733 2728/2728 2732/2732
f 2728/2728 2731/2731 2732/2732
f 2731/2731 2740/2740 2732/2732
f 2740/2740 2741/2741 2732/2732
f 2741/2741 2749/2749 2732/2732
f 2749/2749 2747/2747 2732/2732
f 2747/2747 2742/2742 2732/2732
f 2732/2732 2742/2742 2736/2736
f 2742/2742 2743/2743 2736/2736
f 2736/2736 2743/2743 2744/2744
f 2743/2743 2745/2745 2744/2744
f 2744/2744 2745/2745 2746/2746
f 2746/2746 2745/2745 2757/2757
f 2745/2745 2756/2756 2757/2757
f 4698/4698 4697/4697 4713/4713
f 4697/4697 4700/4700 4713/4713
f 4713/4713 4700/4700 4692/4692
f 4692/4692 4700/4700 4570/4570
f 4700/4700 4658/4658 4570/4570
f 4570/4570 4658/4658 4556/4556
f 4711/4711 4555/4555 4553/4553
f 4553/4553 4555/4555 4554/4554
f 4555/4555 4556/4556 4554/4554
f 4556/4556 4658/4658 4554/4554
f 4658/4658 4640/4640 4554/4554
f 4554/4554 4640/4640 4572/4572
f 4640/4640 4667/4667 4572/4572
f 4572/4572 4667/4667 4639/4639
f 4667/4667 4702/4702 4639/4639
f 4780/4780 4781/4781 4782/4782
f 4702/4702 4631/4631 4633/4633
f 4631/4631 4632/4632 4633/4633
f 4633/4633 4632/4632 4630/4630
f 4632/4632 4631/4631 4630/4630
f 4630/4630 4631/4631 4629/4629
f 2761/2761 2743/2743 2760/2760
f 2743/2743 2754/2754 2760/2760
f 2754/2754 2763/2763 2760/2760
f 2760/2760 2763/2763 2766/2766
f 2766/2766 2763/2763 2770/2770
f 2763/2763 2752/2752 2770/2770
f 2770/2770 2752/2752 2769/2769
f 2769/2769 2752/2752 2768/2768
f 2752/2752 2748/2748 2768/2768
f 2748/2748 2750/2750 2768/2768
f 2768/2768 2750/2750 2771/2771
f 2771/2771 2750/2750 2774/2774
f 2750/2750 2753/2753 2774/2774
f 2774/2774 2753/2753 2772/2772
f 2753/2753 2741/2741 2772/2772
f 2741/2741 2714/2714 2772/2772
f 2714/2714 2773/2773 2772/2772
f 2612/2612 2611/2611 2622/2622
f 2622/2622 2611/2611 2617/2617
f 2611/2611 2613/2613 2617/2617
f 2607/2607 2608/2608 2623/2623
f 2623/2623 2608/2608 2615/2615
f 2608/2608 2617/2617 2615/2615
f 2617/2617 2613/2613 2615/2615
f 2613/2613 2614/2614 2615/2615
f 2615/2615 2614/2614 2616/2616
f 2614/2614 2618/2618 2616/2616
f 2618/2618 2619/2619 2616/2616
f 2616/2616 2619/2619 2620/2620
f 2620/2620 2619/2619 2675/2675
f 2619/2619 2618/2618 2675/2675
f 2618/2618 2677/2677 2675/2675
f 288/288 262/262 274/274
f 274/274 262/262 272/272
f 272/272 262/262 261/261
f 260/260 261/261 244/244
f 261/261 262/262 244/244
f 262/262 275/275 244/244
f 275/275 241/241 244/244
f 244/244 241/241 240/240
f 241/241 229/229 240/240
f 229/229 228/228 240/240
f 240/240 228/228 233/233
f 228/228 214/214 233/233
f 214/214 212/212 233/233
f 233/233 212/212 234/234
f 234/234 212/212 210/210
f 210/210 212/212 211/211
f 211/211 212/212 213/213
f 212/212 214/214 213/213
f 214/214 215/215 213/213
f 215/215 289/289 213/213
f 3518/3518 3517/3517 3483/3483
f 3517/3517 3471/3471 3483/3483
f 3483/3483 3471/3471 3472/3472
f 3471/3471 3465/3465 3472/3472
f 3472/3472 3465/3465 3467/3467
f 3465/3465 3466/3466 3467/3467
f 4271/4271 4272/4272 4273/4273
f 3475/3475 3474/3474 3473/3473
f 3474/3474 3466/3466 3473/3473
f 3466/3466 3468/3468 3473/3473
f 2686/2686 2687/2687 2688/2688
f 2688/2688 2687/2687 2703/2703
f 2687/2687 2702/2702 2703/2703
f 2703/2703 2702/2702 2712/2712
f 2702/2702 2706/2706 2712/2712
f 2706/2706 2721/2721 2712/2712
f 2712/2712 2721/2721 2724/2724
f 2721/2721 2723/2723 2724/2724
f 2724/2724 2723/2723 2725/2725
f 2723/2723 2726/2726 2725/2725
f 2726/2726 2728/2728 2725/2725
f 2725/2725 2728/2728 2729/2729
f 2729/2729 2728/2728 2730/2730
f 2730/2730 2728/2728 2734/2734
f 2728/2728 2733/2733 2734/2734
f 2734/2734 2733/2733 2738/2738
f 2738/2738 2733/2733 2735/2735
f 2733/2733 2732/2732 2735/2735
f 2732/2732 2736/2736 2735/2735
f 2736/2736 2744/2744 2735/2735
f 2744/2744 2746/2746 2735/2735
f 2735/2735 2746/2746 2758/2758
f 2746/2746 2757/2757 2758/2758
f 4707/4707 4713/4713 4694/4694
f 4713/4713 4692/4692 4694/4694
f 4694/4694 4692/4692 4688/4688
f 4692/4692 4570/4570 4688/4688
f 4688/4688 4570/4570 4557/4557
f 4570/4570 4556/4556 4557/4557
f 4556/4556 4555/4555 4557/4557
f 4557/4557 4555/4555 4558/4558
f 4558/4558 4555/4555 4559/4559
f 4555/4555 4711/4711 4559/4559
f 4559/4559 4711/4711 4562/4562
f 4562/4562 4711/4711 4571/4571
f 4571/4571 4711/4711 4551/4551
f 4711/4711 4553/4553 4551/4551
f 4550/4550 4551/4551 4552/4552
f 4551/4551 4553/4553 4552/4552
f 4553/4553 4554/4554 4552/4552
f 4554/4554 4572/4572 4552/4552
f 4552/4552 4572/4572 4573/4573
f 4572/4572 4639/4639 4573/4573
f 4573/4573 4639/4639 4576/4576
f 4780/4780 4782/4782 4783/4783
f 4782/4782 4784/4784 4783/4783
f 4783/4783 4784/4784 4785/4785
f 4634/4634 4630/4630 4581/4581
f 4630/4630 4629/4629 4581/4581
f 4629/4629 4627/4627 4581/4581
f 4627/4627 4583/4583 4581/4581
f 4581/4581 4583/4583 4582/4582
f 4582/4582 4583/4583 4584/4584
f 4583/4583 4626/4626 4584/4584
f 4584/4584 4626/4626 4586/4586
f 2604/2604 2603/2603 2591/2591
f 2591/2591 2603/2603 2589/2589
f 2589/2589 2603/2603 2588/2588
f 2603/2603 2605/2605 2588/2588
f 2605/2605 2606/2606 2588/2588
f 2588/2588 2606/2606 2595/2595
f 2595/2595 2606/2606 2600/2600
f 2606/2606 2622/2622 2600/2600
f 2622/2622 2617/2617 2600/2600
f 2600/2600 2617/2617 2596/2596
f 2617/2617 2608/2608 2596/2596
f 2596/2596 2608/2608 2594/2594
f 2608/2608 2607/2607 2594/2594
f 2594/2594 2607/2607 2602/2602
f 2602/2602 2607/2607 2624/2624
f 2607/2607 2623/2623 2624/2624
f 2624/2624 2623/2623 2633/2633
f 2633/2633 2623/2623 2632/2632
f 2623/2623 2615/2615 2632/2632
f 2615/2615 2616/2616 2632/2632
f 2616/2616 2620/2620 2632/2632
f 2632/2632 2620/2620 2656/2656
f 2620/2620 2675/2675 2656/2656
f 2675/2675 2670/2670 2656/2656
f 2655/2655 2656/2656 2669/2669
f 2656/2656 2670/2670 2669/2669
f 272/272 261/261 268/268
f 261/261 260/260 268/268
f 268/268 260/260 259/259
f 259/259 260/260 246/246
f 260/260 244/244 246/246
f 244/244 240/240 246/246
f 240/240 233/233 246/246
f 233/233 234/234 246/246
f 246/246 234/234 247/247
f 247/247 234/234 248/248
f 248/248 234/234 239/239
f 239/239 234/234 232/232
f 234/234 210/210 232/232
f 232/232 210/210 209/209
f 209/209 210/210 208/208
f 210/210 211/211 208/208
f 3521/3521 3522/3522 3519/3519
f 3519/3519 3522/3522 3501/3501
f 3522/3522 3518/3518 3501/3501
f 3518/3518 3483/3483 3501/3501
f 3487/3487 3501/3501 3484/3484
f 3501/3501 3483/3483 3484/3484
f 3484/3484 3483/3483 3481/3481
f 3483/3483 3472/3472 3481/3481
f 3472/3472 3467/3467 3481/3481
f 3486/3486 3481/3481 3479/3479
f 3481/3481 3467/3467 3479/3479
f 3467/3467 3474/3474 3479/3479
f 3479/3479 3474/3474 3477/3477
f 3474/3474 3475/3475 3477/3477
f 3477/3477 3475/3475 3480/3480
f 3480/3480 3475/3475 3478/3478
f 3478/3478 3475/3475 3476/3476
f 3475/3475 3473/3473 3476/3476
f 2688/2688 2703/2703 2715/2715
f 2715/2715 2703/2703 2713/2713
f 2703/2703 2712/2712 2713/2713
f 2713/2713 2712/2712 2717/2717
f 2712/2712 2724/2724 2717/2717
f 2717/2717 2724/2724 2719/2719
f 2719/2719 2724/2724 2755/2755
f 2767/2767 2755/2755 2737/2737
f 2755/2755 2724/2724 2737/2737
f 2724/2724 2725/2725 2737/2737
f 2725/2725 2729/2729 2737/2737
f 2729/2729 2730/2730 2737/2737
f 2737/2737 2730/2730 2759/2759
f 2759/2759 2730/2730 2739/2739
f 2730/2730 2734/2734 2739/2739
f 2734/2734 2738/2738 2739/2739
f 2738/2738 2735/2735 2739/2739
f 2739/2739 2735/2735 2764/2764
f 2735/2735 2758/2758 2764/2764
f 4708/4708 4707/4707 4706/4706
f 4707/4707 4694/4694 4706/4706
f 4706/4706 4694/4694 4664/4664
f 4694/4694 4688/4688 4664/4664
f 4664/4664 4688/4688 4569/4569
f 4688/4688 4557/4557 4569/4569
f 4557/4557 4558/4558 4569/4569
f 4661/4661 4569/4569 4560/4560
f 4569/4569 4558/4558 4560/4560
f 4558/4558 4559/4559 4560/4560
f 4560/4560 4559/4559 4561/4561
f 4559/4559 4562/4562 4561/4561
f 4561/4561 4562/4562 4563/4563
f 4563/4563 4562/4562 4564/4564
f 4562/4562 4571/4571 4564/4564
f 4564/4564 4571/4571 4662/4662
f 4662/4662 4571/4571 4548/4548
f 4571/4571 4551/4551 4548/4548
f 4551/4551 4550/4550 4548/4548
f 4548/4548 4550/4550 4549/4549
f 4549/4549 4550/4550 4636/4636
f 4550/4550 4552/4552 4636/4636
f 4636/4636 4552/4552 4574/4574
f 4552/4552 4573/4573 4574/4574
f 4574/4574 4573/4573 4575/4575
f 4573/4573 4576/4576 4575/4575
f 4575/4575 4576/4576 4577/4577
f 4576/4576 4634/4634 4577/4577
f 4634/4634 4581/4581 4577/4577
f 4577/4577 4581/4581 4580/4580
f 4581/4581 4582/4582 4580/4580
f 4580/4580 4582/4582 4628/4628
f 4628/4628 4582/4582 4585/4585
f 4582/4582 4584/4584 4585/4585
f 4584/4584 4586/4586 4585/4585
f 4585/4585 4586/4586 4587/4587
f 2591/2591 2589/2589 2590/2590
f 2590/2590 2589/2589 2586/2586
f 2589/2589 2588/2588 2586/2586
f 2586/2586 2588/2588 2585/2585
f 2588/2588 2595/2595 2585/2585
f 2585/2585 2595/2595 2587/2587
f 2595/2595 2600/2600 2587/2587
f 2600/2600 2596/2596 2587/2587
f 2596/2596 2594/2594 2587/2587
f 2587/2587 2594/2594 2584/2584
f 2584/2584 2594/2594 2592/2592
f 2592/2592 2594/2594 2598/2598
f 2594/2594 2602/2602 2598/2598
f 2598/2598 2602/2602 2625/2625
f 2602/2602 2624/2624 2625/2625
f 2626/2626 2625/2625 2634/2634
f 2625/2625 2624/2624 2634/2634
f 2624/2624 2633/2633 2634/2634
f 2633/2633 2632/2632 2634/2634
f 2632/2632 2656/2656 2634/2634
f 2656/2656 2655/2655 2634/2634
f 2634/2634 2655/2655 2651/2651
f 2651/2651 2655/2655 2668/2668
f 2655/2655 2669/2669 2668/2668
f 268/268 259/259 269/269
f 269/269 259/259 258/258
f 259/259 246/246 258/258
f 246/246 247/247 258/258
f 247/247 248/248 258/258
f 258/258 248/248 263/263
f 263/263 248/248 250/250
f 248/248 239/239 250/250
f 250/250 239/239 242/242
f 239/239 232/232 242/242
f 242/242 232/232 231/231
f 232/232 209/209 231/231
f 231/231 209/209 207/207
f 209/209 208/208 207/207
f 207/207 208/208 206/206
f 3514/3514 3515/3515 3509/3509
f 3515/3515 3524/3524 3509/3509
f 3524/3524 3521/3521 3509/3509
f 3521/3521 3519/3519 3509/3509
f 3519/3519 3501/3501 3509/3509
f 3501/3501 3487/3487 3509/3509
f 3509/3509 3487/3487 3488/3488
f 3488/3488 3487/3487 3485/3485
f 3487/3487 3484/3484 3485/3485
f 3484/3484 3481/3481 3485/3485
f 3481/3481 3486/3486 3485/3485
f 3485/3485 3486/3486 3499/3499
f 3499/3499 3486/3486 3482/3482
f 3486/3486 3479/3479 3482/3482
f 3479/3479 3477/3477 3482/3482
f 3477/3477 3480/3480 3482/3482
f 3482/3482 3480/3480 3511/3511
f 3480/3480 3478/3478 3511/3511
f 3511/3511 3478/3478 3512/3512
f 3478/3478 3476/3476 3512/3512
f 3512/3512 3476/3476 3513/3513
f 2715/2715 2713/2713 2716/2716
f 2713/2713 2717/2717 2716/2716
f 2716/2716 2717/2717 2718/2718
f 2717/2717 2719/2719 2718/2718
f 2718/2718 2719/2719 2720/2720
f 3436/3436 3435/3435 3298/3298
f 3298/3298 3435/3435 3307/3307
f 3435/3435 3327/3327 3307/3307
f 3307/3307 3327/3327 3323/3323
f 3323/3323 3327/3327 3364/3364
f 2767/2767 2737/2737 2765/2765
f 2737/2737 2759/2759 2765/2765
f 4284/4284 4285/4285 4286/4286
f 2739/2739 2764/2764 2765/2765
f 3364/3364 3431/3431 3368/3368
f 3431/3431 3415/3415 3368/3368
f 3415/3415 3412/3412 3368/3368
f 3368/3368 3412/3412 3361/3361
f 3361/3361 3412/3412 3403/3403
f 4664/4664 4569/4569 4663/4663
f 4569/4569 4661/4661 4663/4663
f 3403/3403 3418/3418 3384/3384
f 3384/3384 3418/3418 3393/3393
f 4661/4661 4560/4560 4568/4568
f 4560/4560 4561/4561 4568/4568
f 4568/4568 4561/4561 4565/4565
f 4561/4561 4563/4563 4565/4565
f 4565/4565 4563/4563 4566/4566
f 4566/4566 4563/4563 4567/4567
f 4563/4563 4564/4564 4567/4567
f 4567/4567 4564/4564 4691/4691
f 4564/4564 4662/4662 4691/4691
f 4691/4691 4662/4662 4637/4637
f 4662/4662 4548/4548 4637/4637
f 4637/4637 4548/4548 4545/4545
f 4545/4545 4548/4548 4547/4547
f 4548/4548 4549/4549 4547/4547
f 4547/4547 4549/4549 4659/4659
f 4549/4549 4636/4636 4659/4659
f 4617/4617 4659/4659 4618/4618
f 4618/4618 4659/4659 4619/4619
f 4791/4791 4792/4792 4793/4793
f 4792/4792 4794/4794 4793/4793
f 4793/4793 4794/4794 4795/4795
f 4574/4574 4575/4575 4635/4635
f 4635/4635 4575/4575 4578/4578
f 4575/4575 4577/4577 4578/4578
f 4578/4578 4577/4577 4579/4579
f 4577/4577 4580/4580 4579/4579
f 4709/4709 4579/4579 4717/4717
f 4579/4579 4580/4580 4717/4717
f 4580/4580 4628/4628 4717/4717
f 4717/4717 4628/4628 4589/4589
f 4628/4628 4585/4585 4589/4589
f 4589/4589 4585/4585 4588/4588
f 4585/4585 4587/4587 4588/4588
f 4587/4587 4625/4625 4588/4588
f 4588/4588 4625/4625 4624/4624
f 2586/2586 2585/2585 2583/2583
f 2583/2583 2585/2585 2582/2582
f 2585/2585 2587/2587 2582/2582
f 2587/2587 2584/2584 2582/2582
f 2582/2582 2584/2584 2581/2581
f 2584/2584 2592/2592 2581/2581
f 2580/2580 2581/2581 2593/2593
f 2581/2581 2592/2592 2593/2593
f 2593/2593 2592/2592 2599/2599
f 2592/2592 2598/2598 2599/2599
f 2598/2598 2625/2625 2599/2599
f 2625/2625 2626/2626 2599/2599
f 2599/2599 2626/2626 2627/2627
f 2627/2627 2626/2626 2628/2628
f 2628/2628 2626/2626 2636/2636
f 2636/2636 2626/2626 2635/2635
f 2626/2626 2634/2634 2635/2635
f 2634/2634 2651/2651 2635/2635
f 2635/2635 2651/2651 2652/2652
f 2652/2652 2651/2651 2663/2663
f 2651/2651 2668/2668 2663/2663
f 269/269 258/258 273/273
f 258/258 263/263 273/273
f 2663/2663 2674/2674 2658/2658
f 2658/2658 2674/2674 2672/2672
f 263/263 250/250 266/266
f 267/267 266/266 251/251
f 266/266 250/250 251/251
f 250/250 242/242 251/251
f 255/255 251/251 243/243
f 251/251 242/242 243/243
f 242/242 231/231 243/243
f 243/243 231/231 227/227
f 227/227 231/231 203/203
f 231/231 207/207 203/203
f 207/207 206/206 203/203
f 203/203 206/206 204/204
f 3524/3524 3515/3515 3520/3520
f 3515/3515 3514/3514 3520/3520
f 3520/3520 3514/3514 3507/3507
f 3507/3507 3514/3514 3491/3491
f 3514/3514 3509/3509 3491/3491
f 3509/3509 3488/3488 3491/3491
f 3491/3491 3488/3488 3490/3490
f 3490/3490 3488/3488 3489/3489
f 3488/3488 3485/3485 3489/3489
f 3485/3485 3499/3499 3489/3489
f 3489/3489 3499/3499 3506/3506
f 3499/3499 3482/3482 3506/3506
f 3304/3304 3279/3279 3277/3277
f 3266/3266 3277/3277 3268/3268
f 3277/3277 3279/3279 3268/3268
f 3268/3268 3279/3279 3269/3269
f 3279/3279 3294/3294 3269/3269
f 3294/3294 3322/3322 3269/3269
f 3322/3322 3297/3297 3269/3269
f 3269/3269 3297/3297 3270/3270
f 3297/3297 3298/3298 3270/3270
f 3270/3270 3298/3298 3274/3274
f 3298/3298 3307/3307 3274/3274
f 3274/3274 3307/3307 3292/3292
f 3307/3307 3323/3323 3292/3292
f 3323/3323 3364/3364 3292/3292
f 3292/3292 3364/3364 3330/3330
f 3364/3364 3368/3368 3330/3330
f 3368/3368 3361/3361 3330/3330
f 3330/3330 3361/3361 3317/3317
f 3317/3317 3361/3361 3337/3337
f 3361/3361 3403/3403 3337/3337
f 3403/3403 3384/3384 3337/3337
f 3384/3384 3358/3358 3337/3337
f 3337/3337 3358/3358 3336/3336
f 3336/3336 3358/3358 3360/3360
f 3358/3358 3384/3384 3360/3360
f 3384/3384 3393/3393 3360/3360
f 3393/3393 3410/3410 3360/3360
f 3410/3410 3405/3405 3360/3360
f 3357/3357 3360/3360 3379/3379
f 3360/3360 3405/3405 3379/3379
f 3379/3379 3405/3405 3422/3422
f 4566/4566 4567/4567 4665/4665
f 4775/4775 4778/4778 4779/4779
f 4665/4665 4657/4657 4642/4642
f 4642/4642 4657/4657 4641/4641
f 4778/4778 4775/4775 4777/4777
f 4775/4775 4776/4776 4777/4777
f 4691/4691 4637/4637 4641/4641
f 4641/4641 4637/4637 4543/4543
f 4637/4637 4545/4545 4543/4543
f 4543/4543 4545/4545 4544/4544
f 4544/4544 4545/4545 4546/4546
f 4545/4545 4547/4547 4546/4546
f 4547/4547 4659/4659 4546/4546
f 4790/4790 4789/4789 4786/4786
f 4786/4786 4789/4789 4787/4787
f 4615/4615 4617/4617 4616/4616
f 4617/4617 4618/4618 4616/4616
f 4618/4618 4619/4619 4616/4616
f 4619/4619 4635/4635 4616/4616
f 4621/4621 4616/4616 4716/4716
f 4616/4616 4635/4635 4716/4716
f 4635/4635 4578/4578 4716/4716
f 4827/4827 4828/4828 4829/4829
f 4578/4578 4579/4579 4660/4660
f 4579/4579 4709/4709 4660/4660
f 4660/4660 4709/4709 4623/4623
f 4623/4623 4709/4709 4590/4590
f 4709/4709 4717/4717 4590/4590
f 4717/4717 4589/4589 4590/4590
f 4589/4589 4588/4588 4590/4590
f 4590/4590 4588/4588 4591/4591
f 4591/4591 4588/4588 4592/4592
f 4588/4588 4624/4624 4592/4592
f 2583/2583 2582/2582 2578/2578
f 2582/2582 2581/2581 2578/2578
f 2581/2581 2580/2580 2578/2578
f 2575/2575 2578/2578 2574/2574
f 2578/2578 2580/2580 2574/2574
f 2580/2580 2593/2593 2574/2574
f 2574/2574 2593/2593 2597/2597
f 2593/2593 2599/2599 2597/2597
f 2599/2599 2627/2627 2597/2597
f 2627/2627 2628/2628 2597/2597
f 2597/2597 2628/2628 2601/2601
f 2601/2601 2628/2628 2629/2629
f 2629/2629 2628/2628 2638/2638
f 2638/2638 2628/2628 2637/2637
f 2628/2628 2636/2636 2637/2637
f 2636/2636 2635/2635 2637/2637
f 2635/2635 2652/2652 2637/2637
f 2637/2637 2652/2652 2649/2649
f 2652/2652 2663/2663 2649/2649
f 2663/2663 2658/2658 2649/2649
f 2649/2649 2658/2658 2650/2650
f 2650/2650 2658/2658 2657/2657
f 2658/2658 2672/2672 2657/2657
f 2672/2672 2671/2671 2657/2657
f 2657/2657 2671/2671 2667/2667
f 267/267 251/251 270/270
f 251/251 255/255 270/270
f 270/270 255/255 271/271
f 271/271 255/255 256/256
f 256/256 255/255 245/245
f 255/255 243/243 245/245
f 243/243 227/227 245/245
f 245/245 227/227 226/226
f 227/227 203/203 226/226
f 203/203 202/202 226/226
f 225/225 226/226 200/200
f 226/226 202/202 200/200
f 205/205 200/200 199/199
f 199/199 200/200 201/201
f 200/200 202/202 201/201
f 202/202 203/203 201/201
f 203/203 204/204 201/201
f 3520/3520 3507/3507 3523/3523
f 3523/3523 3507/3507 3516/3516
f 3516/3516 3507/3507 3508/3508
f 3508/3508 3507/3507 3492/3492
f 3507/3507 3491/3491 3492/3492
f 3491/3491 3490/3490 3492/3492
f 3492/3492 3490/3490 3493/3493
f 3493/3493 3490/3490 3498/3498
f 3490/3490 3489/3489 3498/3498
f 3489/3489 3506/3506 3498/3498
f 3287/3287 3277/3277 3265/3265
f 3277/3277 3266/3266 3265/3265
f 3265/3265 3266/3266 3264/3264
f 3266/3266 3268/3268 3264/3264
f 3268/3268 3269/3269 3264/3264
f 3269/3269 3270/3270 3264/3264
f 3270/3270 3274/3274 3264/3264
f 3264/3264 3274/3274 3263/3263
f 3263/3263 3274/3274 3291/3291
f 3274/3274 3292/3292 3291/3291
f 3292/3292 3330/3330 3291/3291
f 3330/3330 3317/3317 3291/3291
f 3291/3291 3317/3317 3312/3312
f 3317/3317 3337/3337 3312/3312
f 3337/3337 3336/3336 3312/3312
f 3312/3312 3336/3336 3331/3331
f 3336/3336 3360/3360 3331/3331
f 3360/3360 3357/3357 3331/3331
f 3331/3331 3357/3357 3342/3342
f 3342/3342 3357/3357 3353/3353
f 3353/3353 3357/3357 3380/3380
f 3357/3357 3379/3379 3380/3380
f 3379/3379 3422/3422 3380/3380
f 3380/3380 3422/3422 3421/3421
f 4665/4665 4642/4642 4644/4644
f 4644/4644 4642/4642 4643/4643
f 4643/4643 4642/4642 4542/4542
f 4642/4642 4641/4641 4542/4542
f 4641/4641 4543/4543 4542/4542
f 4542/4542 4543/4543 4541/4541
f 4543/4543 4544/4544 4541/4541
f 4541/4541 4544/4544 4669/4669
f 4768/4768 4769/4769 4770/4770
f 4770/4770 4769/4769 4771/4771
f 4544/4544 4546/4546 4638/4638
f 4786/4786 4787/4787 4788/4788
f 4638/4638 4615/4615 4620/4620
f 4620/4620 4615/4615 4612/4612
f 4612/4612 4615/4615 4614/4614
f 4615/4615 4616/4616 4614/4614
f 4616/4616 4621/4621 4614/4614
f 4601/4601 4614/4614 4600/4600
f 4614/4614 4621/4621 4600/4600
f 4621/4621 4716/4716 4600/4600
f 4716/4716 4660/4660 4600/4600
f 4660/4660 4623/4623 4600/4600
f 4600/4600 4623/4623 4599/4599
f 4599/4599 4623/4623 4594/4594
f 4623/4623 4590/4590 4594/4594
f 4595/4595 4594/4594 4593/4593
f 4594/4594 4590/4590 4593/4593
f 4590/4590 4591/4591 4593/4593
f 2579/2579 2578/2578 2577/2577
f 2578/2578 2575/2575 2577/2577
f 2577/2577 2575/2575 2573/2573
f 2575/2575 2574/2574 2573/2573
f 2573/2573 2574/2574 2571/2571
f 2574/2574 2597/2597 2571/2571
f 2597/2597 2601/2601 2571/2571
f 2601/2601 2629/2629 2571/2571
f 2571/2571 2629/2629 2570/2570
f 2570/2570 2629/2629 2630/2630
f 2630/2630 2629/2629 2639/2639
f 2629/2629 2638/2638 2639/2639
f 2638/2638 2637/2637 2639/2639
f 2637/2637 2649/2649 2639/2639
f 2649/2649 2650/2650 2639/2639
f 2639/2639 2650/2650 2640/2640
f 2650/2650 2657/2657 2640/2640
f 2640/2640 2657/2657 2647/2647
f 2657/2657 2667/2667 2647/2647
f 2667/2667 2664/2664 2647/2647
f 2647/2647 2664/2664 2659/2659
f 271/271 256/256 277/277
f 277/277 256/256 254/254
f 256/256 245/245 254/254
f 254/254 245/245 238/238
f 245/245 226/226 238/238
f 226/226 225/225 238/238
f 238/238 225/225 237/237
f 237/237 225/225 220/220
f 225/225 200/200 220/220
f 200/200 205/205 220/220
f 220/220 205/205 219/219
f 219/219 205/205 218/218
f 218/218 205/205 217/217
f 205/205 199/199 217/217
f 3037/3037 3039/3039 3035/3035
f 3039/3039 3040/3040 3035/3035
f 3040/3040 3041/3041 3035/3035
f 3041/3041 3042/3042 3035/3035
f 3510/3510 3508/3508 3495/3495
f 3508/3508 3492/3492 3495/3495
f 3495/3495 3492/3492 3494/3494
f 3492/3492 3493/3493 3494/3494
f 3494/3494 3493/3493 3505/3505
f 3493/3493 3498/3498 3505/3505
f 3287/3287 3265/3265 3267/3267
f 3267/3267 3265/3265 3262/3262
f 3265/3265 3264/3264 3262/3262
f 3264/3264 3263/3263 3262/3262
f 3262/3262 3263/3263 3260/3260
f 3260/3260 3263/3263 3293/3293
f 3263/3263 3291/3291 3293/3293
f 3291/3291 3312/3312 3293/3293
f 3293/3293 3312/3312 3313/3313
f 3312/3312 3331/3331 3313/3313
f 3331/3331 3342/3342 3313/3313
f 3313/3313 3342/3342 3324/3324
f 3342/3342 3353/3353 3324/3324
f 3324/3324 3353/3353 3339/3339
f 3353/3353 3380/3380 3339/3339
f 3339/3339 3380/3380 3381/3381
f 3380/3380 3421/3421 3381/3381
f 3381/3381 3421/3421 3417/3417
f 4644/4644 4643/4643 4645/4645
f 4645/4645 4643/4643 4646/4646
f 1356/1356 1371/1371 1357/1357
f 1371/1371 1372/1372 1357/1357
f 4542/4542 4541/4541 4539/4539
f 4539/4539 4541/4541 4537/4537
f 4537/4537 4541/4541 4534/4534
f 4541/4541 4669/4669 4534/4534
f 4534/4534 4669/4669 4533/4533
f 4669/4669 4668/4668 4533/4533
f 4533/4533 4668/4668 4535/4535
f 4770/4770 4771/4771 4772/4772
f 4771/4771 4773/4773 4772/4772
f 4772/4772 4773/4773 4774/4774
f 4620/4620 4612/4612 4670/4670
f 4608/4608 4670/4670 4607/4607
f 4670/4670 4612/4612 4607/4607
f 4607/4607 4612/4612 4604/4604
f 4612/4612 4614/4614 4604/4604
f 4614/4614 4601/4601 4604/4604
f 4604/4604 4601/4601 4603/4603
f 4603/4603 4601/4601 4602/4602
f 4602/4602 4601/4601 4598/4598
f 4601/4601 4600/4600 4598/4598
f 4600/4600 4599/4599 4598/4598
f 4599/4599 4594/4594 4598/4598
f 4594/4594 4597/4597 4598/4598
f 4598/4598 4597/4597 4622/4622
f 4622/4622 4597/4597 4596/4596
f 4597/4597 4594/4594 4596/4596
f 4594/4594 4595/4595 4596/4596
f 2572/2572 2576/2576 2569/2569
f 2576/2576 2577/2577 2569/2569
f 2577/2577 2573/2573 2569/2569
f 2573/2573 2571/2571 2569/2569
f 2571/2571 2570/2570 2569/2569
f 2569/2569 2570/2570 2567/2567
f 2567/2567 2570/2570 2631/2631
f 2570/2570 2630/2630 2631/2631
f 2630/2630 2639/2639 2631/2631
f 2639/2639 2640/2640 2631/2631
f 2631/2631 2640/2640 2641/2641
f 2640/2640 2647/2647 2641/2641
f 2642/2642 2641/2641 2644/2644
f 2641/2641 2647/2647 2644/2644
f 2647/2647 2659/2659 2644/2644
f 2644/2644 2659/2659 2654/2654
f 2659/2659 2673/2673 2654/2654
f 2653/2653 2654/2654 2666/2666
f 2654/2654 2673/2673 2666/2666
f 254/254 238/238 253/253
f 238/238 237/237 253/253
f 253/253 237/237 252/252
f 252/252 237/237 235/235
f 237/237 220/220 235/235
f 220/220 219/219 235/235
f 235/235 219/219 236/236
f 236/236 219/219 222/222
f 219/219 218/218 222/222
f 222/222 218/218 223/223
f 223/223 218/218 224/224
f 218/218 217/217 224/224
f 3036/3036 3037/3037 3025/3025
f 3037/3037 3035/3035 3025/3025
f 3024/3024 3025/3025 3026/3026
f 3026/3026 3025/3025 3034/3034
f 3025/3025 3035/3035 3034/3034
f 3510/3510 3495/3495 3497/3497
f 3497/3497 3495/3495 3496/3496
f 3495/3495 3494/3494 3496/3496
f 3496/3496 3494/3494 3503/3503
f 3494/3494 3505/3505 3503/3503
f 3258/3258 3267/3267 3257/3257
f 3267/3267 3262/3262 3257/3257
f 3262/3262 3260/3260 3257/3257
f 3257/3257 3260/3260 3259/3259
f 3260/3260 3293/3293 3259/3259
f 3259/3259 3293/3293 3288/3288
f 3293/3293 3313/3313 3288/3288
f 3313/3313 3324/3324 3288/3288
f 3288/3288 3324/3324 3284/3284
f 3284/3284 3324/3324 3318/3318
f 3324/3324 3339/3339 3318/3318
f 3318/3318 3339/3339 3338/3338
f 3338/3338 3339/3339 3362/3362
f 3339/3339 3381/3381 3362/3362
f 3381/3381 3417/3417 3362/3362
f 3362/3362 3417/3417 3416/3416
f 4645/4645 4646/4646 4647/4647
f 4649/4649 4647/4647 4648/4648
f 4647/4647 4646/4646 4648/4648
f 1354/1354 1356/1356 1353/1353
f 1356/1356 1357/1357 1353/1353
f 4540/4540 4539/4539 4538/4538
f 4539/4539 4537/4537 4538/4538
f 4538/4538 4537/4537 4536/4536
f 4537/4537 4534/4534 4536/4536
f 4536/4536 4534/4534 4532/4532
f 4534/4534 4533/4533 4532/4532
f 4532/4532 4533/4533 4531/4531
f 4533/4533 4535/4535 4531/4531
f 4535/4535 4670/4670 4531/4531
f 4531/4531 4670/4670 4530/4530
f 4823/4823 4822/4822 4820/4820
f 4819/4819 4820/4820 4818/4818
f 4820/4820 4822/4822 4818/4818
f 4610/4610 4608/4608 4609/4609
f 4609/4609 4608/4608 4606/4606
f 4608/4608 4607/4607 4606/4606
f 4607/4607 4604/4604 4606/4606
f 4604/4604 4603/4603 4606/4606
f 4606/4606 4603/4603 4683/4683
f 4683/4683 4603/4603 4613/4613
f 4603/4603 4602/4602 4613/4613
f 4613/4613 4602/4602 4605/4605
f 4602/4602 4598/4598 4605/4605
f 4598/4598 4622/4622 4605/4605
f 4605/4605 4622/4622 4666/4666
f 4622/4622 4596/4596 4666/4666
f 162/162 165/165 164/164
f 2572/2572 2569/2569 2566/2566
f 2569/2569 2567/2567 2566/2566
f 2566/2566 2567/2567 2562/2562
f 2562/2562 2567/2567 2563/2563
f 2567/2567 2631/2631 2563/2563
f 2563/2563 2631/2631 2564/2564
f 2631/2631 2641/2641 2564/2564
f 2641/2641 2642/2642 2564/2564
f 2564/2564 2642/2642 2643/2643
f 2642/2642 2644/2644 2643/2643
f 2643/2643 2644/2644 2645/2645
f 2644/2644 2654/2654 2645/2645
f 2654/2654 2653/2653 2645/2645
f 2645/2645 2653/2653 2646/2646
f 2646/2646 2653/2653 2648/2648
f 2653/2653 2666/2666 2648/2648
f 2666/2666 2665/2665 2648/2648
f 2648/2648 2665/2665 2660/2660
f 252/252 235/235 264/264
f 264/264 235/235 265/265
f 235/235 236/236 265/265
f 265/265 236/236 249/249
f 236/236 222/222 249/249
f 249/249 222/222 257/257
f 222/222 276/276 257/257
f 257/257 276/276 280/280
f 283/283 280/280 281/281
f 280/280 276/276 281/281
f 281/281 276/276 286/286
f 276/276 222/222 286/286
f 222/222 223/223 286/286
f 3008/3008 3038/3038 3009/3009
f 3038/3038 3036/3036 3009/3009
f 3036/3036 3025/3025 3009/3009
f 3025/3025 3024/3024 3009/3009
f 3009/3009 3024/3024 3017/3017
f 3017/3017 3024/3024 3023/3023
f 3023/3023 3024/3024 3031/3031
f 3024/3024 3026/3026 3031/3031
f 3026/3026 3034/3034 3031/3031
f 3497/3497 3496/3496 3500/3500
f 3500/3500 3496/3496 3502/3502
f 3496/3496 3503/3503 3502/3502
f 3156/3156 3258/3258 3155/3155
f 3258/3258 3257/3257 3155/3155
f 3155/3155 3257/3257 3256/3256
f 3257/3257 3259/3259 3256/3256
f 3259/3259 3288/3288 3256/3256
f 3288/3288 3284/3284 3256/3256
f 3256/3256 3284/3284 3283/3283
f 3284/3284 3318/3318 3283/3283
f 3283/3283 3318/3318 3309/3309
f 3318/3318 3338/3338 3309/3309
f 3335/3335 3309/3309 3354/3354
f 3309/3309 3338/3338 3354/3354
f 3338/3338 3362/3362 3354/3354
f 3362/3362 3416/3416 3354/3354
f 3354/3354 3416/3416 3404/3404
f 3404/3404 3416/3416 3387/3387
f 4647/4647 4649/4649 4650/4650
f 4650/4650 4649/4649 4651/4651
f 1338/1338 1340/1340 1339/1339
f 1340/1340 1354/1354 1339/1339
f 1354/1354 1353/1353 1339/1339
f 1339/1339 1353/1353 1347/1347
f 1353/1353 1355/1355 1347/1347
f 1347/1347 1355/1355 1362/1362
f 1355/1355 1363/1363 1362/1362
f 1363/1363 1375/1375 1362/1362
f 1362/1362 1375/1375 1374/1374
f 4532/4532 4531/4531 4529/4529
f 4531/4531 4530/4530 4529/4529
f 4528/4528 4529/4529 4527/4527
f 4529/4529 4530/4530 4527/4527
f 4530/4530 4671/4671 4527/4527
f 4527/4527 4671/4671 4524/4524
f 4523/4523 4524/4524 4522/4522
f 4524/4524 4671/4671 4522/4522
f 4819/4819 4818/4818 4813/4813
f 4818/4818 4816/4816 4813/4813
f 4813/4813 4816/4816 4814/4814
f 4814/4814 4816/4816 4817/4817
f 4609/4609 4606/4606 4611/4611
f 4606/4606 4683/4683 4611/4611
f 4824/4824 4825/4825 4826/4826
f 156/156 158/158 157/157
f 158/158 159/159 157/157
f 159/159 160/160 157/157
f 157/157 160/160 161/161
f 160/160 162/162 161/161
f 162/162 164/164 161/161
f 2568/2568 2566/2566 2558/2558
f 2566/2566 2562/2562 2558/2558
f 2551/2551 2558/2558 2535/2535
f 2558/2558 2562/2562 2535/2535
f 2562/2562 2563/2563 2535/2535
f 2563/2563 2564/2564 2535/2535
f 2535/2535 2564/2564 2534/2534
f 2564/2564 2643/2643 2534/2534
f 2643/2643 2645/2645 2534/2534
f 2645/2645 2646/2646 2534/2534
f 2534/2534 2646/2646 2532/2532
f 2646/2646 2648/2648 2532/2532
f 2531/2531 2532/2532 2530/2530
f 2532/2532 2648/2648 2530/2530
f 2530/2530 2648/2648 2529/2529
f 2648/2648 2660/2660 2529/2529
f 2660/2660 2661/2661 2529/2529
f 2527/2527 2529/2529 2662/2662
f 2529/2529 2661/2661 2662/2662
f 265/265 249/249 278/278
f 249/249 257/257 278/278
f 2662/2662 2676/2676 2514/2514
f 2676/2676 2513/2513 2514/2514
f 2514/2514 2513/2513 2511/2511
f 2511/2511 2513/2513 2488/2488
f 280/280 283/283 284/284
f 2487/2487 2486/2486 2479/2479
f 2479/2479 2486/2486 2480/2480
f 295/295 294/294 293/293
f 294/294 292/292 293/293
f 293/293 292/292 285/285
f 292/292 284/284 285/285
f 284/284 283/283 285/285
f 3001/3001 2989/2989 2987/2987
f 2987/2987 2989/2989 2988/2988
f 2988/2988 2989/2989 3000/3000
f 2989/2989 3001/3001 3000/3000
f 3001/3001 3002/3002 3000/3000
f 3002/3002 3008/3008 3000/3000
f 3000/3000 3008/3008 3007/3007
f 3008/3008 3009/3009 3007/3007
f 3009/3009 3017/3017 3007/3007
f 3007/3007 3017/3017 3019/3019
f 3017/3017 3023/3023 3019/3019
f 3019/3019 3023/3023 3027/3027
f 3027/3027 3023/3023 3032/3032
f 3023/3023 3031/3031 3032/3032
f 3500/3500 3502/3502 3504/3504
f 3156/3156 3155/3155 3032/3032
f 3032/3032 3155/3155 3153/3153
f 3153/3153 3155/3155 3152/3152
f 3155/3155 3256/3256 3152/3152
f 3254/3254 3152/3152 3255/3255
f 3152/3152 3256/3256 3255/3255
f 3256/3256 3283/3283 3255/3255
f 3283/3283 3309/3309 3255/3255
f 3255/3255 3309/3309 3311/3311
f 3309/3309 3335/3335 3311/3311
f 3311/3311 3335/3335 3334/3334
f 3335/3335 3354/3354 3334/3334
f 3354/3354 3404/3404 3334/3334
f 3404/3404 3387/3387 3334/3334
f 3334/3334 3387/3387 3341/3341
f 3341/3341 3387/3387 3367/3367
f 3367/3367 3387/3387 3397/3397
f 4650/4650 4651/4651 4652/4652
f 4652/4652 4651/4651 4653/4653
f 1337/1337 1338/1338 1336/1336
f 1338/1338 1339/1339 1336/1336
f 1336/1336 1339/1339 1346/1346
f 1339/1339 1347/1347 1346/1346
f 1346/1346 1347/1347 1359/1359
f 1347/1347 1362/1362 1359/1359
f 1362/1362 1374/1374 1359/1359
f 1374/1374 1381/1381 1359/1359
f 1359/1359 1381/1381 1382/1382
f 4528/4528 4527/4527 4526/4526
f 4527/4527 4524/4524 4526/4526
f 4526/4526 4524/4524 4525/4525
f 4524/4524 4523/4523 4525/4525
f 4525/4525 4523/4523 4674/4674
f 4518/4518 4674/4674 4520/4520
f 4674/4674 4523/4523 4520/4520
f 4523/4523 4522/4522 4520/4520
f 4520/4520 4522/4522 4521/4521
f 4813/4813 4814/4814 4815/4815
f 4815/4815 4814/4814 4821/4821
f 4814/4814 4817/4817 4821/4821
f 158/158 156/156 153/153
f 153/153 156/156 155/155
f 156/156 157/157 155/155
f 155/155 157/157 166/166
f 157/157 161/161 166/166
f 2568/2568 2558/2558 2559/2559
f 2558/2558 2551/2551 2559/2559
f 2559/2559 2551/2551 2538/2538
f 2538/2538 2551/2551 2533/2533
f 2551/2551 2535/2535 2533/2533
f 2535/2535 2534/2534 2533/2533
f 2533/2533 2534/2534 2528/2528
f 2534/2534 2532/2532 2528/2528
f 2532/2532 2531/2531 2528/2528
f 2531/2531 2530/2530 2528/2528
f 2530/2530 2529/2529 2528/2528
f 2529/2529 2527/2527 2528/2528
f 2528/2528 2527/2527 2526/2526
f 2526/2526 2527/2527 2524/2524
f 2527/2527 2662/2662 2524/2524
f 2662/2662 2514/2514 2524/2524
f 2524/2524 2514/2514 2507/2507
f 2514/2514 2511/2511 2507/2507
f 2511/2511 2523/2523 2507/2507
f 7/7 8/8 9/9
f 2523/2523 2511/2511 2489/2489
f 2511/2511 2488/2488 2489/2489
f 2489/2489 2488/2488 2482/2482
f 2488/2488 2487/2487 2482/2482
f 2487/2487 2479/2479 2482/2482
f 2482/2482 2479/2479 2481/2481
f 2479/2479 2480/2480 2481/2481
f 2481/2481 2480/2480 2483/2483
f 2483/2483 2480/2480 2484/2484
f 295/295 293/293 296/296
f 298/298 296/296 297/297
f 296/296 293/293 297/297
f 2979/2979 2982/2982 2981/2981
f 2981/2981 2982/2982 2983/2983
f 2983/2983 2982/2982 2984/2984
f 2982/2982 2987/2987 2984/2984
f 2987/2987 2988/2988 2984/2984
f 2984/2984 2988/2988 3003/3003
f 2988/2988 3000/3000 3003/3003
f 3000/3000 3007/3007 3003/3003
f 3003/3003 3007/3007 3015/3015
f 3007/3007 3019/3019 3015/3015
f 3015/3015 3019/3019 3021/3021
f 3019/3019 3027/3027 3021/3021
f 3021/3021 3027/3027 3033/3033
f 3027/3027 3032/3032 3033/3033
f 3032/3032 3153/3153 3033/3033
f 3153/3153 3152/3152 3033/3033
f 3149/3149 3033/3033 3151/3151
f 3033/3033 3152/3152 3151/3151
f 3152/3152 3254/3254 3151/3151
f 3151/3151 3254/3254 3253/3253
f 3253/3253 3254/3254 3261/3261
f 3254/3254 3255/3255 3261/3261
f 3261/3261 3255/3255 3286/3286
f 3255/3255 3311/3311 3286/3286
f 3311/3311 3334/3334 3286/3286
f 3286/3286 3334/3334 3310/3310
f 3334/3334 3341/3341 3310/3310
f 3341/3341 3367/3367 3310/3310
f 3367/3367 3397/3397 3310/3310
f 3296/3296 3310/3310 3326/3326
f 3310/3310 3397/3397 3326/3326
f 3397/3397 3398/3398 3326/3326
f 3326/3326 3370/3370 3325/3325
f 3325/3325 3370/3370 3382/3382
f 3382/3382 3370/3370 3399/3399
f 3370/3370 3326/3326 3399/3399
f 3326/3326 3398/3398 3399/3399
f 3398/3398 3397/3397 3399/3399
f 4652/4652 4655/4655 4656/4656
f 4656/4656 4655/4655 4654/4654
f 4655/4655 4652/4652 4654/4654
f 4652/4652 4653/4653 4654/4654
f 1337/1337 1336/1336 1334/1334
f 1334/1334 1336/1336 1335/1335
f 1335/1335 1336/1336 1348/1348
f 1336/1336 1346/1346 1348/1348
f 1348/1348 1346/1346 1360/1360
f 1346/1346 1359/1359 1360/1360
f 1360/1360 1359/1359 1383/1383
f 1359/1359 1382/1382 1383/1383
f 4526/4526 4525/4525 4684/4684
f 4525/4525 4674/4674 4684/4684
f 4684/4684 4674/4674 4516/4516
f 4674/4674 4518/4518 4516/4516
f 4516/4516 4518/4518 4514/4514
f 4513/4513 4514/4514 4515/4515
f 4514/4514 4518/4518 4515/4515
f 4515/4515 4518/4518 4519/4519
f 4518/4518 4520/4520 4519/4519
f 4520/4520 4521/4521 4519/4519
f 4521/4521 4672/4672 4519/4519
f 4519/4519 4672/4672 4673/4673
f 148/148 153/153 151/151
f 153/153 155/155 151/151
f 151/151 155/155 152/152
f 2561/2561 2560/2560 2536/2536
f 2560/2560 2559/2559 2536/2536
f 2559/2559 2538/2538 2536/2536
f 2538/2538 2533/2533 2536/2536
f 2539/2539 2537/2537 2525/2525
f 2537/2537 2536/2536 2525/2525
f 2536/2536 2533/2533 2525/2525
f 2533/2533 2528/2528 2525/2525
f 2528/2528 2526/2526 2525/2525
f 2526/2526 2524/2524 2525/2525
f 2524/2524 2507/2507 2525/2525
f 2525/2525 2507/2507 2506/2506
f 2507/2507 2489/2489 2506/2506
f 2489/2489 2482/2482 2506/2506
f 2482/2482 2481/2481 2506/2506
f 2506/2506 2481/2481 2542/2542
f 2542/2542 2481/2481 2490/2490
f 2481/2481 2483/2483 2490/2490
f 2490/2490 2483/2483 2485/2485
f 2483/2483 2484/2484 2485/2485
f 296/296 298/298 299/299
f 299/299 298/298 300/300
f 300/300 298/298 302/302
f 2978/2978 2985/2985 2986/2986
f 2985/2985 2990/2990 2986/2986
f 2992/2992 2986/2986 2991/2991
f 2986/2986 2990/2990 2991/2991
f 2991/2991 2990/2990 3013/3013
f 3013/3013 2990/2990 2980/2980
f 2990/2990 2985/2985 2980/2980
f 2985/2985 2978/2978 2980/2980
f 2978/2978 2979/2979 2980/2980
f 2979/2979 2981/2981 2980/2980
f 2980/2980 2981/2981 3006/3006
f 2981/2981 2983/2983 3006/3006
f 2983/2983 2984/2984 3006/3006
f 2984/2984 3003/3003 3006/3006
f 3003/3003 3015/3015 3006/3006
f 3015/3015 3021/3021 3006/3006
f 3006/3006 3021/3021 3022/3022
f 3022/3022 3021/3021 3028/3028
f 3021/3021 3033/3033 3028/3028
f 3028/3028 3033/3033 3146/3146
f 3033/3033 3149/3149 3146/3146
f 3146/3146 3149/3149 3148/3148
f 3148/3148 3149/3149 3150/3150
f 3149/3149 3151/3151 3150/3150
f 3151/3151 3253/3253 3150/3150
f 3150/3150 3253/3253 3252/3252
f 3253/3253 3261/3261 3252/3252
f 3252/3252 3261/3261 3245/3245
f 3261/3261 3286/3286 3245/3245
f 3286/3286 3310/3310 3245/3245
f 3310/3310 3296/3296 3245/3245
f 3245/3245 3296/3296 3276/3276
f 3296/3296 3326/3326 3276/3276
f 3326/3326 3325/3325 3276/3276
f 3276/3276 3325/3325 3295/3295
f 3325/3325 3382/3382 3295/3295
f 3295/3295 3382/3382 3351/3351
f 3382/3382 3377/3377 3351/3351
f 3351/3351 3377/3377 3320/3320
f 3320/3320 3377/3377 3314/3314
f 3314/3314 3377/3377 3363/3363
f 3363/3363 3377/3377 3440/3440
f 3440/3440 3377/3377 3442/3442
f 4801/4801 4800/4800 4798/4798
f 4800/4800 4799/4799 4798/4798
f 4799/4799 4796/4796 4798/4798
f 4796/4796 4797/4797 4798/4798
f 1331/1331 1334/1334 1332/1332
f 1334/1334 1335/1335 1332/1332
f 1332/1332 1335/1335 1349/1349
f 1335/1335 1348/1348 1349/1349
f 1349/1349 1348/1348 1361/1361
f 1348/1348 1360/1360 1361/1361
f 1360/1360 1383/1383 1361/1361
f 4681/4681 4684/4684 4511/4511
f 4684/4684 4516/4516 4511/4511
f 4516/4516 4514/4514 4511/4511
f 4514/4514 4513/4513 4511/4511
f 4511/4511 4513/4513 4512/4512
f 4690/4690 4512/4512 4677/4677
f 4512/4512 4513/4513 4677/4677
f 4677/4677 4513/4513 4517/4517
f 4513/4513 4515/4515 4517/4517
f 4517/4517 4515/4515 4675/4675
f 4515/4515 4519/4519 4675/4675
f 4519/4519 4673/4673 4675/4675
f 145/145 148/148 144/144
f 148/148 151/151 144/144
f 151/151 152/152 144/144
f 2565/2565 2561/2561 2552/2552
f 2561/2561 2536/2536 2552/2552
f 2536/2536 2537/2537 2552/2552
f 2537/2537 2539/2539 2552/2552
f 2552/2552 2539/2539 2540/2540
f 2539/2539 2525/2525 2540/2540
f 2525/2525 2506/2506 2540/2540
f 2540/2540 2506/2506 2541/2541
f 2506/2506 2542/2542 2541/2541
f 2541/2541 2542/2542 2543/2543
f 2543/2543 2542/2542 2491/2491
f 2542/2542 2490/2490 2491/2491
f 2490/2490 2485/2485 2491/2491
f 2485/2485 2492/2492 2491/2491
f 2491/2491 2492/2492 2493/2493
f 300/300 302/302 301/301
f 301/301 302/302 303/303
f 2986/2986 2992/2992 2993/2993
f 2993/2993 2992/2992 2994/2994
f 2992/2992 2991/2991 2994/2994
f 2994/2994 2991/2991 3012/3012
f 2991/2991 3013/3013 3012/3012
f 3012/3012 3013/3013 3014/3014
f 3013/3013 2980/2980 3014/3014
f 2980/2980 3006/3006 3014/3014
f 3006/3006 3022/3022 3014/3014
f 3022/3022 3028/3028 3014/3014
f 3014/3014 3028/3028 3029/3029
f 3029/3029 3028/3028 3144/3144
f 3144/3144 3028/3028 3145/3145
f 3028/3028 3146/3146 3145/3145
f 3145/3145 3146/3146 3147/3147
f 3146/3146 3148/3148 3147/3147
f 3147/3147 3148/3148 3241/3241
f 3148/3148 3150/3150 3241/3241
f 3150/3150 3252/3252 3241/3241
f 3252/3252 3245/3245 3241/3241
f 3241/3241 3245/3245 3242/3242
f 3245/3245 3276/3276 3242/3242
f 4281/4281 4282/4282 4283/4283
f 3247/3247 3276/3276 3246/3246
f 3276/3276 3295/3295 3246/3246
f 3246/3246 3295/3295 3285/3285
f 3295/3295 3351/3351 3285/3285
f 3351/3351 3320/3320 3285/3285
f 3285/3285 3320/3320 3289/3289
f 3320/3320 3314/3314 3289/3289
f 3289/3289 3314/3314 3290/3290
f 3314/3314 3363/3363 3290/3290
f 3290/3290 3363/3363 3345/3345
f 3345/3345 3363/3363 3365/3365
f 3423/3423 3365/3365 3437/3437
f 3365/3365 3363/3363 3437/3437
f 3363/3363 3440/3440 3437/3437
f 1344/1344 1342/1342 1343/1343
f 1343/1343 1342/1342 1333/1333
f 1342/1342 1341/1341 1333/1333
f 1341/1341 1331/1331 1333/1333
f 1331/1331 1332/1332 1333/1333
f 1333/1333 1332/1332 1350/1350
f 1332/1332 1349/1349 1350/1350
f 1349/1349 1361/1361 1350/1350
f 1350/1350 1361/1361 1366/1366
f 4681/4681 4511/4511 4510/4510
f 4506/4506 4510/4510 4509/4509
f 4510/4510 4511/4511 4509/4509
f 4511/4511 4512/4512 4509/4509
f 4512/4512 4690/4690 4509/4509
f 4509/4509 4690/4690 4682/4682
f 4682/4682 4690/4690 4678/4678
f 4690/4690 4677/4677 4678/4678
f 4678/4678 4677/4677 4676/4676
f 4677/4677 4517/4517 4676/4676
f 4517/4517 4675/4675 4676/4676
f 146/146 145/145 129/129
f 145/145 144/144 129/129
f 128/128 129/129 137/137
f 129/129 144/144 137/137
f 2565/2565 2552/2552 2557/2557
f 2552/2552 2540/2540 2557/2557
f 2557/2557 2540/2540 2545/2545
f 2540/2540 2541/2541 2545/2545
f 2545/2545 2541/2541 2544/2544
f 2541/2541 2543/2543 2544/2544
f 2544/2544 2543/2543 2494/2494
f 2543/2543 2491/2491 2494/2494
f 2491/2491 2493/2493 2494/2494
f 2494/2494 2493/2493 2495/2495
f 2495/2495 2493/2493 2496/2496
f 301/301 303/303 304/304
f 304/304 303/303 305/305
f 305/305 303/303 306/306
f 2996/2996 2993/2993 2995/2995
f 2993/2993 2994/2994 2995/2995
f 2994/2994 3012/3012 2995/2995
f 3010/3010 2998/2998 3011/3011
f 2998/2998 2995/2995 3011/3011
f 2995/2995 3012/3012 3011/3011
f 3011/3011 3012/3012 3018/3018
f 3012/3012 3014/3014 3018/3018
f 3014/3014 3029/3029 3018/3018
f 3018/3018 3029/3029 3030/3030
f 3030/3030 3029/3029 3139/3139
f 3029/3029 3144/3144 3139/3139
f 3144/3144 3145/3145 3139/3139
f 3139/3139 3145/3145 3239/3239
f 3145/3145 3147/3147 3239/3239
f 3147/3147 3241/3241 3239/3239
f 3239/3239 3241/3241 3240/3240
f 3241/3241 3242/3242 3240/3240
f 3242/3242 3247/3247 3240/3240
f 3247/3247 3246/3246 3240/3240
f 3240/3240 3246/3246 3243/3243
f 3243/3243 3246/3246 3244/3244
f 3246/3246 3285/3285 3244/3244
f 3285/3285 3289/3289 3244/3244
f 3289/3289 3290/3290 3244/3244
f 3244/3244 3290/3290 3278/3278
f 3290/3290 3345/3345 3278/3278
f 3278/3278 3345/3345 3308/3308
f 3345/3345 3365/3365 3308/3308
f 3308/3308 3365/3365 3352/3352
f 3365/3365 3423/3423 3352/3352
f 3423/3423 3419/3419 3352/3352
f 3352/3352 3419/3419 3346/3346
f 3346/3346 3419/3419 3434/3434
f 3434/3434 3419/3419 3441/3441
f 3419/3419 3423/3423 3441/3441
f 3423/3423 3437/3437 3441/3441
f 1378/1378 1344/1344 1345/1345
f 1344/1344 1343/1343 1345/1345
f 1345/1345 1343/1343 1358/1358
f 1358/1358 1343/1343 1352/1352
f 1343/1343 1333/1333 1352/1352
f 1352/1352 1333/1333 1351/1351
f 1333/1333 1350/1350 1351/1351
f 1351/1351 1350/1350 1367/1367
f 1350/1350 1366/1366 1367/1367
f 1366/1366 1390/1390 1367/1367
f 4504/4504 4505/4505 4502/4502
f 4505/4505 4506/4506 4502/4502
f 4506/4506 4509/4509 4502/4502
f 4509/4509 4682/4682 4502/4502
f 4682/4682 4503/4503 4502/4502
f 4502/4502 4503/4503 4500/4500
f 4500/4500 4503/4503 4710/4710
f 4503/4503 4682/4682 4710/4710
f 4710/4710 4682/4682 4680/4680
f 4682/4682 4678/4678 4680/4680
f 4680/4680 4678/4678 4679/4679
f 4678/4678 4676/4676 4679/4679
f 146/146 129/129 134/134
f 134/134 129/129 127/127
f 129/129 128/128 127/127
f 127/127 128/128 126/126
f 128/128 137/137 126/126
f 2557/2557 2545/2545 2556/2556
f 2556/2556 2545/2545 2546/2546
f 2545/2545 2544/2544 2546/2546
f 2546/2546 2544/2544 2547/2547
f 2547/2547 2544/2544 2549/2549
f 2544/2544 2494/2494 2549/2549
f 2494/2494 2495/2495 2549/2549
f 2550/2550 2549/2549 2501/2501
f 2549/2549 2495/2495 2501/2501
f 1/1 2/2 3/3
f 2495/2495 2496/2496 2497/2497
f 2497/2497 2496/2496 2498/2498
f 2498/2498 2496/2496 2500/2500
f 3821/3821 3818/3818 3792/3792
f 2502/2502 2500/2500 2509/2509
f 3790/3790 3792/3792 3791/3791
f 3792/3792 3818/3818 3791/3791
f 3818/3818 3822/3822 3791/3791
f 2996/2996 2995/2995 2997/2997
f 2995/2995 2998/2998 2997/2997
f 2997/2997 2998/2998 2999/2999
f 2998/2998 3010/3010 2999/2999
f 2999/2999 3010/3010 3005/3005
f 3005/3005 3010/3010 3016/3016
f 3016/3016 3010/3010 3020/3020
f 3010/3010 3011/3011 3020/3020
f 3011/3011 3018/3018 3020/3020
f 3018/3018 3030/3030 3020/3020
f 3030/3030 3139/3139 3020/3020
f 3020/3020 3139/3139 3138/3138
f 3138/3138 3139/3139 3141/3141
f 3141/3141 3139/3139 3234/3234
f 3139/3139 3239/3239 3234/3234
f 3239/3239 3240/3240 3234/3234
f 3240/3240 3243/3243 3234/3234
f 3243/3243 3244/3244 3234/3234
f 3234/3234 3244/3244 3233/3233
f 3233/3233 3244/3244 3235/3235
f 3244/3244 3278/3278 3235/3235
f 3278/3278 3308/3308 3235/3235
f 3235/3235 3308/3308 3275/3275
f 3308/3308 3352/3352 3275/3275
f 3352/3352 3346/3346 3275/3275
f 3275/3275 3346/3346 3329/3329
f 3329/3329 3346/3346 3428/3428
f 3346/3346 3434/3434 3428/3428
f 3428/3428 3434/3434 3464/3464
f 3464/3464 3434/3434 3463/3463
f 3434/3434 3441/3441 3463/3463
f 1378/1378 1345/1345 1365/1365
f 1365/1365 1345/1345 1364/1364
f 1345/1345 1358/1358 1364/1364
f 1364/1364 1358/1358 1373/1373
f 1373/1373 1358/1358 1368/1368
f 1358/1358 1352/1352 1368/1368
f 1352/1352 1351/1351 1368/1368
f 1351/1351 1367/1367 1368/1368
f 1367/1367 1389/1389 1368/1368
f 4508/4508 4504/4504 4507/4507
f 4507/4507 4504/4504 4497/4497
f 4504/4504 4502/4502 4497/4497
f 4502/4502 4500/4500 4497/4497
f 4497/4497 4500/4500 4496/4496
f 4496/4496 4500/4500 4498/4498
f 4500/4500 4710/4710 4498/4498
f 4498/4498 4710/4710 4501/4501
f 4809/4809 4810/4810 4811/4811
f 4810/4810 4812/4812 4811/4811
f 125/125 134/134 114/114
f 134/134 127/127 114/114
f 127/127 126/126 114/114
f 114/114 126/126 113/113
f 2556/2556 2546/2546 2555/2555
f 2555/2555 2546/2546 2553/2553
f 2553/2553 2546/2546 2548/2548
f 2546/2546 2547/2547 2548/2548
f 2547/2547 2549/2549 2548/2548
f 2549/2549 2550/2550 2548/2548
f 2548/2548 2550/2550 2499/2499
f 2550/2550 2501/2501 2499/2499
f 2501/2501 2497/2497 2499/2499
f 2497/2497 2498/2498 2499/2499
f 2498/2498 2500/2500 2499/2499
f 2500/2500 2502/2502 2499/2499
f 2499/2499 2502/2502 2503/2503
f 2503/2503 2502/2502 2504/2504
f 2502/2502 2509/2509 2504/2504
f 3788/3788 3790/3790 3787/3787
f 3790/3790 3791/3791 3787/3787
f 2997/2997 2999/2999 3004/3004
f 2999/2999 3005/3005 3004/3004
f 3785/3785 3787/3787 3789/3789
f 3787/3787 3793/3793 3789/3789
f 3054/3054 3005/3005 3053/3053
f 3053/3053 3005/3005 3072/3072
f 3005/3005 3016/3016 3072/3072
f 3072/3072 3016/3016 3097/3097
f 3016/3016 3020/3020 3097/3097
f 3020/3020 3138/3138 3097/3097
f 3097/3097 3138/3138 3122/3122
f 3138/3138 3141/3141 3122/3122
f 3122/3122 3141/3141 3232/3232
f 3141/3141 3234/3234 3232/3232
f 3234/3234 3233/3233 3232/3232
f 3232/3232 3233/3233 3231/3231
f 3233/3233 3235/3235 3231/3231
f 3231/3231 3235/3235 3228/3228
f 3235/3235 3275/3275 3228/3228
f 3271/3271 3226/3226 3272/3272
f 3226/3226 3228/3228 3272/3272
f 3228/3228 3275/3275 3272/3272
f 3272/3272 3275/3275 3328/3328
f 3275/3275 3329/3329 3328/3328
f 3328/3328 3329/3329 3407/3407
f 3329/3329 3428/3428 3407/3407
f 3407/3407 3428/3428 3462/3462
f 3428/3428 3464/3464 3462/3462
f 1377/1377 1370/1370 1376/1376
f 1376/1376 1370/1370 1369/1369
f 1370/1370 1365/1365 1369/1369
f 1365/1365 1364/1364 1369/1369
f 1369/1369 1364/1364 1380/1380
f 1364/1364 1373/1373 1380/1380
f 1373/1373 1384/1384 1380/1380
f 4488/4488 4491/4491 4451/4451
f 4451/4451 4491/4491 4483/4483
f 4483/4483 4491/4491 4703/4703
f 4491/4491 4704/4704 4703/4703
f 4704/4704 4508/4508 4703/4703
f 4508/4508 4507/4507 4703/4703
f 4507/4507 4497/4497 4703/4703
f 4703/4703 4497/4497 4494/4494
f 4497/4497 4496/4496 4494/4494
f 4494/4494 4496/4496 4495/4495
f 4496/4496 4498/4498 4495/4495
f 4495/4495 4498/4498 4499/4499
f 4498/4498 4501/4501 4499/4499
f 125/125 114/114 115/115
f 115/115 114/114 78/78
f 114/114 113/113 78/78
f 78/78 113/113 110/110
f 2555/2555 2553/2553 2554/2554
f 2554/2554 2553/2553 2508/2508
f 2553/2553 2548/2548 2508/2508
f 2548/2548 2499/2499 2508/2508
f 2499/2499 2503/2503 2508/2508
f 2510/2510 2508/2508 2505/2505
f 2508/2508 2503/2503 2505/2505
f 2503/2503 2504/2504 2505/2505
f 2505/2505 2504/2504 2515/2515
f 3788/3788 3787/3787 3786/3786
f 3787/3787 3785/3785 3786/3786
f 3786/3786 3785/3785 3784/3784
f 3784/3784 3785/3785 3783/3783
f 3785/3785 3789/3789 3783/3783
f 3054/3054 3053/3053 3051/3051
f 3051/3051 3053/3053 3050/3050
f 3050/3050 3053/3053 3065/3065
f 3053/3053 3072/3072 3065/3065
f 3065/3065 3072/3072 3086/3086
f 3072/3072 3097/3097 3086/3086
f 3097/3097 3122/3122 3086/3086
f 3086/3086 3122/3122 3109/3109
f 3122/3122 3232/3232 3109/3109
f 3109/3109 3232/3232 3230/3230
f 3232/3232 3231/3231 3230/3230
f 3230/3230 3231/3231 3227/3227
f 3231/3231 3228/3228 3227/3227
f 3228/3228 3226/3226 3227/3227
f 3227/3227 3226/3226 3225/3225
f 3225/3225 3226/3226 3224/3224
f 3226/3226 3271/3271 3224/3224
f 3224/3224 3271/3271 3216/3216
f 3216/3216 3271/3271 3305/3305
f 3305/3305 3271/3271 3316/3316
f 3271/3271 3272/3272 3316/3316
f 3272/3272 3328/3328 3316/3316
f 3316/3316 3328/3328 3396/3396
f 3328/3328 3407/3407 3396/3396
f 3396/3396 3407/3407 3458/3458
f 3407/3407 3462/3462 3458/3458
f 4280/4280 4278/4278 4277/4277
f 4277/4277 4278/4278 4279/4279
f 1386/1386 1376/1376 1385/1385
f 1385/1385 1376/1376 1379/1379
f 1376/1376 1369/1369 1379/1379
f 1369/1369 1380/1380 1379/1379
f 4488/4488 4451/4451 4452/4452
f 4452/4452 4451/4451 4450/4450
f 4450/4450 4451/4451 4449/4449
f 4451/4451 4483/4483 4449/4449
f 4483/4483 4456/4456 4449/4449
f 4449/4449 4456/4456 4454/4454
f 4454/4454 4456/4456 4455/4455
f 4455/4455 4456/4456 4492/4492
f 4456/4456 4483/4483 4492/4492
f 4483/4483 4703/4703 4492/4492
f 4703/4703 4494/4494 4492/4492
f 4492/4492 4494/4494 4493/4493
f 4494/4494 4495/4495 4493/4493
f 4495/4495 4499/4499 4493/4493
f 136/136 115/115 96/96
f 115/115 78/78 96/96
f 90/90 96/96 61/61
f 96/96 78/78 61/61
f 61/61 78/78 56/56
f 78/78 110/110 56/56
f 2554/2554 2508/2508 2512/2512
f 2508/2508 2510/2510 2512/2512
f 2512/2512 2510/2510 2517/2517
f 2510/2510 2505/2505 2517/2517
f 2517/2517 2505/2505 2516/2516
f 2505/2505 2515/2515 2516/2516
f 2515/2515 2518/2518 2516/2516
f 2516/2516 2518/2518 2520/2520
f 3807/3807 3784/3784 3781/3781
f 3784/3784 3783/3783 3781/3781
f 3781/3781 3783/3783 3782/3782
f 3051/3051 3050/3050 3049/3049
f 3049/3049 3050/3050 3048/3048
f 3050/3050 3065/3065 3048/3048
f 3048/3048 3065/3065 3077/3077
f 3065/3065 3086/3086 3077/3077
f 3086/3086 3109/3109 3077/3077
f 3077/3077 3109/3109 3108/3108
f 3109/3109 3230/3230 3108/3108
f 3108/3108 3230/3230 3229/3229
f 3230/3230 3227/3227 3229/3229
f 3227/3227 3225/3225 3229/3229
f 3229/3229 3225/3225 3129/3129
f 3129/3129 3225/3225 3133/3133
f 3225/3225 3224/3224 3133/3133
f 3133/3133 3224/3224 3213/3213
f 3224/3224 3216/3216 3213/3213
f 3213/3213 3216/3216 3215/3215
f 3215/3215 3216/3216 3251/3251
f 3216/3216 3305/3305 3251/3251
f 3251/3251 3305/3305 3319/3319
f 3319/3319 3305/3305 3348/3348
f 3348/3348 3305/3305 3395/3395
f 3305/3305 3316/3316 3395/3395
f 3316/3316 3396/3396 3395/3395
f 3395/3395 3396/3396 3457/3457
f 3396/3396 3458/3458 3457/3457
f 1392/1392 1386/1386 1391/1391
f 1391/1391 1386/1386 1387/1387
f 1386/1386 1385/1385 1387/1387
f 4439/4439 4442/4442 4479/4479
f 1387/1387 1385/1385 1388/1388
f 4479/4479 4486/4486 4448/4448
f 4486/4486 4452/4452 4448/4448
f 4452/4452 4450/4450 4448/4448
f 4450/4450 4449/4449 4448/4448
f 4448/4448 4449/4449 4447/4447
f 4447/4447 4449/4449 4453/4453
f 4449/4449 4454/4454 4453/4453
f 4454/4454 4455/4455 4453/4453
f 4453/4453 4455/4455 4457/4457
f 4457/4457 4455/4455 4458/4458
f 4455/4455 4492/4492 4458/4458
f 4492/4492 4493/4493 4458/4458
f 136/136 96/96 106/106
f 96/96 90/90 106/106
f 106/106 90/90 85/85
f 85/85 90/90 51/51
f 90/90 61/61 51/51
f 61/61 56/56 51/51
f 51/51 56/56 53/53
f 56/56 57/57 53/53
f 57/57 58/58 53/53
f 53/53 58/58 54/54
f 58/58 57/57 54/54
f 2517/2517 2516/2516 2519/2519
f 2516/2516 2520/2520 2519/2519
f 2519/2519 2520/2520 2521/2521
f 2521/2521 2520/2520 2522/2522
f 3807/3807 3781/3781 3799/3799
f 3799/3799 3781/3781 3780/3780
f 3780/3780 3781/3781 3779/3779
f 3781/3781 3782/3782 3779/3779
f 3049/3049 3048/3048 3046/3046
f 3046/3046 3048/3048 3044/3044
f 3044/3044 3048/3048 3070/3070
f 3048/3048 3077/3077 3070/3070
f 3070/3070 3077/3077 3078/3078
f 3077/3077 3108/3108 3078/3078
f 3078/3078 3108/3108 3096/3096
f 3108/3108 3229/3229 3096/3096
f 3229/3229 3129/3129 3096/3096
f 3087/3087 3096/3096 3099/3099
f 3096/3096 3129/3129 3099/3099
f 3129/3129 3133/3133 3099/3099
f 3099/3099 3133/3133 3120/3120
f 3120/3120 3133/3133 3212/3212
f 3133/3133 3213/3213 3212/3212
f 3209/3209 3212/3212 3210/3210
f 3212/3212 3213/3213 3210/3210
f 3213/3213 3215/3215 3210/3210
f 3215/3215 3251/3251 3210/3210
f 3210/3210 3251/3251 3250/3250
f 3302/3302 3273/3273 3321/3321
f 3321/3321 3273/3273 3306/3306
f 3273/3273 3250/3250 3306/3306
f 3250/3250 3251/3251 3306/3306
f 3251/3251 3319/3319 3306/3306
f 3319/3319 3348/3348 3306/3306
f 3306/3306 3348/3348 3414/3414
f 3348/3348 3395/3395 3414/3414
f 3414/3414 3395/3395 3449/3449
f 3395/3395 3457/3457 3449/3449
f 4484/4484 4442/4442 4462/4462
f 4462/4462 4442/4442 4438/4438
f 4442/4442 4439/4439 4438/4438
f 4438/4438 4439/4439 4437/4437
f 4437/4437 4439/4439 4440/4440
f 4489/4489 4440/4440 4441/4441
f 4440/4440 4439/4439 4441/4441
f 4441/4441 4439/4439 4443/4443
f 4439/4439 4479/4479 4443/4443
f 4479/4479 4448/4448 4443/4443
f 4448/4448 4447/4447 4443/4443
f 4443/4443 4447/4447 4445/4445
f 4447/4447 4453/4453 4445/4445
f 4453/4453 4457/4457 4445/4445
f 4445/4445 4457/4457 4460/4460
f 139/139 140/140 109/109
f 4457/4457 4458/4458 4459/4459
f 109/109 106/106 77/77
f 106/106 85/85 77/77
f 77/77 85/85 49/49
f 85/85 51/51 49/49
f 48/48 49/49 50/50
f 49/49 51/51 50/50
f 51/51 53/53 50/50
f 53/53 54/54 50/50
f 54/54 62/62 50/50
f 50/50 62/62 64/64
f 3832/3832 3799/3799 3831/3831
f 3831/3831 3799/3799 3795/3795
f 3795/3795 3799/3799 3778/3778
f 3799/3799 3780/3780 3778/3778
f 3780/3780 3779/3779 3778/3778
f 3778/3778 3779/3779 3777/3777
f 3046/3046 3044/3044 3043/3043
f 3047/3047 3043/3043 3045/3045
f 3043/3043 3044/3044 3045/3045
f 3045/3045 3044/3044 3055/3055
f 3044/3044 3070/3070 3055/3055
f 3070/3070 3078/3078 3055/3055
f 3078/3078 3096/3096 3055/3055
f 3096/3096 3087/3087 3055/3055
f 3055/3055 3087/3087 3056/3056
f 3056/3056 3087/3087 3085/3085
f 3087/3087 3099/3099 3085/3085
f 3085/3085 3099/3099 3092/3092
f 3099/3099 3120/3120 3092/3092
f 3092/3092 3120/3120 3107/3107
f 3120/3120 3212/3212 3107/3107
f 3107/3107 3212/3212 3137/3137
f 3212/3212 3209/3209 3137/3137
f 3137/3137 3209/3209 3208/3208
f 3208/3208 3209/3209 3197/3197
f 3209/3209 3210/3210 3197/3197
f 3210/3210 3250/3250 3197/3197
f 3250/3250 3273/3273 3197/3197
f 3197/3197 3273/3273 3196/3196
f 3273/3273 3302/3302 3196/3196
f 3196/3196 3302/3302 3301/3301
f 3301/3301 3302/3302 3355/3355
f 3302/3302 3321/3321 3355/3355
f 3355/3355 3321/3321 3402/3402
f 3321/3321 3306/3306 3402/3402
f 3402/3402 3306/3306 3413/3413
f 3306/3306 3414/3414 3413/3413
f 3413/3413 3414/3414 3453/3453
f 3414/3414 3449/3449 3453/3453
f 4482/4482 4462/4462 4435/4435
f 4462/4462 4438/4438 4435/4435
f 4438/4438 4437/4437 4435/4435
f 4435/4435 4437/4437 4436/4436
f 4436/4436 4437/4437 4478/4478
f 4437/4437 4440/4440 4478/4478
f 4440/4440 4489/4489 4478/4478
f 4478/4478 4489/4489 4476/4476
f 4476/4476 4489/4489 4446/4446
f 4489/4489 4441/4441 4446/4446
f 4446/4446 4441/4441 4444/4444
f 4441/4441 4443/4443 4444/4444
f 4443/4443 4445/4445 4444/4444
f 4445/4445 4460/4460 4444/4444
f 4444/4444 4460/4460 4461/4461
f 138/138 139/139 98/98
f 139/139 109/109 98/98
f 109/109 77/77 98/98
f 98/98 77/77 60/60
f 60/60 77/77 47/47
f 77/77 49/49 47/47
f 49/49 48/48 47/47
f 47/47 48/48 37/37
f 4171/4171 4172/4172 4173/4173
f 50/50 64/64 37/37
f 3853/3853 3831/3831 3774/3774
f 3831/3831 3795/3795 3774/3774
f 3772/3772 3774/3774 3773/3773
f 3774/3774 3795/3795 3773/3773
f 3795/3795 3778/3778 3773/3773
f 3778/3778 3777/3777 3773/3773
f 3777/3777 3776/3776 3773/3773
f 3773/3773 3776/3776 3775/3775
f 3047/3047 3045/3045 3052/3052
f 3045/3045 3055/3055 3052/3052
f 3055/3055 3056/3056 3052/3052
f 3052/3052 3056/3056 3057/3057
f 3057/3057 3056/3056 3060/3060
f 3056/3056 3085/3085 3060/3060
f 3085/3085 3092/3092 3060/3060
f 3064/3064 3061/3061 3071/3071
f 3071/3071 3061/3061 3091/3091
f 3061/3061 3060/3060 3091/3091
f 3060/3060 3092/3092 3091/3091
f 3092/3092 3107/3107 3091/3091
f 3091/3091 3107/3107 3095/3095
f 3107/3107 3137/3137 3095/3095
f 3095/3095 3137/3137 3113/3113
f 3137/3137 3208/3208 3113/3113
f 3113/3113 3208/3208 3214/3214
f 3214/3214 3208/3208 3195/3195
f 3208/3208 3197/3197 3195/3195
f 3197/3197 3196/3196 3195/3195
f 3195/3195 3196/3196 3193/3193
f 3196/3196 3301/3301 3193/3193
f 3193/3193 3301/3301 3185/3185
f 3301/3301 3340/3340 3185/3185
f 3184/3184 3185/3185 3183/3183
f 3185/3185 3340/3340 3183/3183
f 3183/3183 3340/3340 3369/3369
f 3430/3430 3369/3369 3386/3386
f 3369/3369 3340/3340 3386/3386
f 3340/3340 3301/3301 3386/3386
f 3386/3386 3301/3301 3406/3406
f 3301/3301 3355/3355 3406/3406
f 3355/3355 3402/3402 3406/3406
f 3402/3402 3413/3413 3406/3406
f 3406/3406 3413/3413 3461/3461
f 3413/3413 3453/3453 3461/3461
f 4482/4482 4435/4435 4477/4477
f 4477/4477 4435/4435 4433/4433
f 4433/4433 4435/4435 4434/4434
f 4435/4435 4436/4436 4434/4434
f 4436/4436 4478/4478 4434/4434
f 4741/4741 4742/4742 4743/4743
f 4743/4743 4742/4742 4744/4744
f 4742/4742 4745/4745 4744/4744
f 4471/4471 4478/4478 4474/4474
f 4478/4478 4476/4476 4474/4474
f 4474/4474 4476/4476 4463/4463
f 4476/4476 4446/4446 4463/4463
f 4446/4446 4444/4444 4463/4463
f 4444/4444 4461/4461 4463/4463
f 4463/4463 4461/4461 4464/4464
f 138/138 98/98 112/112
f 112/112 98/98 86/86
f 98/98 60/60 86/86
f 86/86 60/60 59/59
f 59/59 60/60 36/36
f 60/60 47/47 36/36
f 47/47 37/37 36/36
f 35/35 36/36 28/28
f 36/36 37/37 28/28
f 3853/3853 3774/3774 3847/3847
f 3774/3774 3772/3772 3847/3847
f 3772/3772 3770/3770 3847/3847
f 28/28 29/29 15/15
f 15/15 29/29 14/14
f 3765/3765 3770/3770 3766/3766
f 3770/3770 3772/3772 3766/3766
f 3772/3772 3773/3773 3766/3766
f 3773/3773 3775/3775 3766/3766
f 3766/3766 3775/3775 4057/4057
f 3052/3052 3057/3057 3058/3058
f 3058/3058 3057/3057 3059/3059
f 3057/3057 3060/3060 3059/3059
f 3060/3060 3061/3061 3059/3059
f 3059/3059 3061/3061 3062/3062
f 3062/3062 3061/3061 3063/3063
f 3061/3061 3064/3064 3063/3063
f 3063/3063 3064/3064 3066/3066
f 3064/3064 3071/3071 3066/3066
f 3071/3071 3091/3091 3066/3066
f 3091/3091 3095/3095 3066/3066
f 3068/3068 3066/3066 3094/3094
f 3066/3066 3095/3095 3094/3094
f 3095/3095 3113/3113 3094/3094
f 3093/3093 3094/3094 3100/3100
f 3094/3094 3113/3113 3100/3100
f 3113/3113 3214/3214 3100/3100
f 3214/3214 3130/3130 3100/3100
f 3100/3100 3130/3130 3101/3101
f 3101/3101 3130/3130 3126/3126
f 3126/3126 3130/3130 3222/3222
f 3222/3222 3130/3130 3204/3204
f 3130/3130 3214/3214 3204/3204
f 3214/3214 3195/3195 3204/3204
f 3204/3204 3195/3195 3192/3192
f 3195/3195 3193/3193 3192/3192
f 3193/3193 3185/3185 3192/3192
f 3185/3185 3184/3184 3192/3192
f 3192/3192 3184/3184 3181/3181
f 3184/3184 3183/3183 3181/3181
f 3183/3183 3182/3182 3181/3181
f 3181/3181 3182/3182 3180/3180
f 3180/3180 3182/3182 3179/3179
f 3347/3347 3179/3179 3356/3356
f 3179/3179 3182/3182 3356/3356
f 3182/3182 3183/3183 3356/3356
f 3424/3424 3356/3356 3420/3420
f 3356/3356 3183/3183 3420/3420
f 3183/3183 3369/3369 3420/3420
f 3369/3369 3430/3430 3420/3420
f 4323/4323 4411/4411 4319/4319
f 4319/4319 4411/4411 4428/4428
f 3430/3430 3386/3386 3460/3460
f 3460/3460 3386/3386 3459/3459
f 3386/3386 3406/3406 3459/3459
f 3406/3406 3461/3461 3459/3459
f 4477/4477 4433/4433 4714/4714
f 4714/4714 4433/4433 4432/4432
f 4432/4432 4433/4433 4431/4431
f 4433/4433 4434/4434 4431/4431
f 4434/4434 4480/4480 4431/4431
f 4431/4431 4480/4480 4687/4687
f 4687/4687 4480/4480 4475/4475
f 4480/4480 4472/4472 4475/4475
f 4473/4473 4475/4475 4470/4470
f 4475/4475 4472/4472 4470/4470
f 4472/4472 4471/4471 4470/4470
f 4470/4470 4471/4471 4468/4468
f 4471/4471 4474/4474 4468/4468
f 4468/4468 4474/4474 4465/4465
f 4474/4474 4463/4463 4465/4465
f 4463/4463 4464/4464 4465/4465
f 4465/4465 4464/4464 4466/4466
f 112/112 86/86 111/111
f 111/111 86/86 74/74
f 74/74 86/86 52/52
f 86/86 59/59 52/52
f 59/59 36/36 52/52
f 36/36 35/35 52/52
f 52/52 35/35 34/34
f 34/34 35/35 13/13
f 35/35 28/28 13/13
f 28/28 15/15 13/13
f 15/15 14/14 13/13
f 10/10 11/11 12/12
f 11/11 13/13 12/12
f 13/13 14/14 12/12
f 3764/3764 3765/3765 3763/3763
f 3765/3765 3766/3766 3763/3763
f 3766/3766 4057/4057 3763/3763
f 4057/4057 4056/4056 3763/3763
f 4056/4056 4052/4052 3763/3763
f 4052/4052 4051/4051 3763/3763
f 3763/3763 4051/4051 3762/3762
f 3761/3761 3762/3762 4048/4048
f 3762/3762 4051/4051 4048/4048
f 3063/3063 3066/3066 3067/3067
f 3066/3066 3068/3068 3067/3067
f 3067/3067 3068/3068 3069/3069
f 3068/3068 3094/3094 3069/3069
f 3094/3094 3093/3093 3069/3069
f 3069/3069 3093/3093 3076/3076
f 3093/3093 3100/3100 3076/3076
f 3100/3100 3101/3101 3076/3076
f 3076/3076 3101/3101 3102/3102
f 3103/3103 3102/3102 3125/3125
f 3102/3102 3101/3101 3125/3125
f 3101/3101 3126/3126 3125/3125
f 3125/3125 3126/3126 3223/3223
f 3126/3126 3222/3222 3223/3223
f 3223/3223 3222/3222 3198/3198
f 3222/3222 3204/3204 3198/3198
f 3204/3204 3192/3192 3198/3198
f 3192/3192 3181/3181 3198/3198
f 3181/3181 3180/3180 3198/3198
f 3198/3198 3180/3180 3178/3178
f 3180/3180 3179/3179 3178/3178
f 3178/3178 3179/3179 3162/3162
f 3179/3179 3347/3347 3162/3162
f 3347/3347 3385/3385 3162/3162
f 3162/3162 3385/3385 3163/3163
f 3163/3163 3385/3385 3391/3391
f 3391/3391 3385/3385 3409/3409
f 3385/3385 3347/3347 3409/3409
f 3347/3347 3356/3356 3409/3409
f 3356/3356 3424/3424 3409/3409
f 4338/4338 4337/4337 4318/4318
f 4337/4337 4323/4323 4318/4318
f 4318/4318 4323/4323 4317/4317
f 4323/4323 4319/4319 4317/4317
f 4317/4317 4319/4319 4316/4316
f 4316/4316 4319/4319 4321/4321
f 4319/4319 4428/4428 4321/4321
f 4428/4428 4714/4714 4321/4321
f 4714/4714 4432/4432 4321/4321
f 4432/4432 4431/4431 4321/4321
f 4321/4321 4431/4431 4320/4320
f 4301/4301 4320/4320 4322/4322
f 4320/4320 4431/4431 4322/4322
f 4431/4431 4687/4687 4322/4322
f 4733/4733 4734/4734 4735/4735
f 4735/4735 4734/4734 4736/4736
f 4475/4475 4473/4473 4485/4485
f 4485/4485 4473/4473 4469/4469
f 4473/4473 4470/4470 4469/4469
f 4470/4470 4468/4468 4469/4469
f 4469/4469 4468/4468 4467/4467
f 4468/4468 4465/4465 4467/4467
f 4465/4465 4466/4466 4467/4467
f 131/131 111/111 101/101
f 111/111 74/74 101/101
f 101/101 74/74 73/73
f 73/73 74/74 33/33
f 74/74 52/52 33/33
f 52/52 34/34 33/33
f 34/34 13/13 33/33
f 13/13 11/11 33/33
f 33/33 11/11 30/30
f 30/30 11/11 16/16
f 11/11 10/10 16/16
f 16/16 10/10 17/17
f 10/10 12/12 17/17
f 3764/3764 3763/3763 3760/3760
f 3763/3763 3762/3762 3760/3760
f 3762/3762 3761/3761 3760/3760
f 3760/3760 3761/3761 3758/3758
f 3761/3761 4048/4048 3758/3758
f 3758/3758 4048/4048 4047/4047
f 3074/3074 3067/3067 3073/3073
f 3067/3067 3069/3069 3073/3073
f 3069/3069 3076/3076 3073/3073
f 3073/3073 3076/3076 3079/3079
f 3079/3079 3076/3076 3081/3081
f 3076/3076 3102/3102 3081/3081
f 3102/3102 3103/3103 3081/3081
f 3081/3081 3103/3103 3083/3083
f 3083/3083 3103/3103 3104/3104
f 3132/3132 3104/3104 3127/3127
f 3104/3104 3103/3103 3127/3127
f 3103/3103 3125/3125 3127/3127
f 3127/3127 3125/3125 3211/3211
f 3125/3125 3223/3223 3211/3211
f 3223/3223 3198/3198 3211/3211
f 3211/3211 3198/3198 3200/3200
f 3198/3198 3178/3178 3200/3200
f 3200/3200 3178/3178 3164/3164
f 3178/3178 3162/3162 3164/3164
f 3162/3162 3163/3163 3164/3164
f 3164/3164 3163/3163 3165/3165
f 3165/3165 3163/3163 3388/3388
f 3388/3388 3163/3163 3390/3390
f 3163/3163 3391/3391 3390/3390
f 3390/3390 3391/3391 3448/3448
f 4343/4343 4342/4342 4340/4340
f 4342/4342 4338/4338 4340/4340
f 4340/4340 4338/4338 4339/4339
f 4338/4338 4318/4318 4339/4339
f 4339/4339 4318/4318 4413/4413
f 4413/4413 4318/4318 4298/4298
f 4318/4318 4317/4317 4298/4298
f 4317/4317 4316/4316 4298/4298
f 4296/4296 4298/4298 4297/4297
f 4298/4298 4316/4316 4297/4297
f 4316/4316 4321/4321 4297/4297
f 4321/4321 4320/4320 4297/4297
f 4320/4320 4301/4301 4297/4297
f 4297/4297 4301/4301 4300/4300
f 4300/4300 4301/4301 4302/4302
f 4301/4301 4322/4322 4302/4302
f 4737/4737 4738/4738 4739/4739
f 4315/4315 4322/4322 4314/4314
f 4322/4322 4485/4485 4314/4314
f 4314/4314 4485/4485 4326/4326
f 4802/4802 4803/4803 4804/4804
f 4803/4803 4805/4805 4804/4804
f 149/149 131/131 118/118
f 131/131 101/101 118/118
f 105/105 118/118 79/79
f 118/118 101/101 79/79
f 101/101 73/73 79/79
f 79/79 73/73 44/44
f 73/73 33/33 44/44
f 33/33 30/30 44/44
f 44/44 30/30 31/31
f 30/30 16/16 31/31
f 31/31 16/16 18/18
f 16/16 17/17 18/18
f 18/18 17/17 19/19
f 3760/3760 3758/3758 3759/3759
f 3759/3759 3758/3758 3757/3757
f 3757/3757 3758/3758 3756/3756
f 3758/3758 4047/4047 3756/3756
f 3756/3756 4047/4047 4041/4041
f 3074/3074 3073/3073 3075/3075
f 3073/3073 3079/3079 3075/3075
f 3075/3075 3079/3079 3080/3080
f 4038/4038 4073/4073 4039/4039
f 4040/4040 4039/4039 4068/4068
f 4039/4039 4073/4073 4068/4068
f 3079/3079 3081/3081 3082/3082
f 3081/3081 3083/3083 3082/3082
f 3088/3088 3082/3082 3084/3084
f 3082/3082 3083/3083 3084/3084
f 3083/3083 3104/3104 3084/3084
f 3084/3084 3104/3104 3114/3114
f 3104/3104 3132/3132 3114/3114
f 3114/3114 3132/3132 3140/3140
f 3206/3206 3140/3140 3207/3207
f 3140/3140 3132/3132 3207/3207
f 3132/3132 3127/3127 3207/3207
f 3127/3127 3211/3211 3207/3207
f 3207/3207 3211/3211 3191/3191
f 3211/3211 3200/3200 3191/3191
f 3200/3200 3164/3164 3191/3191
f 3191/3191 3164/3164 3166/3166
f 3164/3164 3165/3165 3166/3166
f 3166/3166 3165/3165 3167/3167
f 3167/3167 3165/3165 3168/3168
f 3165/3165 3388/3388 3168/3168
f 3168/3168 3388/3388 3389/3389
f 3389/3389 3388/3388 3445/3445
f 3445/3445 3388/3388 3447/3447
f 3388/3388 3390/3390 3447/3447
f 3390/3390 3448/3448 3447/3447
f 4695/4695 4343/4343 4344/4344
f 4343/4343 4340/4340 4344/4344
f 4344/4344 4340/4340 4341/4341
f 4340/4340 4339/4339 4341/4341
f 4339/4339 4413/4413 4341/4341
f 4754/4754 4751/4751 4753/4753
f 4751/4751 4752/4752 4753/4753
f 4413/4413 4298/4298 4299/4299
f 4298/4298 4296/4296 4299/4299
f 4299/4299 4296/4296 4293/4293
f 4293/4293 4296/4296 4294/4294
f 4296/4296 4297/4297 4294/4294
f 4297/4297 4300/4300 4294/4294
f 4294/4294 4300/4300 4324/4324
f 4300/4300 4302/4302 4324/4324
f 4737/4737 4739/4739 4740/4740
f 4324/4324 4315/4315 4308/4308
f 4315/4315 4314/4314 4308/4308
f 4308/4308 4314/4314 4309/4309
f 4314/4314 4326/4326 4309/4309
f 149/149 118/118 130/130
f 118/118 105/105 130/130
f 130/130 105/105 104/104
f 104/104 105/105 75/75
f 105/105 79/79 75/75
f 79/79 44/44 75/75
f 75/75 44/44 43/43
f 44/44 31/31 43/43
f 31/31 18/18 43/43
f 43/43 18/18 20/20
f 18/18 19/19 20/20
f 20/20 19/19 21/21
f 19/19 22/22 21/21
f 21/21 22/22 23/23
f 23/23 22/22 24/24
f 3757/3757 3756/3756 3755/3755
f 3755/3755 3756/3756 3754/3754
f 3756/3756 4041/4041 3754/3754
f 4041/4041 4038/4038 3754/3754
f 4038/4038 4039/4039 3754/3754
f 3754/3754 4039/4039 3753/3753
f 4039/4039 4040/4040 3753/3753
f 3753/3753 4040/4040 3751/3751
f 4043/4043 3751/3751 4042/4042
f 3751/3751 4040/4040 4042/4042
f 4040/4040 4068/4068 4042/4042
f 4068/4068 4067/4067 4042/4042
f 4042/4042 4067/4067 4053/4053
f 4053/4053 4067/4067 4058/4058
f 3089/3089 3088/3088 3090/3090
f 3088/3088 3084/3084 3090/3090
f 3084/3084 3114/3114 3090/3090
f 3105/3105 3090/3090 3115/3115
f 3090/3090 3114/3114 3115/3115
f 3115/3115 3114/3114 3218/3218
f 3114/3114 3140/3140 3218/3218
f 3140/3140 3206/3206 3218/3218
f 3218/3218 3206/3206 3205/3205
f 3205/3205 3206/3206 3189/3189
f 3206/3206 3207/3207 3189/3189
f 3207/3207 3191/3191 3189/3189
f 3191/3191 3166/3166 3189/3189
f 3166/3166 3167/3167 3189/3189
f 3189/3189 3167/3167 3170/3170
f 3170/3170 3167/3167 3169/3169
f 3167/3167 3168/3168 3169/3169
f 3168/3168 3389/3389 3169/3169
f 3169/3169 3389/3389 3392/3392
f 3389/3389 3445/3445 3392/3392
f 3392/3392 3445/3445 3446/3446
f 4406/4406 4408/4408 4402/4402
f 4408/4408 4695/4695 4402/4402
f 4402/4402 4695/4695 4399/4399
f 4695/4695 4344/4344 4399/4399
f 4399/4399 4344/4344 4398/4398
f 4398/4398 4344/4344 4397/4397
f 4344/4344 4341/4341 4397/4397
f 4341/4341 4410/4410 4397/4397
f 4397/4397 4410/4410 4712/4712
f 4712/4712 4410/4410 4295/4295
f 4410/4410 4299/4299 4295/4295
f 4299/4299 4293/4293 4295/4295
f 4293/4293 4294/4294 4295/4295
f 4295/4295 4294/4294 4303/4303
f 4303/4303 4294/4294 4304/4304
f 4294/4294 4324/4324 4304/4304
f 4304/4304 4324/4324 4306/4306
f 4324/4324 4308/4308 4306/4306
f 4306/4306 4308/4308 4307/4307
f 4308/4308 4309/4309 4307/4307
f 130/130 104/104 121/121
f 121/121 104/104 102/102
f 104/104 75/75 102/102
f 102/102 75/75 76/76
f 75/75 43/43 76/76
f 76/76 43/43 42/42
f 43/43 20/20 42/42
f 20/20 21/21 42/42
f 42/42 21/21 32/32
f 21/21 23/23 32/32
f 32/32 23/23 25/25
f 23/23 24/24 25/25
f 25/25 24/24 26/26
f 26/26 24/24 27/27
f 3755/3755 3754/3754 3752/3752
f 3754/3754 3753/3753 3752/3752
f 3753/3753 3751/3751 3752/3752
f 3752/3752 3751/3751 3750/3750
f 3750/3750 3751/3751 3749/3749
f 3751/3751 4043/4043 3749/3749
f 3749/3749 4043/4043 4044/4044
f 4043/4043 4042/4042 4044/4044
f 4042/4042 4053/4053 4044/4044
f 4044/4044 4053/4053 4045/4045
f 4053/4053 4058/4058 4045/4045
f 4045/4045 4058/4058 4059/4059
f 3089/3089 3090/3090 3098/3098
f 3090/3090 3105/3105 3098/3098
f 3098/3098 3105/3105 3106/3106
f 3105/3105 3115/3115 3106/3106
f 3106/3106 3115/3115 3116/3116
f 3116/3116 3115/3115 3217/3217
f 3115/3115 3218/3218 3217/3217
f 3218/3218 3205/3205 3217/3217
f 3217/3217 3205/3205 3201/3201
f 3201/3201 3205/3205 3190/3190
f 3205/3205 3189/3189 3190/3190
f 3189/3189 3170/3170 3190/3190
f 3190/3190 3170/3170 3172/3172
f 3172/3172 3170/3170 3171/3171
f 3170/3170 3169/3169 3171/3171
f 3169/3169 3392/3392 3171/3171
f 3171/3171 3392/3392 3383/3383
f 3383/3383 3392/3392 3444/3444
f 3392/3392 3446/3446 3444/3444
f 4407/4407 4406/4406 4405/4405
f 4406/4406 4402/4402 4405/4405
f 4405/4405 4402/4402 4400/4400
f 4402/4402 4399/4399 4400/4400
f 4399/4399 4398/4398 4400/4400
f 4400/4400 4398/4398 4401/4401
f 4401/4401 4398/4398 4403/4403
f 4398/4398 4397/4397 4403/4403
f 4397/4397 4712/4712 4403/4403
f 4727/4727 4732/4732 4731/4731
f 4712/4712 4295/4295 4429/4429
f 4327/4327 4429/4429 4325/4325
f 4429/4429 4295/4295 4325/4325
f 4295/4295 4303/4303 4325/4325
f 4312/4312 4325/4325 4305/4305
f 4325/4325 4303/4303 4305/4305
f 4303/4303 4304/4304 4305/4305
f 4304/4304 4306/4306 4305/4305
f 4306/4306 4307/4307 4305/4305
f 4305/4305 4307/4307 4310/4310
f 120/120 121/121 92/92
f 121/121 102/102 92/92
f 102/102 76/76 92/92
f 92/92 76/76 63/63
f 76/76 42/42 63/63
f 42/42 32/32 63/63
f 69/69 63/63 39/39
f 63/63 32/32 39/39
f 32/32 25/25 39/39
f 39/39 25/25 38/38
f 25/25 26/26 38/38
f 41/41 38/38 40/40
f 38/38 26/26 40/40
f 26/26 27/27 40/40
f 3752/3752 3750/3750 3810/3810
f 3810/3810 3750/3750 3808/3808
f 3808/3808 3750/3750 3748/3748
f 3750/3750 3749/3749 3748/3748
f 3745/3745 3747/3747 3746/3746
f 3747/3747 3748/3748 3746/3746
f 3748/3748 3749/3749 3746/3746
f 3749/3749 4044/4044 3746/3746
f 4044/4044 4045/4045 3746/3746
f 3746/3746 4045/4045 4046/4046
f 4046/4046 4045/4045 4060/4060
f 4045/4045 4059/4059 4060/4060
f 4060/4060 4059/4059 4070/4070
f 3098/3098 3106/3106 3110/3110
f 3110/3110 3106/3106 3111/3111
f 3106/3106 3116/3116 3111/3111
f 3128/3128 3119/3119 3236/3236
f 3236/3236 3119/3119 3131/3131
f 3119/3119 3117/3117 3131/3131
f 3117/3117 3111/3111 3131/3131
f 3111/3111 3116/3116 3131/3131
f 3131/3131 3116/3116 3219/3219
f 3116/3116 3217/3217 3219/3219
f 3219/3219 3217/3217 3199/3199
f 3217/3217 3201/3201 3199/3199
f 3199/3199 3201/3201 3194/3194
f 3201/3201 3190/3190 3194/3194
f 3194/3194 3190/3190 3174/3174
f 3190/3190 3172/3172 3174/3174
f 3174/3174 3172/3172 3173/3173
f 3172/3172 3171/3171 3173/3173
f 3171/3171 3383/3383 3173/3173
f 3173/3173 3383/3383 3378/3378
f 3378/3378 3383/3383 3443/3443
f 3383/3383 3444/3444 3443/3443
f 4415/4415 4407/4407 4414/4414
f 4407/4407 4405/4405 4414/4414
f 4414/4414 4405/4405 4409/4409
f 4405/4405 4400/4400 4409/4409
f 4409/4409 4400/4400 4404/4404
f 4400/4400 4401/4401 4404/4404
f 4729/4729 4726/4726 4728/4728
f 4726/4726 4727/4727 4728/4728
f 4727/4727 4731/4731 4728/4728
f 4429/4429 4327/4327 4333/4333
f 4333/4333 4327/4327 4328/4328
f 4328/4328 4327/4327 4313/4313
f 4327/4327 4325/4325 4313/4313
f 4325/4325 4312/4312 4313/4313
f 123/123 147/147 119/119
f 4313/4313 4312/4312 4311/4311
f 4312/4312 4305/4305 4311/4311
f 4305/4305 4310/4310 4311/4311
f 120/120 92/92 119/119
f 119/119 92/92 91/91
f 92/92 63/63 91/91
f 63/63 69/69 91/91
f 91/91 69/69 70/70
f 69/69 39/39 70/70
f 71/71 70/70 45/45
f 70/70 39/39 45/45
f 39/39 38/38 45/45
f 38/38 41/41 45/45
f 45/45 41/41 46/46
f 41/41 40/40 46/46
f 46/46 40/40 196/196
f 3810/3810 3808/3808 3839/3839
f 3839/3839 3808/3808 3809/3809
f 3808/3808 3748/3748 3809/3809
f 3748/3748 3747/3747 3809/3809
f 3809/3809 3747/3747 3743/3743
f 3747/3747 3745/3745 3743/3743
f 3743/3743 3745/3745 3742/3742
f 3745/3745 3746/3746 3742/3742
f 3742/3742 3746/3746 4049/4049
f 3746/3746 4046/4046 4049/4049
f 4049/4049 4046/4046 4050/4050
f 4046/4046 4060/4060 4050/4050
f 4050/4050 4060/4060 4055/4055
f 4060/4060 4070/4070 4055/4055
f 4072/4072 4055/4055 4071/4071
f 4055/4055 4070/4070 4071/4071
f 3110/3110 3111/3111 3112/3112
f 3111/3111 3117/3117 3112/3112
f 3112/3112 3117/3117 3118/3118
f 3117/3117 3119/3119 3118/3118
f 3118/3118 3119/3119 3121/3121
f 3119/3119 3128/3128 3121/3121
f 3134/3134 3121/3121 3135/3135
f 3121/3121 3128/3128 3135/3135
f 3135/3135 3128/3128 3136/3136
f 3136/3136 3128/3128 3237/3237
f 3128/3128 3236/3236 3237/3237
f 3237/3237 3236/3236 3220/3220
f 3236/3236 3131/3131 3220/3220
f 3131/3131 3219/3219 3220/3220
f 3220/3220 3219/3219 3202/3202
f 3219/3219 3199/3199 3202/3202
f 3202/3202 3199/3199 3187/3187
f 3187/3187 3199/3199 3186/3186
f 3199/3199 3194/3194 3186/3186
f 3186/3186 3194/3194 3176/3176
f 3194/3194 3174/3174 3176/3176
f 3176/3176 3174/3174 3175/3175
f 3174/3174 3173/3173 3175/3175
f 3173/3173 3378/3378 3175/3175
f 3175/3175 3378/3378 3439/3439
f 3378/3378 3443/3443 3439/3439
f 4415/4415 4414/4414 4416/4416
f 4416/4416 4414/4414 4417/4417
f 4417/4417 4414/4414 4418/4418
f 4418/4418 4414/4414 4686/4686
f 4414/4414 4409/4409 4686/4686
f 4686/4686 4409/4409 4412/4412
f 4409/4409 4404/4404 4412/4412
f 4412/4412 4404/4404 4715/4715
f 4729/4729 4728/4728 4730/4730
f 4715/4715 4333/4333 4330/4330
f 4333/4333 4328/4328 4330/4330
f 4330/4330 4328/4328 4329/4329
f 4328/4328 4313/4313 4329/4329
f 4329/4329 4313/4313 4331/4331
f 147/147 123/123 122/122
f 122/122 123/123 93/93
f 123/123 119/119 93/93
f 119/119 91/91 93/93
f 91/91 70/70 93/93
f 70/70 71/71 93/93
f 93/93 71/71 80/80
f 80/80 71/71 55/55
f 71/71 45/45 55/55
f 45/45 46/46 55/55
f 55/55 46/46 65/65
f 46/46 196/196 65/65
f 196/196 195/195 65/65
f 65/65 195/195 194/194
f 3809/3809 3743/3743 3852/3852
f 3852/3852 3743/3743 3845/3845
f 3845/3845 3743/3743 3741/3741
f 3743/3743 3742/3742 3741/3741
f 3741/3741 3742/3742 3731/3731
f 3742/3742 4049/4049 3731/3731
f 3731/3731 4049/4049 4054/4054
f 4049/4049 4050/4050 4054/4054
f 4050/4050 4055/4055 4054/4054
f 4054/4054 4055/4055 4061/4061
f 4055/4055 4072/4072 4061/4061
f 4061/4061 4072/4072 4062/4062
f 4062/4062 4072/4072 4063/4063
f 4064/4064 4063/4063 4066/4066
f 4063/4063 4072/4072 4066/4066
f 4072/4072 4071/4071 4066/4066
f 3112/3112 3118/3118 3123/3123
f 3118/3118 3121/3121 3123/3123
f 3123/3123 3121/3121 3124/3124
f 3121/3121 3134/3134 3124/3124
f 4074/4074 4069/4069 4075/4075
f 4069/4069 4076/4076 4075/4075
f 4075/4075 4076/4076 4079/4079
f 4079/4079 4076/4076 4080/4080
f 3134/3134 3135/3135 3142/3142
f 3142/3142 3135/3135 3143/3143
f 3135/3135 3136/3136 3143/3143
f 3136/3136 3154/3154 3143/3143
f 3143/3143 3154/3154 3157/3157
f 3154/3154 3299/3299 3157/3157
f 3157/3157 3299/3299 3160/3160
f 3299/3299 3349/3349 3160/3160
f 3160/3160 3349/3349 3374/3374
f 1650/1650 1637/1637 1647/1647
f 3577/3577 3580/3580 3575/3575
f 464/464 475/475 431/431
f 475/475 474/474 431/431
f 431/431 474/474 430/430
f 315/315 311/311 347/347
f 311/311 312/312 347/347
f 347/347 312/312 386/386
f 386/386 312/312 390/390
f 387/387 390/390 307/307
f 390/390 312/312 307/307
f 312/312 311/311 307/307
f 311/311 308/308 307/307
f 307/307 308/308 309/309
f 309/309 308/308 313/313
f 316/316 313/313 314/314
f 313/313 308/308 314/314
f 308/308 311/311 314/314
f 311/311 315/315 314/314
f 314/314 315/315 321/321
f 321/321 315/315 335/335
f 315/315 344/344 335/335
f 344/344 346/346 335/335
f 333/333 334/334 339/339
f 397/397 339/339 336/336
f 339/339 334/334 336/336
f 334/334 335/335 336/336
f 335/335 346/346 336/336
f 336/336 346/346 371/371
f 346/346 396/396 371/371
f 371/371 396/396 424/424
f 396/396 430/430 424/424
f 430/430 474/474 424/424
f 424/424 474/474 476/476
f 3590/3590 3585/3585 3587/3587
f 3587/3587 3585/3585 3582/3582
f 3585/3585 3580/3580 3582/3582
f 3580/3580 3577/3577 3582/3582
f 3582/3582 3577/3577 3583/3583
f 3583/3583 3577/3577 3618/3618
f 3562/3562 3568/3568 3569/3569
f 3568/3568 3618/3618 3569/3569
f 3618/3618 3577/3577 3569/3569
f 3577/3577 3575/3575 3569/3569
f 3569/3569 3575/3575 3574/3574
f 3574/3574 3575/3575 3621/3621
f 482/482 464/464 459/459
f 464/464 431/431 459/459
f 459/459 431/431 410/410
f 431/431 430/430 410/410
f 430/430 396/396 410/410
f 410/410 396/396 404/404
f 404/404 396/396 395/395
f 396/396 346/346 395/395
f 346/346 344/344 395/395
f 395/395 344/344 345/345
f 344/344 315/315 345/345
f 315/315 347/347 345/345
f 345/345 347/347 392/392
f 392/392 347/347 406/406
f 347/347 386/386 406/406
f 406/406 386/386 391/391
f 386/386 390/390 391/391
f 391/391 390/390 408/408
f 408/408 390/390 403/403
f 390/390 387/387 403/403
f 403/403 387/387 400/400
f 428/428 425/425 401/401
f 425/425 400/400 401/401
f 401/401 400/400 384/384
f 400/400 387/387 384/384
f 384/384 387/387 310/310
f 387/387 307/307 310/310
f 307/307 309/309 310/310
f 310/310 309/309 319/319
f 319/319 309/309 317/317
f 309/309 313/313 317/317
f 313/313 316/316 317/317
f 317/317 316/316 318/318
f 318/318 316/316 322/322
f 322/322 316/316 320/320
f 316/316 314/314 320/320
f 314/314 321/321 320/320
f 320/320 321/321 329/329
f 321/321 335/335 329/329
f 335/335 334/334 329/329
f 334/334 333/333 329/329
f 329/329 333/333 331/331
f 333/333 343/343 331/331
f 331/331 343/343 332/332
f 332/332 343/343 393/393
f 393/393 343/343 356/356
f 343/343 333/333 356/356
f 333/333 339/339 356/356
f 356/356 339/339 458/458
f 339/339 397/397 458/458
f 458/458 397/397 398/398
f 397/397 336/336 398/398
f 336/336 371/371 398/398
f 371/371 424/424 398/398
f 424/424 476/476 398/398
f 3590/3590 3587/3587 3595/3595
f 3595/3595 3587/3587 3596/3596
f 3587/3587 3605/3605 3596/3596
f 3596/3596 3605/3605 3612/3612
f 3612/3612 3605/3605 3589/3589
f 3605/3605 3587/3587 3589/3589
f 3589/3589 3587/3587 3588/3588
f 3587/3587 3582/3582 3588/3588
f 3582/3582 3583/3583 3588/3588
f 3583/3583 3618/3618 3588/3588
f 2212/2212 2217/2217 2220/2220
f 2217/2217 2237/2237 2220/2220
f 2219/2219 2220/2220 2226/2226
f 2227/2227 2226/2226 2236/2236
f 2226/2226 2220/2220 2236/2236
f 2220/2220 2237/2237 2236/2236
f 4220/4220 4219/4219 4218/4218
f 4218/4218 4219/4219 4217/4217
f 3568/3568 3562/3562 3567/3567
f 3567/3567 3562/3562 3560/3560
f 3558/3558 3560/3560 3561/3561
f 3560/3560 3562/3562 3561/3561
f 3561/3561 3562/3562 3570/3570
f 3562/3562 3569/3569 3570/3570
f 3569/3569 3574/3574 3570/3570
f 3570/3570 3574/3574 3611/3611
f 3574/3574 3621/3621 3611/3611
f 470/470 482/482 451/451
f 482/482 459/459 451/451
f 451/451 459/459 447/447
f 459/459 410/410 447/447
f 410/410 404/404 447/447
f 447/447 404/404 448/448
f 448/448 404/404 399/399
f 404/404 395/395 399/399
f 395/395 345/345 399/399
f 345/345 392/392 399/399
f 399/399 392/392 429/429
f 392/392 406/406 429/429
f 429/429 406/406 432/432
f 432/432 406/406 407/407
f 406/406 391/391 407/407
f 407/407 391/391 433/433
f 391/391 408/408 433/433
f 433/433 408/408 436/436
f 408/408 403/403 436/436
f 436/436 403/403 427/427
f 403/403 400/400 427/427
f 400/400 425/425 427/427
f 427/427 425/425 445/445
f 425/425 428/428 445/445
f 445/445 428/428 455/455
f 455/455 428/428 434/434
f 434/434 428/428 402/402
f 428/428 401/401 402/402
f 401/401 384/384 402/402
f 402/402 384/384 389/389
f 389/389 384/384 323/323
f 384/384 310/310 323/323
f 310/310 319/319 323/323
f 323/323 319/319 324/324
f 319/319 317/317 324/324
f 357/357 324/324 352/352
f 352/352 324/324 325/325
f 324/324 317/317 325/325
f 317/317 318/318 325/325
f 325/325 318/318 326/326
f 326/326 318/318 328/328
f 318/318 322/322 328/328
f 328/328 322/322 327/327
f 322/322 320/320 327/327
f 320/320 329/329 327/327
f 327/327 329/329 330/330
f 329/329 331/331 330/330
f 331/331 332/332 330/330
f 330/330 332/332 337/337
f 337/337 332/332 348/348
f 332/332 393/393 348/348
f 2920/2920 2896/2896 2892/2892
f 2892/2892 2896/2896 2893/2893
f 2896/2896 2907/2907 2893/2893
f 2893/2893 2907/2907 2916/2916
f 2907/2907 2917/2917 2916/2916
f 3600/3600 3598/3598 3599/3599
f 3599/3599 3598/3598 3597/3597
f 3598/3598 3595/3595 3597/3597
f 3595/3595 3596/3596 3597/3597
f 3597/3597 3596/3596 3610/3610
f 3596/3596 3612/3612 3610/3610
f 3610/3610 3612/3612 3617/3617
f 2204/2204 2229/2229 2189/2189
f 2189/2189 2229/2229 2199/2199
f 2229/2229 2218/2218 2199/2199
f 2198/2198 2199/2199 2203/2203
f 2199/2199 2218/2218 2203/2203
f 2218/2218 2217/2217 2203/2203
f 2203/2203 2217/2217 2201/2201
f 2217/2217 2212/2212 2201/2201
f 2201/2201 2212/2212 2200/2200
f 2200/2200 2212/2212 2211/2211
f 2212/2212 2220/2220 2211/2211
f 2220/2220 2219/2219 2211/2211
f 2211/2211 2219/2219 2213/2213
f 2219/2219 2226/2226 2213/2213
f 2226/2226 2227/2227 2213/2213
f 2213/2213 2227/2227 2214/2214
f 2222/2222 2214/2214 2231/2231
f 2214/2214 2227/2227 2231/2231
f 2231/2231 2227/2227 2238/2238
f 2227/2227 2236/2236 2238/2238
f 4218/4218 4217/4217 4216/4216
f 4217/4217 4215/4215 4216/4216
f 4216/4216 4215/4215 4214/4214
f 4214/4214 4215/4215 4213/4213
f 3560/3560 3558/3558 3559/3559
f 3559/3559 3558/3558 3553/3553
f 3549/3549 3553/3553 3557/3557
f 3553/3553 3558/3558 3557/3557
f 3557/3557 3558/3558 3573/3573
f 3573/3573 3558/3558 3576/3576
f 3558/3558 3561/3561 3576/3576
f 3576/3576 3561/3561 3591/3591
f 3561/3561 3570/3570 3591/3591
f 3570/3570 3611/3611 3591/3591
f 501/501 470/470 500/500
f 499/499 500/500 469/469
f 500/500 470/470 469/469
f 470/470 451/451 469/469
f 469/469 451/451 450/450
f 451/451 447/447 450/450
f 447/447 448/448 450/450
f 450/450 448/448 449/449
f 448/448 399/399 449/449
f 399/399 429/429 449/449
f 449/449 429/429 466/466
f 429/429 432/432 466/466
f 466/466 432/432 437/437
f 432/432 407/407 437/437
f 437/437 407/407 460/460
f 407/407 433/433 460/460
f 463/463 460/460 452/452
f 460/460 433/433 452/452
f 433/433 436/436 452/452
f 452/452 436/436 471/471
f 471/471 436/436 454/454
f 454/454 436/436 453/453
f 436/436 427/427 453/453
f 427/427 445/445 453/453
f 481/481 453/453 477/477
f 453/453 445/445 477/477
f 445/445 455/455 477/477
f 477/477 455/455 489/489
f 489/489 455/455 465/465
f 455/455 434/434 465/465
f 465/465 434/434 456/456
f 456/456 434/434 422/422
f 434/434 402/402 422/422
f 422/422 402/402 388/388
f 402/402 389/389 388/388
f 389/389 323/323 388/388
f 388/388 323/323 370/370
f 323/323 324/324 370/370
f 324/324 357/357 370/370
f 370/370 357/357 385/385
f 385/385 357/357 378/378
f 378/378 357/357 368/368
f 357/357 352/352 368/368
f 368/368 352/352 360/360
f 360/360 352/352 350/350
f 352/352 325/325 350/350
f 325/325 326/326 350/350
f 326/326 328/328 350/350
f 350/350 328/328 351/351
f 351/351 328/328 340/340
f 328/328 327/327 340/340
f 340/340 327/327 338/338
f 327/327 330/330 338/338
f 330/330 337/337 338/338
f 342/342 338/338 341/341
f 338/338 337/337 341/341
f 337/337 348/348 341/341
f 341/341 348/348 353/353
f 348/348 405/405 353/353
f 353/353 405/405 369/369
f 2887/2887 2821/2821 2914/2914
f 2914/2914 2821/2821 2824/2824
f 2824/2824 2821/2821 2823/2823
f 2823/2823 2821/2821 2820/2820
f 2820/2820 2821/2821 2822/2822
f 2821/2821 2887/2887 2822/2822
f 2822/2822 2887/2887 2888/2888
f 2887/2887 2920/2920 2888/2888
f 2920/2920 2892/2892 2888/2888
f 2890/2890 2888/2888 2891/2891
f 2888/2888 2892/2892 2891/2891
f 2892/2892 2893/2893 2891/2891
f 3606/3606 3603/3603 3604/3604
f 3604/3604 3603/3603 3602/3602
f 3603/3603 3600/3600 3602/3602
f 3602/3602 3600/3600 3601/3601
f 3600/3600 3599/3599 3601/3601
f 3601/3601 3599/3599 3614/3614
f 3614/3614 3599/3599 3615/3615
f 3599/3599 3597/3597 3615/3615
f 3597/3597 3610/3610 3615/3615
f 3610/3610 3617/3617 3615/3615
f 2190/2190 2204/2204 2181/2181
f 2204/2204 2189/2189 2181/2181
f 2181/2181 2189/2189 2180/2180
f 2180/2180 2189/2189 2187/2187
f 2189/2189 2199/2199 2187/2187
f 2199/2199 2198/2198 2187/2187
f 2187/2187 2198/2198 2188/2188
f 2198/2198 2203/2203 2188/2188
f 2203/2203 2201/2201 2188/2188
f 2188/2188 2201/2201 2191/2191
f 2201/2201 2200/2200 2191/2191
f 2184/2184 2191/2191 2197/2197
f 2191/2191 2200/2200 2197/2197
f 2200/2200 2211/2211 2197/2197
f 2211/2211 2213/2213 2197/2197
f 2197/2197 2213/2213 2207/2207
f 2213/2213 2214/2214 2207/2207
f 2214/2214 2222/2222 2207/2207
f 2222/2222 2215/2215 2207/2207
f 2207/2207 2215/2215 2206/2206
f 2206/2206 2215/2215 2209/2209
f 2215/2215 2221/2221 2209/2209
f 2209/2209 2221/2221 2223/2223
f 2223/2223 2221/2221 2230/2230
f 2221/2221 2215/2215 2230/2230
f 2215/2215 2222/2222 2230/2230
f 2230/2230 2222/2222 2232/2232
f 2232/2232 2222/2222 2233/2233
f 2222/2222 2231/2231 2233/2233
f 4233/4233 4226/4226 4221/4221
f 4226/4226 4216/4216 4221/4221
f 4216/4216 4214/4214 4221/4221
f 4221/4221 4214/4214 4211/4211
f 4214/4214 4213/4213 4211/4211
f 4213/4213 4212/4212 4211/4211
f 4211/4211 4212/4212 4209/4209
f 3553/3553 3549/3549 3552/3552
f 4206/4206 4208/4208 4207/4207
f 4208/4208 4209/4209 4207/4207
f 3552/3552 3549/3549 3548/3548
f 3548/3548 3549/3549 3547/3547
f 3551/3551 3547/3547 3550/3550
f 3547/3547 3549/3549 3550/3550
f 3550/3550 3549/3549 3566/3566
f 3566/3566 3549/3549 3572/3572
f 3549/3549 3557/3557 3572/3572
f 3572/3572 3557/3557 3593/3593
f 3557/3557 3573/3573 3593/3593
f 3593/3593 3573/3573 3613/3613
f 3573/3573 3576/3576 3613/3613
f 3613/3613 3576/3576 3624/3624
f 3576/3576 3591/3591 3624/3624
f 501/501 500/500 505/505
f 505/505 500/500 503/503
f 500/500 499/499 503/503
f 503/503 499/499 502/502
f 502/502 499/499 468/468
f 499/499 469/469 468/468
f 469/469 450/450 468/468
f 450/450 449/449 468/468
f 449/449 466/466 468/468
f 468/468 466/466 483/483
f 483/483 466/466 467/467
f 466/466 437/437 467/467
f 437/437 460/460 467/467
f 467/467 460/460 478/478
f 460/460 463/463 478/478
f 478/478 463/463 490/490
f 490/490 463/463 484/484
f 463/463 452/452 484/484
f 452/452 471/471 484/484
f 484/484 471/471 509/509
f 509/509 471/471 497/497
f 471/471 454/454 497/497
f 497/497 454/454 488/488
f 454/454 453/453 488/488
f 453/453 481/481 488/488
f 488/488 481/481 498/498
f 498/498 481/481 492/492
f 481/481 477/477 492/492
f 477/477 489/489 492/492
f 492/492 489/489 511/511
f 511/511 489/489 496/496
f 489/489 465/465 496/496
f 496/496 465/465 485/485
f 465/465 456/456 485/485
f 485/485 456/456 472/472
f 472/472 456/456 457/457
f 456/456 422/422 457/457
f 457/457 422/422 409/409
f 422/422 388/388 409/409
f 388/388 370/370 409/409
f 370/370 385/385 409/409
f 409/409 385/385 394/394
f 385/385 378/378 394/394
f 394/394 378/378 383/383
f 383/383 378/378 377/377
f 378/378 368/368 377/377
f 377/377 368/368 376/376
f 368/368 360/360 376/376
f 376/376 360/360 359/359
f 360/360 350/350 359/359
f 350/350 351/351 359/359
f 359/359 351/351 349/349
f 351/351 340/340 349/349
f 340/340 338/338 349/349
f 338/338 342/342 349/349
f 349/349 342/342 355/355
f 363/363 355/355 354/354
f 355/355 342/342 354/354
f 342/342 341/341 354/354
f 341/341 353/353 354/354
f 354/354 353/353 358/358
f 353/353 369/369 358/358
f 358/358 369/369 367/367
f 2865/2865 2922/2922 2863/2863
f 412/412 367/367 442/442
f 367/367 369/369 442/442
f 2914/2914 2824/2824 2863/2863
f 2863/2863 2824/2824 2825/2825
f 2824/2824 2823/2823 2825/2825
f 2825/2825 2823/2823 2826/2826
f 2216/2216 2193/2193 2158/2158
f 2158/2158 2193/2193 2142/2142
f 2142/2142 2193/2193 2156/2156
f 2823/2823 2820/2820 2931/2931
f 2931/2931 2820/2820 2913/2913
f 2820/2820 2822/2822 2913/2913
f 2913/2913 2822/2822 2889/2889
f 2822/2822 2888/2888 2889/2889
f 2888/2888 2890/2890 2889/2889
f 2194/2194 2239/2239 2157/2157
f 2157/2157 2239/2239 2169/2169
f 3619/3619 3606/3606 3616/3616
f 3606/3606 3604/3604 3616/3616
f 3616/3616 3604/3604 3620/3620
f 3604/3604 3602/3602 3620/3620
f 2192/2192 2228/2228 2176/2176
f 2176/2176 2228/2228 2177/2177
f 3602/3602 3601/3601 3623/3623
f 3601/3601 3614/3614 3623/3623
f 2177/2177 2210/2210 2170/2170
f 2170/2170 2210/2210 2175/2175
f 2210/2210 2190/2190 2175/2175
f 2175/2175 2190/2190 2174/2174
f 2190/2190 2181/2181 2174/2174
f 2174/2174 2181/2181 2171/2171
f 2181/2181 2180/2180 2171/2171
f 2171/2171 2180/2180 2178/2178
f 2180/2180 2187/2187 2178/2178
f 2187/2187 2188/2188 2178/2178
f 2188/2188 2191/2191 2178/2178
f 2191/2191 2184/2184 2178/2178
f 2178/2178 2184/2184 2173/2173
f 2173/2173 2184/2184 2179/2179
f 2179/2179 2184/2184 2195/2195
f 2184/2184 2197/2197 2195/2195
f 2197/2197 2207/2207 2195/2195
f 2207/2207 2206/2206 2195/2195
f 2195/2195 2206/2206 2196/2196
f 2196/2196 2206/2206 2202/2202
f 2206/2206 2209/2209 2202/2202
f 2209/2209 2223/2223 2202/2202
f 2202/2202 2208/2208 2205/2205
f 1648/1648 1694/1694 1647/1647
f 1647/1647 1694/1694 1692/1692
f 2208/2208 2202/2202 2224/2224
f 2202/2202 2223/2223 2224/2224
f 2224/2224 2223/2223 2225/2225
f 1717/1717 1794/1794 1777/1777
f 1788/1788 1777/1777 1800/1800
f 1777/1777 1794/1794 1800/1800
f 2223/2223 2230/2230 2235/2235
f 4253/4253 4252/4252 4246/4246
f 4252/4252 4244/4244 4246/4246
f 4246/4246 4244/4244 4223/4223
f 4244/4244 4233/4233 4223/4223
f 4233/4233 4221/4221 4223/4223
f 4223/4223 4221/4221 4210/4210
f 4221/4221 4211/4211 4210/4210
f 4211/4211 4209/4209 4210/4210
f 4209/4209 4208/4208 4210/4210
f 4210/4210 4208/4208 4222/4222
f 4208/4208 4206/4206 4222/4222
f 4222/4222 4206/4206 4205/4205
f 4205/4205 4206/4206 4204/4204
f 4206/4206 4207/4207 4204/4204
f 3548/3548 3547/3547 3546/3546
f 3546/3546 3547/3547 3541/3541
f 3547/3547 3551/3551 3541/3541
f 3541/3541 3551/3551 3539/3539
f 3539/3539 3551/3551 3554/3554
f 3554/3554 3551/3551 3564/3564
f 3551/3551 3550/3550 3564/3564
f 3564/3564 3550/3550 3581/3581
f 3550/3550 3566/3566 3581/3581
f 3581/3581 3566/3566 3607/3607
f 3566/3566 3572/3572 3607/3607
f 3607/3607 3572/3572 3622/3622
f 3572/3572 3593/3593 3622/3622
f 3622/3622 3593/3593 3828/3828
f 3593/3593 3613/3613 3828/3828
f 3828/3828 3613/3613 3840/3840
f 521/521 505/505 520/520
f 505/505 503/503 520/520
f 520/520 503/503 519/519
f 503/503 502/502 519/519
f 519/519 502/502 504/504
f 502/502 468/468 504/504
f 468/468 483/483 504/504
f 483/483 467/467 504/504
f 504/504 467/467 506/506
f 506/506 467/467 507/507
f 467/467 478/478 507/507
f 478/478 490/490 507/507
f 507/507 490/490 508/508
f 523/523 508/508 494/494
f 508/508 490/490 494/494
f 490/490 484/484 494/494
f 494/494 484/484 510/510
f 484/484 509/509 510/510
f 510/510 509/509 543/543
f 564/564 543/543 516/516
f 543/543 509/509 516/516
f 509/509 497/497 516/516
f 516/516 497/497 514/514
f 514/514 497/497 512/512
f 497/497 488/488 512/512
f 488/488 498/498 512/512
f 512/512 498/498 525/525
f 525/525 498/498 518/518
f 498/498 492/492 518/518
f 492/492 511/511 518/518
f 518/518 511/511 527/527
f 527/527 511/511 515/515
f 511/511 496/496 515/515
f 496/496 485/485 515/515
f 515/515 485/485 493/493
f 485/485 472/472 493/493
f 493/493 472/472 487/487
f 472/472 457/457 487/487
f 487/487 457/457 473/473
f 473/473 457/457 438/438
f 457/457 409/409 438/438
f 409/409 394/394 438/438
f 438/438 394/394 423/423
f 394/394 383/383 423/423
f 423/423 383/383 414/414
f 383/383 377/377 414/414
f 414/414 377/377 411/411
f 377/377 376/376 411/411
f 411/411 376/376 413/413
f 413/413 376/376 372/372
f 376/376 359/359 372/372
f 372/372 359/359 361/361
f 359/359 349/349 361/361
f 349/349 355/355 361/361
f 361/361 355/355 365/365
f 365/365 355/355 366/366
f 366/366 355/355 364/364
f 355/355 363/363 364/364
f 364/364 363/363 362/362
f 363/363 354/354 362/362
f 354/354 358/358 362/362
f 358/358 367/367 362/362
f 362/362 367/367 380/380
f 367/367 412/412 380/380
f 380/380 412/412 415/415
f 2922/2922 2865/2865 2921/2921
f 2921/2921 2865/2865 2848/2848
f 2848/2848 2865/2865 2837/2837
f 2837/2837 2865/2865 2828/2828
f 2865/2865 2863/2863 2828/2828
f 2863/2863 2825/2825 2828/2828
f 2828/2828 2825/2825 2827/2827
f 2825/2825 2826/2826 2827/2827
f 2234/2234 2216/2216 2141/2141
f 2216/2216 2158/2158 2141/2141
f 2141/2141 2158/2158 2123/2123
f 2158/2158 2142/2142 2123/2123
f 2123/2123 2142/2142 2122/2122
f 2122/2122 2142/2142 2140/2140
f 2142/2142 2156/2156 2140/2140
f 2156/2156 2168/2168 2140/2140
f 2140/2140 2168/2168 2146/2146
f 2168/2168 2194/2194 2146/2146
f 2194/2194 2157/2157 2146/2146
f 2146/2146 2157/2157 2145/2145
f 2145/2145 2157/2157 2150/2150
f 2157/2157 2169/2169 2150/2150
f 2150/2150 2169/2169 2162/2162
f 2169/2169 2192/2192 2162/2162
f 2192/2192 2176/2176 2162/2162
f 2162/2162 2176/2176 2163/2163
f 2176/2176 2177/2177 2163/2163
f 2177/2177 2170/2170 2163/2163
f 2163/2163 2170/2170 2164/2164
f 2170/2170 2175/2175 2164/2164
f 2175/2175 2174/2174 2164/2164
f 2174/2174 2171/2171 2164/2164
f 2164/2164 2171/2171 2165/2165
f 2165/2165 2171/2171 2166/2166
f 2171/2171 2178/2178 2166/2166
f 2178/2178 2173/2173 2166/2166
f 2166/2166 2173/2173 2167/2167
f 2167/2167 2173/2173 2172/2172
f 2173/2173 2179/2179 2172/2172
f 2172/2172 2179/2179 2185/2185
f 2179/2179 2195/2195 2185/2185
f 2195/2195 2196/2196 2185/2185
f 2196/2196 2202/2202 2185/2185
f 2185/2185 2202/2202 2186/2186
f 2202/2202 2205/2205 2186/2186
f 1652/1652 1648/1648 1634/1634
f 1648/1648 1647/1647 1634/1634
f 1634/1634 1647/1647 1633/1633
f 1647/1647 1637/1637 1633/1633
f 1633/1633 1637/1637 1632/1632
f 1632/1632 1637/1637 1644/1644
f 1637/1637 1650/1650 1644/1644
f 1644/1644 1650/1650 1651/1651
f 1690/1690 1651/1651 1691/1691
f 1651/1651 1650/1650 1691/1691
f 1650/1650 1647/1647 1691/1691
f 1647/1647 1692/1692 1691/1691
f 1692/1692 1717/1717 1691/1691
f 1717/1717 1777/1777 1691/1691
f 1691/1691 1777/1777 1723/1723
f 1777/1777 1788/1788 1723/1723
f 1723/1723 1788/1788 1776/1776
f 1786/1786 1776/1776 1801/1801
f 1776/1776 1788/1788 1801/1801
f 1788/1788 1800/1800 1801/1801
f 4250/4250 4253/4253 4245/4245
f 4253/4253 4246/4246 4245/4245
f 4246/4246 4223/4223 4245/4245
f 4245/4245 4223/4223 4232/4232
f 4223/4223 4210/4210 4232/4232
f 4232/4232 4210/4210 4229/4229
f 4210/4210 4222/4222 4229/4229
f 4222/4222 4205/4205 4229/4229
f 4229/4229 4205/4205 4225/4225
f 4224/4224 4225/4225 4202/4202
f 4225/4225 4205/4205 4202/4202
f 4205/4205 4204/4204 4202/4202
f 4202/4202 4204/4204 4203/4203
f 3546/3546 3541/3541 3537/3537
f 3541/3541 3539/3539 3537/3537
f 3537/3537 3539/3539 3538/3538
f 3539/3539 3554/3554 3538/3538
f 3538/3538 3554/3554 3540/3540
f 3542/3542 3540/3540 3563/3563
f 3540/3540 3554/3554 3563/3563
f 3563/3563 3554/3554 3578/3578
f 3554/3554 3564/3564 3578/3578
f 3578/3578 3564/3564 3609/3609
f 3564/3564 3581/3581 3609/3609
f 3581/3581 3607/3607 3609/3609
f 3609/3609 3607/3607 3826/3826
f 3607/3607 3622/3622 3826/3826
f 3826/3826 3622/3622 3827/3827
f 3622/3622 3828/3828 3827/3827
f 537/537 535/535 533/533
f 535/535 520/520 533/533
f 533/533 520/520 532/532
f 520/520 519/519 532/532
f 532/532 519/519 534/534
f 519/519 504/504 534/534
f 534/534 504/504 536/536
f 504/504 506/506 536/536
f 506/506 507/507 536/536
f 536/536 507/507 541/541
f 541/541 507/507 522/522
f 507/507 508/508 522/522
f 508/508 523/523 522/522
f 522/522 523/523 540/540
f 540/540 523/523 524/524
f 523/523 494/494 524/524
f 494/494 510/510 524/524
f 524/524 510/510 551/551
f 510/510 543/543 551/551
f 551/551 543/543 571/571
f 543/543 564/564 571/571
f 571/571 564/564 580/580
f 580/580 564/564 555/555
f 564/564 516/516 555/555
f 555/555 516/516 546/546
f 516/516 514/514 546/546
f 546/546 514/514 529/529
f 514/514 512/512 529/529
f 512/512 525/525 529/529
f 529/529 525/525 548/548
f 548/548 525/525 542/542
f 525/525 518/518 542/542
f 518/518 527/527 542/542
f 542/542 527/527 554/554
f 554/554 527/527 545/545
f 527/527 515/515 545/545
f 545/545 515/515 531/531
f 515/515 493/493 531/531
f 531/531 493/493 517/517
f 493/493 487/487 517/517
f 517/517 487/487 513/513
f 487/487 473/473 513/513
f 513/513 473/473 495/495
f 495/495 473/473 462/462
f 473/473 438/438 462/462
f 438/438 423/423 462/462
f 462/462 423/423 441/441
f 423/423 414/414 441/441
f 441/441 414/414 435/435
f 414/414 411/411 435/435
f 435/435 411/411 426/426
f 411/411 413/413 426/426
f 426/426 413/413 439/439
f 439/439 413/413 416/416
f 413/413 372/372 416/416
f 416/416 372/372 373/373
f 372/372 361/361 373/373
f 361/361 365/365 373/373
f 373/373 365/365 374/374
f 365/365 366/366 374/374
f 421/421 374/374 375/375
f 374/374 366/366 375/375
f 375/375 366/366 418/418
f 418/418 366/366 379/379
f 366/366 364/364 379/379
f 364/364 362/362 379/379
f 362/362 380/380 379/379
f 379/379 380/380 381/381
f 381/381 380/380 382/382
f 380/380 415/415 382/382
f 446/446 382/382 461/461
f 382/382 415/415 461/461
f 2921/2921 2848/2848 2864/2864
f 2864/2864 2848/2848 2836/2836
f 2848/2848 2837/2837 2836/2836
f 2836/2836 2837/2837 2830/2830
f 4274/4274 4275/4275 4276/4276
f 2830/2830 2828/2828 2829/2829
f 2828/2828 2827/2827 2829/2829
f 2234/2234 2141/2141 2182/2182
f 2182/2182 2141/2141 2113/2113
f 2113/2113 2141/2141 2110/2110
f 2141/2141 2123/2123 2110/2110
f 2110/2110 2123/2123 2108/2108
f 2123/2123 2122/2122 2108/2108
f 2100/2100 2108/2108 2112/2112
f 2108/2108 2122/2122 2112/2112
f 2122/2122 2140/2140 2112/2112
f 2112/2112 2140/2140 2138/2138
f 2140/2140 2146/2146 2138/2138
f 2146/2146 2145/2145 2138/2138
f 2138/2138 2145/2145 2137/2137
f 2145/2145 2150/2150 2137/2137
f 2137/2137 2150/2150 2148/2148
f 2150/2150 2162/2162 2148/2148
f 2162/2162 2163/2163 2148/2148
f 2148/2148 2163/2163 2149/2149
f 2163/2163 2164/2164 2149/2149
f 2149/2149 2164/2164 2151/2151
f 2164/2164 2165/2165 2151/2151
f 2165/2165 2166/2166 2151/2151
f 2166/2166 2167/2167 2151/2151
f 2151/2151 2167/2167 2153/2153
f 2167/2167 2172/2172 2153/2153
f 2153/2153 2172/2172 2154/2154
f 2154/2154 2172/2172 2161/2161
f 2172/2172 2185/2185 2161/2161
f 2185/2185 2186/2186 2161/2161
f 1636/1636 1652/1652 1629/1629
f 1652/1652 1634/1634 1629/1629
f 1629/1629 1634/1634 1624/1624
f 1624/1624 1634/1634 1623/1623
f 1634/1634 1633/1633 1623/1623
f 1633/1633 1632/1632 1623/1623
f 1623/1623 1632/1632 1622/1622
f 1631/1631 1622/1622 1641/1641
f 1622/1622 1632/1632 1641/1641
f 1632/1632 1644/1644 1641/1641
f 1641/1641 1644/1644 1645/1645
f 1645/1645 1644/1644 1654/1654
f 1644/1644 1651/1651 1654/1654
f 1654/1654 1651/1651 1688/1688
f 1651/1651 1690/1690 1688/1688
f 1688/1688 1690/1690 1718/1718
f 1690/1690 1691/1691 1718/1718
f 1691/1691 1723/1723 1718/1718
f 1718/1718 1723/1723 1757/1757
f 1723/1723 1776/1776 1757/1757
f 1776/1776 1786/1786 1757/1757
f 1757/1757 1786/1786 1779/1779
f 1779/1779 1786/1786 1792/1792
f 1786/1786 1801/1801 1792/1792
f 4248/4248 4254/4254 4239/4239
f 4254/4254 4250/4250 4239/4239
f 4239/4239 4250/4250 4236/4236
f 4250/4250 4245/4245 4236/4236
f 4245/4245 4232/4232 4236/4236
f 4232/4232 4229/4229 4236/4236
f 4236/4236 4229/4229 4230/4230
f 4229/4229 4225/4225 4230/4230
f 4230/4230 4225/4225 4231/4231
f 4225/4225 4224/4224 4231/4231
f 4231/4231 4224/4224 4201/4201
f 4224/4224 4202/4202 4201/4201
f 4201/4201 4202/4202 4200/4200
f 4202/4202 4203/4203 4200/4200
f 3536/3536 3537/3537 3535/3535
f 3537/3537 3538/3538 3535/3535
f 3538/3538 3540/3540 3535/3535
f 3540/3540 3542/3542 3535/3535
f 3542/3542 3543/3543 3535/3535
f 3535/3535 3543/3543 3534/3534
f 3534/3534 3543/3543 3555/3555
f 3543/3543 3542/3542 3555/3555
f 3542/3542 3563/3563 3555/3555
f 3594/3594 3555/3555 3584/3584
f 3555/3555 3563/3563 3584/3584
f 3584/3584 3563/3563 3608/3608
f 3563/3563 3578/3578 3608/3608
f 3608/3608 3578/3578 3814/3814
f 3578/3578 3609/3609 3814/3814
f 3814/3814 3609/3609 3816/3816
f 3609/3609 3826/3826 3816/3816
f 3826/3826 3827/3827 3816/3816
f 561/561 537/537 556/556
f 556/556 537/537 538/538
f 537/537 533/533 538/538
f 533/533 532/532 538/538
f 538/538 532/532 539/539
f 532/532 534/534 539/539
f 534/534 536/536 539/539
f 539/539 536/536 558/558
f 558/558 536/536 563/563
f 536/536 541/541 563/563
f 563/563 541/541 547/547
f 541/541 522/522 547/547
f 547/547 522/522 552/552
f 522/522 540/540 552/552
f 552/552 540/540 560/560
f 560/560 540/540 559/559
f 540/540 524/524 559/559
f 524/524 551/551 559/559
f 559/559 551/551 577/577
f 551/551 571/571 577/577
f 3992/3992 3978/3978 3967/3967
f 3978/3978 3943/3943 3967/3967
f 3942/3942 3967/3967 3933/3933
f 3967/3967 3943/3943 3933/3933
f 3933/3933 3943/3943 3927/3927
f 3922/3922 3927/3927 3940/3940
f 3927/3927 3943/3943 3940/3940
f 580/580 555/555 573/573
f 555/555 546/546 573/573
f 573/573 546/546 566/566
f 546/546 529/529 566/566
f 566/566 529/529 553/553
f 529/529 548/548 553/553
f 553/553 548/548 570/570
f 570/570 548/548 567/567
f 548/548 542/542 567/567
f 542/542 554/554 567/567
f 567/567 554/554 569/569
f 554/554 545/545 569/569
f 545/545 568/568 569/569
f 3939/3939 3961/3961 3947/3947
f 3947/3947 3961/3961 3965/3965
f 582/582 568/568 550/550
f 568/568 545/545 550/550
f 545/545 531/531 550/550
f 531/531 517/517 550/550
f 550/550 517/517 549/549
f 517/517 513/513 549/549
f 549/549 513/513 544/544
f 513/513 495/495 544/544
f 544/544 495/495 530/530
f 530/530 495/495 491/491
f 495/495 462/462 491/491
f 462/462 441/441 491/491
f 491/491 441/441 486/486
f 441/441 435/435 486/486
f 486/486 435/435 479/479
f 435/435 426/426 479/479
f 479/479 426/426 480/480
f 1226/1226 1222/1222 1218/1218
f 1218/1218 1222/1222 1197/1197
f 1197/1197 1222/1222 1212/1212
f 439/439 416/416 440/440
f 440/440 416/416 417/417
f 416/416 373/373 417/417
f 373/373 374/374 417/417
f 374/374 421/421 417/417
f 1213/1213 1214/1214 1199/1199
f 1199/1199 1214/1214 1194/1194
f 1194/1194 1214/1214 1216/1216
f 421/421 375/375 443/443
f 375/375 418/418 443/443
f 443/443 418/418 444/444
f 444/444 418/418 419/419
f 418/418 379/379 419/419
f 379/379 381/381 419/419
f 419/419 381/381 420/420
f 381/381 382/382 420/420
f 382/382 446/446 420/420
f 1225/1225 1230/1230 1217/1217
f 2906/2906 2918/2918 2866/2866
f 2918/2918 2864/2864 2866/2866
f 2866/2866 2864/2864 2838/2838
f 2864/2864 2836/2836 2838/2838
f 2838/2838 2836/2836 2832/2832
f 2836/2836 2830/2830 2832/2832
f 2832/2832 2830/2830 2831/2831
f 2830/2830 2829/2829 2831/2831
f 2182/2182 2113/2113 2183/2183
f 2183/2183 2113/2113 2114/2114
f 2114/2114 2113/2113 2107/2107
f 2107/2107 2113/2113 2106/2106
f 2113/2113 2110/2110 2106/2106
f 2110/2110 2108/2108 2106/2106
f 2106/2106 2108/2108 2099/2099
f 2108/2108 2100/2100 2099/2099
f 1995/1995 2099/2099 2005/2005
f 2099/2099 2100/2100 2005/2005
f 2005/2005 2100/2100 2028/2028
f 2028/2028 2100/2100 2101/2101
f 2101/2101 2100/2100 2109/2109
f 2100/2100 2112/2112 2109/2109
f 2109/2109 2112/2112 2116/2116
f 2112/2112 2138/2138 2116/2116
f 2138/2138 2137/2137 2116/2116
f 2116/2116 2137/2137 2134/2134
f 2137/2137 2148/2148 2134/2134
f 2148/2148 2149/2149 2134/2134
f 2134/2134 2149/2149 2133/2133
f 2149/2149 2151/2151 2133/2133
f 2133/2133 2151/2151 2143/2143
f 2151/2151 2153/2153 2143/2143
f 2136/2136 2143/2143 2147/2147
f 2143/2143 2153/2153 2147/2147
f 2153/2153 2154/2154 2147/2147
f 2147/2147 2154/2154 2152/2152
f 2152/2152 2154/2154 2155/2155
f 2154/2154 2161/2161 2155/2155
f 1628/1628 1636/1636 1621/1621
f 1636/1636 1629/1629 1621/1621
f 1629/1629 1624/1624 1621/1621
f 1624/1624 1619/1619 1621/1621
f 1621/1621 1619/1619 1616/1616
f 1608/1608 1616/1616 1615/1615
f 1616/1616 1619/1619 1615/1615
f 1619/1619 1624/1624 1615/1615
f 1624/1624 1623/1623 1615/1615
f 1623/1623 1622/1622 1615/1615
f 1615/1615 1622/1622 1617/1617
f 1622/1622 1631/1631 1617/1617
f 1610/1610 1617/1617 1618/1618
f 1618/1618 1617/1617 1630/1630
f 1617/1617 1631/1631 1630/1630
f 1630/1630 1631/1631 1639/1639
f 1631/1631 1641/1641 1639/1639
f 1639/1639 1641/1641 1649/1649
f 1641/1641 1645/1645 1649/1649
f 1649/1649 1645/1645 1656/1656
f 1686/1686 1656/1656 1660/1660
f 1656/1656 1645/1645 1660/1660
f 1645/1645 1654/1654 1660/1660
f 1660/1660 1654/1654 1689/1689
f 1654/1654 1688/1688 1689/1689
f 1689/1689 1688/1688 1716/1716
f 1688/1688 1718/1718 1716/1716
f 1716/1716 1718/1718 1752/1752
f 1718/1718 1757/1757 1752/1752
f 1752/1752 1757/1757 1771/1771
f 1757/1757 1779/1779 1771/1771
f 1771/1771 1779/1779 1780/1780
f 1780/1780 1779/1779 1791/1791
f 1779/1779 1792/1792 1791/1791
f 1792/1792 1793/1793 1791/1791
f 4257/4257 4248/4248 4249/4249
f 4249/4249 4248/4248 4238/4238
f 4248/4248 4239/4239 4238/4238
f 4239/4239 4236/4236 4238/4238
f 4236/4236 4230/4230 4238/4238
f 4238/4238 4230/4230 4234/4234
f 4230/4230 4231/4231 4234/4234
f 4235/4235 4234/4234 4227/4227
f 4234/4234 4231/4231 4227/4227
f 4231/4231 4201/4201 4227/4227
f 4227/4227 4201/4201 4199/4199
f 4201/4201 4200/4200 4199/4199
f 4199/4199 4200/4200 4198/4198
f 3536/3536 3535/3535 3533/3533
f 3535/3535 3534/3534 3533/3533
f 3529/3529 3533/3533 3532/3532
f 3533/3533 3534/3534 3532/3532
f 3534/3534 3555/3555 3532/3532
f 3532/3532 3555/3555 3565/3565
f 3555/3555 3594/3594 3565/3565
f 3565/3565 3594/3594 3592/3592
f 3592/3592 3594/3594 3812/3812
f 3812/3812 3594/3594 3813/3813
f 3594/3594 3584/3584 3813/3813
f 3584/3584 3608/3608 3813/3813
f 3608/3608 3814/3814 3813/3813
f 3813/3813 3814/3814 3823/3823
f 3814/3814 3816/3816 3823/3823
f 3823/3823 3816/3816 3844/3844
f 561/561 556/556 562/562
f 562/562 556/556 557/557
f 556/556 538/538 557/557
f 538/538 539/539 557/557
f 539/539 558/558 557/557
f 557/557 558/558 572/572
f 558/558 563/563 572/572
f 572/572 563/563 581/581
f 581/581 563/563 565/565
f 563/563 547/547 565/565
f 547/547 552/552 565/565
f 565/565 552/552 578/578
f 552/552 560/560 578/578
f 4025/4025 4026/4026 4016/4016
f 4026/4026 4024/4024 4016/4016
f 4016/4016 4024/4024 3999/3999
f 4024/4024 4014/4014 3999/3999
f 4014/4014 3992/3992 3999/3999
f 3999/3999 3992/3992 3979/3979
f 3992/3992 3967/3967 3979/3979
f 3967/3967 3942/3942 3979/3979
f 3979/3979 3942/3942 3962/3962
f 3962/3962 3942/3942 3950/3950
f 3950/3950 3942/3942 3925/3925
f 3942/3942 3933/3933 3925/3925
f 3925/3925 3933/3933 3912/3912
f 3933/3933 3927/3927 3912/3912
f 3912/3912 3927/3927 3907/3907
f 3927/3927 3922/3922 3907/3907
f 3907/3907 3922/3922 3906/3906
f 3906/3906 3922/3922 3923/3923
f 3922/3922 3940/3940 3923/3923
f 3940/3940 3945/3945 3923/3923
f 3923/3923 3945/3945 3934/3934
f 3945/3945 3946/3946 3934/3934
f 3946/3946 3936/3936 3934/3934
f 3934/3934 3936/3936 3917/3917
f 3917/3917 3936/3936 3932/3932
f 3936/3936 3955/3955 3932/3932
f 3955/3955 3939/3939 3932/3932
f 3932/3932 3939/3939 3930/3930
f 3939/3939 3947/3947 3930/3930
f 3930/3930 3947/3947 3937/3937
f 3937/3937 3947/3947 3958/3958
f 3947/3947 3965/3965 3958/3958
f 3958/3958 3965/3965 3982/3982
f 3965/3965 3991/3991 3982/3982
f 3991/3991 3997/3997 3982/3982
f 3982/3982 3997/3997 4000/4000
f 549/549 544/544 575/575
f 575/575 544/544 574/574
f 544/544 530/530 574/574
f 574/574 530/530 576/576
f 576/576 530/530 528/528
f 530/530 491/491 528/528
f 491/491 486/486 528/528
f 528/528 486/486 526/526
f 486/486 479/479 526/526
f 1279/1279 1240/1240 1219/1219
f 1240/1240 1218/1218 1219/1219
f 1219/1219 1218/1218 1192/1192
f 1218/1218 1197/1197 1192/1192
f 1192/1192 1197/1197 1154/1154
f 1154/1154 1197/1197 1178/1178
f 1197/1197 1212/1212 1178/1178
f 1178/1178 1212/1212 1171/1171
f 1212/1212 1213/1213 1171/1171
f 1213/1213 1199/1199 1171/1171
f 1171/1171 1199/1199 1169/1169
f 1169/1169 1199/1199 1170/1170
f 1199/1199 1194/1194 1170/1170
f 1170/1170 1194/1194 1168/1168
f 1168/1168 1194/1194 1189/1189
f 1194/1194 1216/1216 1189/1189
f 1216/1216 1211/1211 1189/1189
f 1189/1189 1211/1211 1187/1187
f 1187/1187 1211/1211 1209/1209
f 1211/1211 1224/1224 1209/1209
f 1209/1209 1224/1224 1210/1210
f 1224/1224 1225/1225 1210/1210
f 1225/1225 1217/1217 1210/1210
f 1210/1210 1217/1217 1191/1191
f 2932/2932 2906/2906 2919/2919
f 2919/2919 2906/2906 2849/2849
f 2849/2849 2906/2906 2840/2840
f 2906/2906 2866/2866 2840/2840
f 2840/2840 2866/2866 2834/2834
f 2866/2866 2838/2838 2834/2834
f 2838/2838 2832/2832 2834/2834
f 2834/2834 2832/2832 2833/2833
f 2832/2832 2831/2831 2833/2833
f 2183/2183 2114/2114 2160/2160
f 2160/2160 2114/2114 1985/1985
f 1985/1985 2114/2114 1986/1986
f 2114/2114 2107/2107 1986/1986
f 2107/2107 2106/2106 1986/1986
f 1986/1986 2106/2106 1994/1994
f 2106/2106 2099/2099 1994/1994
f 2099/2099 1995/1995 1994/1994
f 1994/1994 1995/1995 1993/1993
f 1993/1993 1995/1995 1996/1996
f 1996/1996 1995/1995 2003/2003
f 1995/1995 2005/2005 2003/2003
f 2003/2003 2005/2005 2024/2024
f 2005/2005 2028/2028 2024/2024
f 2024/2024 2028/2028 2081/2081
f 2081/2081 2028/2028 2103/2103
f 2028/2028 2101/2101 2103/2103
f 2101/2101 2109/2109 2103/2103
f 2103/2103 2109/2109 2111/2111
f 2109/2109 2116/2116 2111/2111
f 2115/2115 2111/2111 2117/2117
f 2111/2111 2116/2116 2117/2117
f 2116/2116 2134/2134 2117/2117
f 2134/2134 2133/2133 2117/2117
f 2117/2117 2133/2133 2124/2124
f 2124/2124 2133/2133 2135/2135
f 2133/2133 2143/2143 2135/2135
f 2143/2143 2136/2136 2135/2135
f 2135/2135 2136/2136 2129/2129
f 2129/2129 2136/2136 2144/2144
f 2136/2136 2147/2147 2144/2144
f 2147/2147 2152/2152 2144/2144
f 2152/2152 2155/2155 2144/2144
f 1675/1675 1628/1628 1625/1625
f 1628/1628 1621/1621 1625/1625
f 1625/1625 1621/1621 1620/1620
f 1620/1620 1621/1621 1612/1612
f 1621/1621 1616/1616 1612/1612
f 1616/1616 1608/1608 1612/1612
f 1612/1612 1608/1608 1603/1603
f 1603/1603 1608/1608 1604/1604
f 1604/1604 1608/1608 1607/1607
f 1608/1608 1615/1615 1607/1607
f 1615/1615 1617/1617 1607/1607
f 1617/1617 1610/1610 1607/1607
f 1607/1607 1610/1610 1609/1609
f 1609/1609 1610/1610 1614/1614
f 1610/1610 1618/1618 1614/1614
f 1614/1614 1618/1618 1638/1638
f 1618/1618 1630/1630 1638/1638
f 1630/1630 1639/1639 1638/1638
f 1638/1638 1639/1639 1646/1646
f 1639/1639 1649/1649 1646/1646
f 1646/1646 1649/1649 1658/1658
f 1649/1649 1656/1656 1658/1658
f 1658/1658 1656/1656 1667/1667
f 1656/1656 1686/1686 1667/1667
f 1667/1667 1686/1686 1693/1693
f 1693/1693 1686/1686 1700/1700
f 1719/1719 1700/1700 1699/1699
f 1700/1700 1686/1686 1699/1699
f 1699/1699 1686/1686 1698/1698
f 1686/1686 1660/1660 1698/1698
f 1660/1660 1689/1689 1698/1698
f 1689/1689 1716/1716 1698/1698
f 1698/1698 1716/1716 1720/1720
f 1720/1720 1716/1716 1742/1742
f 1716/1716 1752/1752 1742/1742
f 1767/1767 1742/1742 1768/1768
f 1742/1742 1752/1752 1768/1768
f 1752/1752 1771/1771 1768/1768
f 1771/1771 1780/1780 1768/1768
f 1768/1768 1780/1780 1784/1784
f 1780/1780 1791/1791 1784/1784
f 1784/1784 1791/1791 1799/1799
f 4257/4257 4249/4249 4256/4256
f 4256/4256 4249/4249 4243/4243
f 4249/4249 4238/4238 4243/4243
f 4238/4238 4234/4234 4243/4243
f 4243/4243 4234/4234 4247/4247
f 4234/4234 4235/4235 4247/4247
f 4247/4247 4235/4235 4237/4237
f 4235/4235 4227/4227 4237/4237
f 4237/4237 4227/4227 4228/4228
f 4227/4227 4199/4199 4228/4228
f 4242/4242 4240/4240 4195/4195
f 4240/4240 4228/4228 4195/4195
f 4228/4228 4199/4199 4195/4195
f 4199/4199 4198/4198 4195/4195
f 4198/4198 4197/4197 4195/4195
f 4195/4195 4197/4197 4196/4196
f 3528/3528 3529/3529 3530/3530
f 3529/3529 3532/3532 3530/3530
f 3530/3530 3532/3532 3556/3556
f 3532/3532 3565/3565 3556/3556
f 3571/3571 3556/3556 3586/3586
f 3556/3556 3565/3565 3586/3586
f 3565/3565 3592/3592 3586/3586
f 3586/3586 3592/3592 3811/3811
f 3592/3592 3812/3812 3811/3811
f 3811/3811 3812/3812 3815/3815
f 3812/3812 3813/3813 3815/3815
f 3813/3813 3823/3823 3815/3815
f 3815/3815 3823/3823 3838/3838
f 3823/3823 3844/3844 3838/3838
f 562/562 557/557 579/579
f 557/557 572/572 579/579
f 579/579 572/572 583/583
f 583/583 572/572 584/584
f 572/572 581/581 584/584
f 584/584 581/581 585/585
f 581/581 565/565 585/585
f 565/565 578/578 585/585
f 578/578 586/586 585/585
f 4035/4035 4036/4036 4018/4018
f 4036/4036 4025/4025 4018/4018
f 4025/4025 4016/4016 4018/4018
f 4018/4018 4016/4016 3995/3995
f 4016/4016 3999/3999 3995/3995
f 3999/3999 3979/3979 3995/3995
f 3995/3995 3979/3979 3975/3975
f 3979/3979 3962/3962 3975/3975
f 3962/3962 3950/3950 3975/3975
f 3975/3975 3950/3950 3960/3960
f 3966/3966 3960/3960 3944/3944
f 3960/3960 3950/3950 3944/3944
f 3944/3944 3950/3950 3931/3931
f 3950/3950 3925/3925 3931/3931
f 3931/3931 3925/3925 3913/3913
f 3925/3925 3912/3912 3913/3913
f 3913/3913 3912/3912 3897/3897
f 3912/3912 3907/3907 3897/3897
f 3897/3897 3907/3907 3894/3894
f 3907/3907 3906/3906 3894/3894
f 3894/3894 3906/3906 3893/3893
f 3893/3893 3906/3906 3901/3901
f 3906/3906 3923/3923 3901/3901
f 3923/3923 3934/3934 3901/3901
f 3934/3934 3917/3917 3901/3901
f 3901/3901 3917/3917 3900/3900
f 3900/3900 3917/3917 3915/3915
f 3917/3917 3932/3932 3915/3915
f 3932/3932 3930/3930 3915/3915
f 3915/3915 3930/3930 3916/3916
f 3930/3930 3937/3937 3916/3916
f 3916/3916 3937/3937 3926/3926
f 3926/3926 3937/3937 3957/3957
f 3937/3937 3958/3958 3957/3957
f 3957/3957 3958/3958 3973/3973
f 3973/3973 3958/3958 3980/3980
f 3958/3958 3982/3982 3980/3980
f 3982/3982 4000/4000 3980/3980
f 3980/3980 4000/4000 3994/3994
f 3994/3994 4000/4000 4010/4010
f 4000/4000 4019/4019 4010/4010
f 4019/4019 4030/4030 4010/4010
f 4010/4010 4030/4030 4029/4029
f 1317/1317 1327/1327 1292/1292
f 1327/1327 1318/1318 1292/1292
f 1318/1318 1279/1279 1292/1292
f 1292/1292 1279/1279 1241/1241
f 1279/1279 1219/1219 1241/1241
f 1241/1241 1219/1219 1202/1202
f 1219/1219 1192/1192 1202/1202
f 1202/1202 1192/1192 1164/1164
f 1192/1192 1154/1154 1164/1164
f 1164/1164 1154/1154 1147/1147
f 1147/1147 1154/1154 1135/1135
f 1135/1135 1154/1154 1145/1145
f 1154/1154 1178/1178 1145/1145
f 1178/1178 1171/1171 1145/1145
f 1145/1145 1171/1171 1136/1136
f 1171/1171 1169/1169 1136/1136
f 1136/1136 1169/1169 1134/1134
f 1134/1134 1169/1169 1132/1132
f 1169/1169 1170/1170 1132/1132
f 1132/1132 1170/1170 1137/1137
f 1170/1170 1168/1168 1137/1137
f 1137/1137 1168/1168 1143/1143
f 1143/1143 1168/1168 1167/1167
f 1168/1168 1189/1189 1167/1167
f 1189/1189 1187/1187 1167/1167
f 1167/1167 1187/1187 1166/1166
f 1166/1166 1187/1187 1188/1188
f 1187/1187 1209/1209 1188/1188
f 1209/1209 1210/1210 1188/1188
f 1210/1210 1191/1191 1188/1188
f 1188/1188 1191/1191 1190/1190
f 1190/1190 1191/1191 1268/1268
f 4287/4287 4288/4288 4289/4289
f 2919/2919 2849/2849 2880/2880
f 2880/2880 2849/2849 2845/2845
f 2845/2845 2849/2849 2842/2842
f 2849/2849 2840/2840 2842/2842
f 2842/2842 2840/2840 2841/2841
f 2841/2841 2840/2840 2839/2839
f 2840/2840 2834/2834 2839/2839
f 2839/2839 2834/2834 2835/2835
f 2834/2834 2833/2833 2835/2835
f 2160/2160 1985/1985 2159/2159
f 2159/2159 1985/1985 1988/1988
f 1988/1988 1985/1985 1987/1987
f 1985/1985 1986/1986 1987/1987
f 1986/1986 1994/1994 1987/1987
f 1994/1994 1993/1993 1987/1987
f 1987/1987 1993/1993 1992/1992
f 1993/1993 1996/1996 1992/1992
f 1992/1992 1996/1996 1998/1998
f 1996/1996 2003/2003 1998/1998
f 2010/2010 2000/2000 2004/2004
f 2000/2000 1998/1998 2004/2004
f 1998/1998 2003/2003 2004/2004
f 2004/2004 2003/2003 2012/2012
f 2003/2003 2024/2024 2012/2012
f 2025/2025 2012/2012 2031/2031
f 2012/2012 2024/2024 2031/2031
f 2024/2024 2081/2081 2031/2031
f 2031/2031 2081/2081 2088/2088
f 2081/2081 2103/2103 2088/2088
f 2088/2088 2103/2103 2105/2105
f 2103/2103 2111/2111 2105/2105
f 2111/2111 2115/2115 2105/2105
f 2105/2105 2115/2115 2121/2121
f 2115/2115 2117/2117 2121/2121
f 2117/2117 2124/2124 2121/2121
f 2121/2121 2124/2124 2118/2118
f 2118/2118 2124/2124 2128/2128
f 2124/2124 2135/2135 2128/2128
f 2135/2135 2129/2129 2128/2128
f 2128/2128 2129/2129 2127/2127
f 2127/2127 2129/2129 2139/2139
f 2129/2129 2144/2144 2139/2139
f 1675/1675 1625/1625 1635/1635
f 1625/1625 1620/1620 1635/1635
f 1635/1635 1620/1620 1613/1613
f 1620/1620 1612/1612 1613/1613
f 1612/1612 1603/1603 1613/1613
f 1613/1613 1603/1603 1602/1602
f 1599/1599 1602/1602 1597/1597
f 1602/1602 1603/1603 1597/1597
f 1603/1603 1604/1604 1597/1597
f 1597/1597 1604/1604 1605/1605
f 1605/1605 1604/1604 1606/1606
f 1604/1604 1607/1607 1606/1606
f 1607/1607 1609/1609 1606/1606
f 1606/1606 1609/1609 1611/1611
f 1611/1611 1609/1609 1640/1640
f 1609/1609 1614/1614 1640/1640
f 1640/1640 1614/1614 1642/1642
f 1614/1614 1638/1638 1642/1642
f 1642/1642 1638/1638 1653/1653
f 1638/1638 1646/1646 1653/1653
f 1653/1653 1646/1646 1661/1661
f 1646/1646 1658/1658 1661/1661
f 1661/1661 1658/1658 1684/1684
f 1658/1658 1667/1667 1684/1684
f 1667/1667 1693/1693 1684/1684
f 1684/1684 1693/1693 1705/1705
f 1693/1693 1700/1700 1705/1705
f 1705/1705 1700/1700 1722/1722
f 1700/1700 1719/1719 1722/1722
f 1722/1722 1719/1719 1729/1729
f 1729/1729 1719/1719 1735/1735
f 1719/1719 1699/1699 1735/1735
f 1735/1735 1699/1699 1724/1724
f 1699/1699 1698/1698 1724/1724
f 1698/1698 1720/1720 1724/1724
f 1720/1720 1742/1742 1724/1724
f 1724/1724 1742/1742 1743/1743
f 1742/1742 1767/1767 1743/1743
f 1743/1743 1767/1767 1772/1772
f 1772/1772 1767/1767 1781/1781
f 1767/1767 1768/1768 1781/1781
f 1768/1768 1784/1784 1781/1781
f 1781/1781 1784/1784 1787/1787
f 1787/1787 1784/1784 1798/1798
f 1784/1784 1799/1799 1798/1798
f 4258/4258 4256/4256 4255/4255
f 4256/4256 4243/4243 4255/4255
f 4243/4243 4247/4247 4255/4255
f 2467/2467 2470/2470 2462/2462
f 2459/2459 2462/2462 2461/2461
f 2462/2462 2470/2470 2461/2461
f 4247/4247 4237/4237 4251/4251
f 4251/4251 4237/4237 4241/4241
f 4237/4237 4228/4228 4241/4241
f 4228/4228 4240/4240 4241/4241
f 2466/2466 2468/2468 2463/2463
f 2468/2468 2469/2469 2463/2463
f 2463/2463 2469/2469 2464/2464
f 3411/3411 3374/3374 3375/3375
f 3374/3374 3349/3349 3375/3375
f 3375/3375 3349/3349 3350/3350
f 3349/3349 3300/3300 3350/3350
f 3350/3350 3300/3300 3303/3303
f 3303/3303 3300/3300 3281/3281
f 3300/3300 3299/3299 3281/3281
f 3299/3299 3154/3154 3281/3281
f 3281/3281 3154/3154 3248/3248
f 3154/3154 3136/3136 3248/3248
f 3136/3136 3237/3237 3248/3248
f 3248/3248 3237/3237 3238/3238
f 3237/3237 3220/3220 3238/3238
f 3238/3238 3220/3220 3221/3221
f 3220/3220 3202/3202 3221/3221
f 3221/3221 3202/3202 3203/3203
f 3202/3202 3187/3187 3203/3203
f 3187/3187 3188/3188 3203/3203
f 3359/3359 3203/3203 3344/3344
f 3203/3203 3188/3188 3344/3344
f 3344/3344 3188/3188 3177/3177
f 3188/3188 3187/3187 3177/3177
f 3187/3187 3186/3186 3177/3177
f 3186/3186 3176/3176 3177/3177
f 3176/3176 3175/3175 3177/3177
f 3177/3177 3175/3175 3400/3400
f 3175/3175 3439/3439 3400/3400
f 3439/3439 3454/3454 3400/3400
f 3400/3400 3454/3454 3450/3450
f 4420/4420 4417/4417 4419/4419
f 4417/4417 4418/4418 4419/4419
f 4749/4749 4746/4746 4748/4748
f 4746/4746 4747/4747 4748/4748
f 4686/4686 4412/4412 4349/4349
f 4348/4348 4349/4349 4347/4347
f 4347/4347 4349/4349 4346/4346
f 4349/4349 4412/4412 4346/4346
f 4412/4412 4715/4715 4346/4346
f 4346/4346 4715/4715 4335/4335
f 4715/4715 4330/4330 4335/4335
f 4335/4335 4330/4330 4334/4334
f 4330/4330 4329/4329 4334/4334
f 4334/4334 4329/4329 4332/4332
f 4329/4329 4331/4331 4332/4332
f 132/132 122/122 94/94
f 122/122 93/93 94/94
f 93/93 80/80 94/94
f 94/94 80/80 95/95
f 95/95 80/80 66/66
f 80/80 55/55 66/66
f 55/55 65/65 66/66
f 66/66 65/65 67/67
f 65/65 194/194 67/67
f 194/194 193/193 67/67
f 67/67 193/193 72/72
f 72/72 193/193 192/192
f 3845/3845 3741/3741 3846/3846
f 3846/3846 3741/3741 3721/3721
f 3741/3741 3731/3731 3721/3721
f 3721/3721 3731/3731 3720/3720
f 3731/3731 4054/4054 3720/3720
f 4054/4054 4061/4061 3720/3720
f 3720/3720 4061/4061 3712/3712
f 4061/4061 4062/4062 3712/3712
f 4062/4062 4063/4063 3712/3712
f 3712/3712 4063/4063 3701/3701
f 4063/4063 4064/4064 3701/3701
f 3701/3701 4064/4064 3700/3700
f 3700/3700 4064/4064 3698/3698
f 3698/3698 4064/4064 4065/4065
f 4064/4064 4066/4066 4065/4065
f 4066/4066 4069/4069 4065/4065
f 4069/4069 4074/4074 4065/4065
f 4065/4065 4074/4074 4077/4077
f 4074/4074 4075/4075 4077/4077
f 4077/4077 4075/4075 4078/4078
f 4075/4075 4079/4079 4078/4078
f 4189/4189 4188/4188 4185/4185
f 4185/4185 4188/4188 4186/4186
f 4188/4188 4190/4190 4186/4186
f 4186/4186 4190/4190 4191/4191
f 3142/3142 3143/3143 3158/3158
f 3143/3143 3157/3157 3158/3158
f 3158/3158 3157/3157 3159/3159
f 3157/3157 3160/3160 3159/3159
f 3159/3159 3160/3160 3376/3376
f 3160/3160 3374/3374 3376/3376
f 3374/3374 3411/3411 3376/3376
f 3411/3411 3429/3429 3376/3376
f 4175/4175 4174/4174 4177/4177
f 4174/4174 4194/4194 4177/4177
f 4194/4194 4195/4195 4177/4177
f 4195/4195 4196/4196 4177/4177
f 3544/3544 3528/3528 3531/3531
f 3528/3528 3530/3530 3531/3531
f 3530/3530 3556/3556 3531/3531
f 3556/3556 3571/3571 3531/3531
f 3531/3531 3571/3571 3579/3579
f 3579/3579 3571/3571 3801/3801
f 3571/3571 3586/3586 3801/3801
f 3801/3801 3586/3586 3802/3802
f 3586/3586 3811/3811 3802/3802
f 3811/3811 3815/3815 3802/3802
f 3802/3802 3815/3815 3820/3820
f 3815/3815 3838/3838 3820/3820
f 3820/3820 3838/3838 4033/4033
f 579/579 583/583 587/587
f 583/583 584/584 587/587
f 587/587 584/584 588/588
f 584/584 585/585 588/588
f 585/585 589/589 588/588
f 4037/4037 4035/4035 4034/4034
f 4034/4034 4035/4035 4022/4022
f 4035/4035 4018/4018 4022/4022
f 4022/4022 4018/4018 3996/3996
f 4018/4018 3995/3995 3996/3996
f 3995/3995 3975/3975 3996/3996
f 3996/3996 3975/3975 3981/3981
f 3975/3975 3960/3960 3981/3981
f 3960/3960 3966/3966 3981/3981
f 3981/3981 3966/3966 3986/3986
f 3986/3986 3966/3966 3976/3976
f 3976/3976 3966/3966 3954/3954
f 3966/3966 3944/3944 3954/3954
f 3954/3954 3944/3944 3938/3938
f 3944/3944 3931/3931 3938/3938
f 3938/3938 3931/3931 3924/3924
f 3924/3924 3931/3931 3905/3905
f 3931/3931 3913/3913 3905/3905
f 3905/3905 3913/3913 3895/3895
f 3913/3913 3897/3897 3895/3895
f 3897/3897 3894/3894 3895/3895
f 3895/3895 3894/3894 3884/3884
f 3884/3884 3894/3894 3885/3885
f 3894/3894 3893/3893 3885/3885
f 3885/3885 3893/3893 3886/3886
f 3893/3893 3901/3901 3886/3886
f 3901/3901 3900/3900 3886/3886
f 3886/3886 3900/3900 3892/3892
f 3892/3892 3900/3900 3904/3904
f 3900/3900 3915/3915 3904/3904
f 3915/3915 3916/3916 3904/3904
f 3904/3904 3916/3916 3909/3909
f 3916/3916 3926/3926 3909/3909
f 3914/3914 3909/3909 3920/3920
f 3909/3909 3926/3926 3920/3920
f 3921/3921 3920/3920 3956/3956
f 3920/3920 3926/3926 3956/3956
f 3926/3926 3957/3957 3956/3956
f 3956/3956 3957/3957 3972/3972
f 3957/3957 3973/3973 3972/3972
f 3972/3972 3973/3973 3990/3990
f 3990/3990 3973/3973 3993/3993
f 3973/3973 3980/3980 3993/3993
f 3980/3980 3994/3994 3993/3993
f 3993/3993 3994/3994 4009/4009
f 3994/3994 4010/4010 4009/4009
f 4009/4009 4010/4010 4028/4028
f 4010/4010 4029/4029 4028/4028
f 1309/1309 1317/1317 1282/1282
f 1317/1317 1292/1292 1282/1282
f 1292/1292 1241/1241 1282/1282
f 1282/1282 1241/1241 1231/1231
f 1241/1241 1202/1202 1231/1231
f 1231/1231 1202/1202 1185/1185
f 1202/1202 1164/1164 1185/1185
f 1185/1185 1164/1164 1162/1162
f 1162/1162 1164/1164 1139/1139
f 1164/1164 1147/1147 1139/1139
f 1139/1139 1147/1147 1095/1095
f 1147/1147 1135/1135 1095/1095
f 1095/1095 1135/1135 1092/1092
f 1092/1092 1135/1135 1125/1125
f 1135/1135 1145/1145 1125/1125
f 1145/1145 1136/1136 1125/1125
f 1125/1125 1136/1136 1121/1121
f 1136/1136 1134/1134 1121/1121
f 1121/1121 1134/1134 1118/1118
f 1134/1134 1132/1132 1118/1118
f 1118/1118 1132/1132 1120/1120
f 1132/1132 1137/1137 1120/1120
f 1120/1120 1137/1137 1124/1124
f 1137/1137 1143/1143 1124/1124
f 1124/1124 1143/1143 1122/1122
f 1122/1122 1143/1143 1141/1141
f 1143/1143 1167/1167 1141/1141
f 1167/1167 1166/1166 1141/1141
f 1141/1141 1166/1166 1149/1149
f 1166/1166 1188/1188 1149/1149
f 1188/1188 1190/1190 1149/1149
f 1149/1149 1190/1190 1215/1215
f 1190/1190 1268/1268 1215/1215
f 2909/2909 2880/2880 2862/2862
f 2880/2880 2845/2845 2862/2862
f 2862/2862 2845/2845 2846/2846
f 2846/2846 2845/2845 2844/2844
f 2845/2845 2842/2842 2844/2844
f 2844/2844 2842/2842 2843/2843
f 2842/2842 2841/2841 2843/2843
f 2843/2843 2841/2841 2929/2929
f 2841/2841 2839/2839 2929/2929
f 2839/2839 2835/2835 2929/2929
f 2159/2159 1988/1988 2126/2126
f 2126/2126 1988/1988 1989/1989
f 1988/1988 1987/1987 1989/1989
f 1989/1989 1987/1987 1990/1990
f 1987/1987 1992/1992 1990/1990
f 1990/1990 1992/1992 1997/1997
f 1992/1992 1998/1998 1997/1997
f 1998/1998 2000/2000 1997/1997
f 1997/1997 2000/2000 2001/2001
f 2001/2001 2000/2000 2006/2006
f 2000/2000 2010/2010 2006/2006
f 2006/2006 2010/2010 2011/2011
f 2011/2011 2010/2010 2021/2021
f 2010/2010 2004/2004 2021/2021
f 2004/2004 2012/2012 2021/2021
f 2012/2012 2025/2025 2021/2021
f 2021/2021 2025/2025 2026/2026
f 2026/2026 2025/2025 2060/2060
f 2060/2060 2025/2025 2073/2073
f 2025/2025 2031/2031 2073/2073
f 2031/2031 2088/2088 2073/2073
f 2073/2073 2088/2088 2093/2093
f 2088/2088 2105/2105 2093/2093
f 2105/2105 2121/2121 2093/2093
f 2121/2121 2118/2118 2093/2093
f 2093/2093 2118/2118 2097/2097
f 2097/2097 2118/2118 2119/2119
f 2118/2118 2128/2128 2119/2119
f 2128/2128 2127/2127 2119/2119
f 2119/2119 2127/2127 2120/2120
f 1677/1677 1676/1676 1626/1626
f 1676/1676 1635/1635 1626/1626
f 1635/1635 1613/1613 1626/1626
f 1613/1613 1602/1602 1626/1626
f 1602/1602 1599/1599 1626/1626
f 1626/1626 1599/1599 1627/1627
f 1627/1627 1599/1599 1601/1601
f 1601/1601 1599/1599 1596/1596
f 1599/1599 1597/1597 1596/1596
f 1596/1596 1597/1597 1598/1598
f 1597/1597 1605/1605 1598/1598
f 1605/1605 1606/1606 1598/1598
f 1606/1606 1611/1611 1598/1598
f 1598/1598 1611/1611 1643/1643
f 1643/1643 1611/1611 1655/1655
f 1611/1611 1640/1640 1655/1655
f 1655/1655 1640/1640 1659/1659
f 1640/1640 1642/1642 1659/1659
f 1659/1659 1642/1642 1662/1662
f 1642/1642 1653/1653 1662/1662
f 1662/1662 1653/1653 1666/1666
f 1653/1653 1661/1661 1666/1666
f 1666/1666 1661/1661 1685/1685
f 1661/1661 1684/1684 1685/1685
f 1685/1685 1684/1684 1704/1704
f 1684/1684 1705/1705 1704/1704
f 1704/1704 1705/1705 1709/1709
f 1709/1709 1705/1705 1721/1721
f 1705/1705 1722/1722 1721/1721
f 1737/1737 1721/1721 1736/1736
f 1721/1721 1722/1722 1736/1736
f 1722/1722 1729/1729 1736/1736
f 1736/1736 1729/1729 1749/1749
f 1749/1749 1729/1729 1741/1741
f 1729/1729 1735/1735 1741/1741
f 1741/1741 1735/1735 1751/1751
f 1735/1735 1724/1724 1751/1751
f 1724/1724 1743/1743 1751/1751
f 1743/1743 1772/1772 1751/1751
f 1751/1751 1772/1772 1769/1769
f 1769/1769 1772/1772 1773/1773
f 1773/1773 1772/1772 1785/1785
f 1785/1785 1772/1772 1783/1783
f 1772/1772 1781/1781 1783/1783
f 1781/1781 1787/1787 1783/1783
f 1783/1783 1787/1787 1795/1795
f 1787/1787 1798/1798 1795/1795
f 2457/2457 2465/2465 2460/2460
f 2465/2465 2467/2467 2460/2460
f 2467/2467 2462/2462 2460/2460
f 2460/2460 2462/2462 2455/2455
f 2462/2462 2459/2459 2455/2455
f 2455/2455 2459/2459 2451/2451
f 2459/2459 2461/2461 2451/2451
f 2451/2451 2461/2461 2453/2453
f 2461/2461 2466/2466 2453/2453
f 2466/2466 2463/2463 2453/2453
f 2453/2453 2463/2463 2454/2454
f 2463/2463 2464/2464 2454/2454
f 3375/3375 3350/3350 3427/3427
f 3427/3427 3350/3350 3371/3371
f 3350/3350 3303/3303 3371/3371
f 3371/3371 3303/3303 3343/3343
f 3343/3343 3303/3303 3282/3282
f 3303/3303 3281/3281 3282/3282
f 3282/3282 3281/3281 3249/3249
f 3281/3281 3248/3248 3249/3249
f 3248/3248 3238/3238 3249/3249
f 3249/3249 3238/3238 3280/3280
f 3238/3238 3221/3221 3280/3280
f 3366/3366 3333/3333 3315/3315
f 3333/3333 3280/3280 3315/3315
f 3280/3280 3221/3221 3315/3315
f 3221/3221 3203/3203 3315/3315
f 3203/3203 3359/3359 3315/3315
f 3359/3359 3394/3394 3315/3315
f 4268/4268 4269/4269 4270/4270
f 3394/3394 3359/3359 3426/3426
f 3426/3426 3359/3359 3401/3401
f 3359/3359 3344/3344 3401/3401
f 3344/3344 3177/3177 3401/3401
f 3177/3177 3400/3400 3401/3401
f 3400/3400 3450/3450 3401/3401
f 3401/3401 3450/3450 3451/3451
f 4423/4423 4422/4422 4421/4421
f 4422/4422 4420/4420 4421/4421
f 4420/4420 4419/4419 4421/4421
f 4425/4425 4421/4421 4481/4481
f 4421/4421 4419/4419 4481/4481
f 4749/4749 4748/4748 4750/4750
f 4349/4349 4348/4348 4481/4481
f 4348/4348 4352/4352 4481/4481
f 4356/4356 4481/4481 4350/4350
f 4481/4481 4352/4352 4350/4350
f 4352/4352 4348/4348 4350/4350
f 4350/4350 4348/4348 4345/4345
f 4348/4348 4347/4347 4345/4345
f 4347/4347 4346/4346 4345/4345
f 4346/4346 4335/4335 4345/4345
f 4335/4335 4334/4334 4345/4345
f 4354/4354 4345/4345 4360/4360
f 4345/4345 4334/4334 4360/4360
f 4360/4360 4334/4334 4336/4336
f 4334/4334 4332/4332 4336/4336
f 133/133 132/132 108/108
f 132/132 94/94 108/108
f 94/94 95/95 108/108
f 108/108 95/95 97/97
f 97/97 95/95 68/68
f 95/95 66/66 68/68
f 66/66 67/67 68/68
f 67/67 72/72 68/68
f 68/68 72/72 81/81
f 81/81 72/72 82/82
f 72/72 192/192 82/82
f 3846/3846 3721/3721 3849/3849
f 3849/3849 3721/3721 3717/3717
f 3721/3721 3720/3720 3717/3717
f 3720/3720 3712/3712 3717/3717
f 3830/3830 3717/3717 3707/3707
f 3717/3717 3712/3712 3707/3707
f 3712/3712 3701/3701 3707/3707
f 3707/3707 3701/3701 3699/3699
f 3701/3701 3700/3700 3699/3699
f 3700/3700 3698/3698 3699/3699
f 3699/3699 3698/3698 3697/3697
f 3697/3697 3698/3698 3694/3694
f 3698/3698 4065/4065 3694/3694
f 4065/4065 4077/4077 3694/3694
f 3694/3694 4077/4077 3710/3710
f 4077/4077 4078/4078 3710/3710
f 4192/4192 4189/4189 4187/4187
f 4189/4189 4185/4185 4187/4187
f 4187/4187 4185/4185 4184/4184
f 4184/4184 4185/4185 4181/4181
f 4185/4185 4186/4186 4181/4181
f 4186/4186 4191/4191 4181/4181
f 3158/3158 3159/3159 3161/3161
f 4180/4180 4181/4181 4178/4178
f 4181/4181 4193/4193 4178/4178
f 4193/4193 4194/4194 4178/4178
f 4194/4194 4174/4174 4178/4178
f 4178/4178 4174/4174 4176/4176
f 4174/4174 4175/4175 4176/4176
f 4265/4265 4266/4266 4267/4267
f 3544/3544 3531/3531 3545/3545
f 3545/3545 3531/3531 3714/3714
f 3531/3531 3579/3579 3714/3714
f 3713/3713 3714/3714 3715/3715
f 3714/3714 3579/3579 3715/3715
f 3715/3715 3579/3579 3740/3740
f 3579/3579 3801/3801 3740/3740
f 3801/3801 3802/3802 3740/3740
f 3802/3802 3820/3820 3740/3740
f 3740/3740 3820/3820 3819/3819
f 3819/3819 3820/3820 3841/3841
f 3820/3820 4033/4033 3841/3841
f 4033/4033 4037/4037 3841/3841
f 3841/3841 4037/4037 4031/4031
f 4037/4037 4034/4034 4031/4031
f 4031/4031 4034/4034 4032/4032
f 4032/4032 4034/4034 4027/4027
f 4027/4027 4034/4034 4003/4003
f 4034/4034 4022/4022 4003/4003
f 4022/4022 3996/3996 4003/4003
f 3996/3996 3981/3981 4003/4003
f 3981/3981 3986/3986 4003/4003
f 4003/4003 3986/3986 3998/3998
f 3998/3998 3986/3986 3985/3985
f 3986/3986 3976/3976 3985/3985
f 3985/3985 3976/3976 3971/3971
f 3971/3971 3976/3976 3949/3949
f 3976/3976 3954/3954 3949/3949
f 3954/3954 3938/3938 3949/3949
f 3949/3949 3938/3938 3935/3935
f 3938/3938 3924/3924 3935/3935
f 3935/3935 3924/3924 3919/3919
f 3919/3919 3924/3924 3903/3903
f 3924/3924 3905/3905 3903/3903
f 3905/3905 3895/3895 3903/3903
f 3903/3903 3895/3895 3887/3887
f 3887/3887 3895/3895 3881/3881
f 3895/3895 3884/3884 3881/3881
f 3881/3881 3884/3884 3879/3879
f 3884/3884 3885/3885 3879/3879
f 3879/3879 3885/3885 3880/3880
f 3885/3885 3886/3886 3880/3880
f 3886/3886 3892/3892 3880/3880
f 3880/3880 3892/3892 3889/3889
f 3892/3892 3904/3904 3889/3889
f 3904/3904 3909/3909 3889/3889
f 3909/3909 3914/3914 3889/3889
f 3889/3889 3914/3914 3908/3908
f 3914/3914 3920/3920 3908/3908
f 3920/3920 3921/3921 3908/3908
f 3910/3910 3908/3908 3918/3918
f 3908/3908 3921/3921 3918/3918
f 3918/3918 3921/3921 3953/3953
f 3921/3921 3956/3956 3953/3953
f 3953/3953 3956/3956 3968/3968
f 3956/3956 3972/3972 3968/3968
f 3968/3968 3972/3972 3989/3989
f 3972/3972 3990/3990 3989/3989
f 3989/3989 3990/3990 4011/4011
f 4011/4011 3990/3990 4008/4008
f 3990/3990 3993/3993 4008/4008
f 3993/3993 4009/4009 4008/4008
f 1328/1328 1330/1330 1293/1293
f 1330/1330 1309/1309 1293/1293
f 1293/1293 1309/1309 1272/1272
f 1272/1272 1309/1309 1278/1278
f 1309/1309 1282/1282 1278/1278
f 1282/1282 1231/1231 1278/1278
f 1278/1278 1231/1231 1228/1228
f 1195/1195 1228/1228 1183/1183
f 1228/1228 1231/1231 1183/1183
f 1231/1231 1185/1185 1183/1183
f 1183/1183 1185/1185 1158/1158
f 1185/1185 1162/1162 1158/1158
f 1158/1158 1162/1162 1146/1146
f 1162/1162 1139/1139 1146/1146
f 1146/1146 1139/1139 1093/1093
f 1139/1139 1095/1095 1093/1093
f 1093/1093 1095/1095 1090/1090
f 1095/1095 1092/1092 1090/1090
f 1090/1090 1092/1092 1089/1089
f 1092/1092 1125/1125 1089/1089
f 1125/1125 1121/1121 1089/1089
f 1089/1089 1121/1121 1091/1091
f 1121/1121 1118/1118 1091/1091
f 1091/1091 1118/1118 1104/1104
f 1118/1118 1120/1120 1104/1104
f 1104/1104 1120/1120 1119/1119
f 1120/1120 1124/1124 1119/1119
f 1119/1119 1124/1124 1116/1116
f 1124/1124 1122/1122 1116/1116
f 1116/1116 1122/1122 1117/1117
f 1117/1117 1122/1122 1123/1123
f 1122/1122 1141/1141 1123/1123
f 1123/1123 1141/1141 1142/1142
f 1141/1141 1149/1149 1142/1142
f 1142/1142 1149/1149 1196/1196
f 1149/1149 1215/1215 1196/1196
f 2909/2909 2862/2862 2894/2894
f 2894/2894 2862/2862 2850/2850
f 2862/2862 2846/2846 2850/2850
f 2850/2850 2846/2846 2847/2847
f 2846/2846 2844/2844 2847/2847
f 2847/2847 2844/2844 2928/2928
f 2844/2844 2843/2843 2928/2928
f 2928/2928 2843/2843 2935/2935
f 2843/2843 2929/2929 2935/2935
f 2126/2126 1989/1989 2015/2015
f 2015/2015 1989/1989 1991/1991
f 1989/1989 1990/1990 1991/1991
f 2002/2002 1991/1991 1999/1999
f 1991/1991 1990/1990 1999/1999
f 1990/1990 1997/1997 1999/1999
f 1997/1997 2001/2001 1999/1999
f 1999/1999 2001/2001 2007/2007
f 2001/2001 2006/2006 2007/2007
f 2007/2007 2006/2006 2009/2009
f 2006/2006 2011/2011 2009/2009
f 2009/2009 2011/2011 2020/2020
f 2020/2020 2011/2011 2022/2022
f 2011/2011 2021/2021 2022/2022
f 2022/2022 2021/2021 2029/2029
f 2021/2021 2026/2026 2029/2029
f 2029/2029 2026/2026 2041/2041
f 2026/2026 2060/2060 2041/2041
f 2041/2041 2060/2060 2061/2061
f 2061/2061 2060/2060 2080/2080
f 2060/2060 2073/2073 2080/2080
f 2073/2073 2093/2093 2080/2080
f 2093/2093 2097/2097 2080/2080
f 2080/2080 2097/2097 2098/2098
f 2097/2097 2119/2119 2098/2098
f 2098/2098 2119/2119 2104/2104
f 2119/2119 2120/2120 2104/2104
f 1677/1677 1626/1626 1678/1678
f 1626/1626 1627/1627 1678/1678
f 1678/1678 1627/1627 1673/1673
f 1627/1627 1601/1601 1673/1673
f 1673/1673 1601/1601 1672/1672
f 1672/1672 1601/1601 1663/1663
f 1601/1601 1596/1596 1663/1663
f 1663/1663 1596/1596 1600/1600
f 1596/1596 1598/1598 1600/1600
f 1598/1598 1643/1643 1600/1600
f 1600/1600 1643/1643 1657/1657
f 1657/1657 1643/1643 1664/1664
f 1643/1643 1655/1655 1664/1664
f 1664/1664 1655/1655 1665/1665
f 1655/1655 1659/1659 1665/1665
f 1665/1665 1659/1659 1670/1670
f 1659/1659 1662/1662 1670/1670
f 1662/1662 1666/1666 1670/1670
f 1670/1670 1666/1666 1671/1671
f 1666/1666 1685/1685 1671/1671
f 1671/1671 1685/1685 1696/1696
f 1696/1696 1685/1685 1707/1707
f 1685/1685 1704/1704 1707/1707
f 1707/1707 1704/1704 1708/1708
f 1704/1704 1709/1709 1708/1708
f 1708/1708 1709/1709 1725/1725
f 1709/1709 1721/1721 1725/1725
f 1721/1721 1737/1737 1725/1725
f 1725/1725 1737/1737 1739/1739
f 1739/1739 1737/1737 1744/1744
f 1744/1744 1737/1737 1740/1740
f 1737/1737 1736/1736 1740/1740
f 1736/1736 1749/1749 1740/1740
f 1740/1740 1749/1749 1756/1756
f 1774/1774 1756/1756 1762/1762
f 1756/1756 1749/1749 1762/1762
f 1749/1749 1741/1741 1762/1762
f 1741/1741 1751/1751 1762/1762
f 1751/1751 1769/1769 1762/1762
f 1762/1762 1769/1769 1778/1778
f 1769/1769 1773/1773 1778/1778
f 2444/2444 2452/2452 2449/2449
f 2452/2452 2450/2450 2449/2449
f 2449/2449 2450/2450 2448/2448
f 2450/2450 2458/2458 2448/2448
f 2458/2458 2457/2457 2448/2448
f 2448/2448 2457/2457 2447/2447
f 2457/2457 2460/2460 2447/2447
f 2460/2460 2455/2455 2447/2447
f 2447/2447 2455/2455 2445/2445
f 2455/2455 2451/2451 2445/2445
f 2439/2439 2445/2445 2440/2440
f 2445/2445 2451/2451 2440/2440
f 2451/2451 2453/2453 2440/2440
f 2434/2434 2440/2440 2437/2437
f 2440/2440 2453/2453 2437/2437
f 2453/2453 2454/2454 2437/2437
f 2454/2454 2441/2441 2437/2437
f 2437/2437 2441/2441 2438/2438
f 2438/2438 2441/2441 2443/2443
f 3371/3371 3343/3343 3373/3373
f 3343/3343 3372/3372 3373/3373
f 3373/3373 3372/3372 3408/3408
f 3408/3408 3372/3372 3332/3332
f 3372/3372 3343/3343 3332/3332
f 3343/3343 3282/3282 3332/3332
f 3282/3282 3249/3249 3332/3332
f 3249/3249 3280/3280 3332/3332
f 3280/3280 3333/3333 3332/3332
f 3333/3333 3366/3366 3332/3332
f 3332/3332 3366/3366 3432/3432
f 3432/3432 3366/3366 3425/3425
f 3366/3366 3315/3315 3425/3425
f 3315/3315 3426/3426 3425/3425
f 3425/3425 3426/3426 3455/3455
f 3455/3455 3426/3426 3452/3452
f 3426/3426 3401/3401 3452/3452
f 3401/3401 3451/3451 3452/3452
f 4427/4427 4422/4422 4426/4426
f 4422/4422 4423/4423 4426/4426
f 4426/4426 4423/4423 4693/4693
f 4693/4693 4423/4423 4424/4424
f 4423/4423 4421/4421 4424/4424
f 4421/4421 4425/4425 4424/4424
f 4424/4424 4425/4425 4430/4430
f 4722/4722 4723/4723 4724/4724
f 4723/4723 4725/4725 4724/4724
f 4481/4481 4356/4356 4364/4364
f 4364/4364 4356/4356 4351/4351
f 4356/4356 4350/4350 4351/4351
f 4350/4350 4345/4345 4351/4351
f 4351/4351 4345/4345 4353/4353
f 4345/4345 4354/4354 4353/4353
f 4353/4353 4354/4354 4357/4357
f 4354/4354 4360/4360 4357/4357
f 4806/4806 4807/4807 4808/4808
f 141/141 135/135 107/107
f 135/135 133/133 107/107
f 133/133 108/108 107/107
f 108/108 97/97 107/107
f 97/97 68/68 107/107
f 107/107 68/68 88/88
f 68/68 81/81 88/88
f 88/88 81/81 84/84
f 87/87 84/84 83/83
f 84/84 81/81 83/83
f 81/81 82/82 83/83
f 3849/3849 3717/3717 3850/3850
f 3717/3717 3830/3830 3850/3850
f 3850/3850 3830/3830 3829/3829
f 3830/3830 3707/3707 3829/3829
f 3707/3707 3699/3699 3829/3829
f 3829/3829 3699/3699 3670/3670
f 3699/3699 3697/3697 3670/3670
f 3670/3670 3697/3697 3668/3668
f 3668/3668 3697/3697 3696/3696
f 3697/3697 3694/3694 3696/3696
f 3696/3696 3694/3694 3695/3695
f 3695/3695 3694/3694 3693/3693
f 3690/3690 3693/3693 3692/3692
f 3693/3693 3694/3694 3692/3692
f 3694/3694 3710/3710 3692/3692
f 3710/3710 3708/3708 3692/3692
f 3692/3692 3708/3708 3689/3689
f 3708/3708 3709/3709 3689/3689
f 3689/3689 3709/3709 3704/3704
f 4184/4184 4181/4181 4183/4183
f 4183/4183 4181/4181 4182/4182
f 4181/4181 4180/4180 4182/4182
f 4182/4182 4180/4180 4179/4179
f 4180/4180 4178/4178 4179/4179
f 4178/4178 4176/4176 4179/4179
f 3706/3706 3545/3545 3702/3702
f 3545/3545 3714/3714 3702/3702
f 3714/3714 3713/3713 3702/3702
f 3688/3688 3702/3702 3703/3703
f 3702/3702 3713/3713 3703/3703
f 3703/3703 3713/3713 3723/3723
f 3713/3713 3715/3715 3723/3723
f 3715/3715 3740/3740 3723/3723
f 3723/3723 3740/3740 3800/3800
f 3740/3740 3819/3819 3800/3800
f 3800/3800 3819/3819 3833/3833
f 3819/3819 3841/3841 3833/3833
f 3841/3841 4031/4031 3833/3833
f 3833/3833 4031/4031 3842/3842
f 4031/4031 4032/4032 3842/3842
f 3842/3842 4032/4032 3851/3851
f 3851/3851 4032/4032 4020/4020
f 4032/4032 4027/4027 4020/4020
f 4027/4027 4003/4003 4020/4020
f 4003/4003 3998/3998 4020/4020
f 3998/3998 3985/3985 4020/4020
f 4020/4020 3985/3985 4007/4007
f 4007/4007 3985/3985 4006/4006
f 4006/4006 3985/3985 3984/3984
f 3985/3985 3971/3971 3984/3984
f 3988/3988 3984/3984 3970/3970
f 3984/3984 3971/3971 3970/3970
f 3970/3970 3971/3971 3948/3948
f 3971/3971 3949/3949 3948/3948
f 3949/3949 3935/3935 3948/3948
f 3948/3948 3935/3935 3929/3929
f 3935/3935 3919/3919 3929/3929
f 3929/3929 3919/3919 3869/3869
f 3869/3869 3919/3919 3871/3871
f 3919/3919 3903/3903 3871/3871
f 3872/3872 3871/3871 3873/3873
f 3871/3871 3903/3903 3873/3873
f 3903/3903 3887/3887 3873/3873
f 3873/3873 3887/3887 3875/3875
f 3887/3887 3881/3881 3875/3875
f 3875/3875 3881/3881 3877/3877
f 3881/3881 3879/3879 3877/3877
f 3877/3877 3879/3879 3878/3878
f 3879/3879 3880/3880 3878/3878
f 3880/3880 3889/3889 3878/3878
f 3878/3878 3889/3889 3883/3883
f 3883/3883 3889/3889 3898/3898
f 3889/3889 3908/3908 3898/3898
f 3908/3908 3910/3910 3898/3898
f 3898/3898 3910/3910 3899/3899
f 3899/3899 3910/3910 3911/3911
f 3910/3910 3918/3918 3911/3911
f 3911/3911 3918/3918 3928/3928
f 3928/3928 3918/3918 3941/3941
f 3918/3918 3953/3953 3941/3941
f 3969/3969 3952/3952 3964/3964
f 3952/3952 3941/3941 3964/3964
f 3941/3941 3953/3953 3964/3964
f 3953/3953 3968/3968 3964/3964
f 3964/3964 3968/3968 3983/3983
f 3968/3968 3989/3989 3983/3983
f 3983/3983 3989/3989 4012/4012
f 3989/3989 4011/4011 4012/4012
f 1325/1325 1326/1326 1305/1305
f 1305/1305 1326/1326 1306/1306
f 1326/1326 1328/1328 1306/1306
f 1328/1328 1293/1293 1306/1306
f 1306/1306 1293/1293 1261/1261
f 1293/1293 1272/1272 1261/1261
f 1261/1261 1272/1272 1227/1227
f 1272/1272 1278/1278 1227/1227
f 1278/1278 1228/1228 1227/1227
f 1228/1228 1195/1195 1227/1227
f 1195/1195 1184/1184 1227/1227
f 1227/1227 1184/1184 1198/1198
f 1198/1198 1184/1184 1160/1160
f 1160/1160 1184/1184 1159/1159
f 1184/1184 1195/1195 1159/1159
f 1195/1195 1183/1183 1159/1159
f 1183/1183 1158/1158 1159/1159
f 1159/1159 1158/1158 1096/1096
f 1158/1158 1146/1146 1096/1096
f 1146/1146 1093/1093 1096/1096
f 1096/1096 1093/1093 1094/1094
f 1094/1094 1093/1093 1085/1085
f 1093/1093 1090/1090 1085/1085
f 1085/1085 1090/1090 1081/1081
f 1090/1090 1089/1089 1081/1081
f 1081/1081 1089/1089 1082/1082
f 1089/1089 1091/1091 1082/1082
f 1091/1091 1104/1104 1082/1082
f 1082/1082 1104/1104 1087/1087
f 1087/1087 1104/1104 1105/1105
f 1110/1110 1105/1105 1112/1112
f 1105/1105 1104/1104 1112/1112
f 1104/1104 1119/1119 1112/1112
f 1119/1119 1116/1116 1112/1112
f 1112/1112 1116/1116 1113/1113
f 1116/1116 1117/1117 1113/1113
f 1113/1113 1117/1117 1144/1144
f 1117/1117 1123/1123 1144/1144
f 1144/1144 1123/1123 1174/1174
f 1123/1123 1142/1142 1174/1174
f 1174/1174 1142/1142 1193/1193
f 1142/1142 1196/1196 1193/1193
f 2905/2905 2894/2894 2852/2852
f 2894/2894 2850/2850 2852/2852
f 2852/2852 2850/2850 2851/2851
f 2850/2850 2847/2847 2851/2851
f 2851/2851 2847/2847 2930/2930
f 2847/2847 2928/2928 2930/2930
f 2241/2241 2240/2240 2016/2016
f 2240/2240 2015/2015 2016/2016
f 2015/2015 1991/1991 2016/2016
f 1991/1991 2002/2002 2016/2016
f 2016/2016 2002/2002 2013/2013
f 2013/2013 2002/2002 2008/2008
f 2002/2002 1999/1999 2008/2008
f 1999/1999 2007/2007 2008/2008
f 2008/2008 2007/2007 2014/2014
f 2007/2007 2009/2009 2014/2014
f 2014/2014 2009/2009 2019/2019
f 2009/2009 2020/2020 2019/2019
f 2019/2019 2020/2020 2036/2036
f 2036/2036 2020/2020 2027/2027
f 2020/2020 2022/2022 2027/2027
f 2027/2027 2022/2022 2030/2030
f 2022/2022 2029/2029 2030/2030
f 2029/2029 2041/2041 2030/2030
f 2030/2030 2041/2041 2043/2043
f 2043/2043 2041/2041 2059/2059
f 2041/2041 2061/2061 2059/2059
f 2059/2059 2061/2061 2077/2077
f 2061/2061 2080/2080 2077/2077
f 2077/2077 2080/2080 2091/2091
f 2080/2080 2098/2098 2091/2091
f 2098/2098 2104/2104 2091/2091
f 2091/2091 2104/2104 2092/2092
f 2104/2104 2102/2102 2092/2092
f 2092/2092 2102/2102 2095/2095
f 1673/1673 1672/1672 1674/1674
f 1674/1674 1672/1672 1680/1680
f 1680/1680 1672/1672 1679/1679
f 1672/1672 1663/1663 1679/1679
f 1679/1679 1663/1663 1668/1668
f 1663/1663 1600/1600 1668/1668
f 1600/1600 1657/1657 1668/1668
f 1668/1668 1657/1657 1681/1681
f 1681/1681 1657/1657 1669/1669
f 1657/1657 1664/1664 1669/1669
f 1669/1669 1664/1664 1683/1683
f 1664/1664 1665/1665 1683/1683
f 1683/1683 1665/1665 1682/1682
f 1665/1665 1670/1670 1682/1682
f 1682/1682 1670/1670 1687/1687
f 1670/1670 1671/1671 1687/1687
f 1671/1671 1696/1696 1687/1687
f 1712/1712 1687/1687 1702/1702
f 1687/1687 1696/1696 1702/1702
f 1696/1696 1707/1707 1702/1702
f 1702/1702 1707/1707 1714/1714
f 1707/1707 1708/1708 1714/1714
f 1714/1714 1708/1708 1917/1917
f 1917/1917 1708/1708 1928/1928
f 1928/1928 1708/1708 1731/1731
f 1708/1708 1725/1725 1731/1731
f 1725/1725 1739/1739 1731/1731
f 1731/1731 1739/1739 1931/1931
f 1931/1931 1739/1739 1753/1753
f 1739/1739 1744/1744 1753/1753
f 1753/1753 1744/1744 1754/1754
f 1754/1754 1744/1744 1755/1755
f 1744/1744 1740/1740 1755/1755
f 1740/1740 1756/1756 1755/1755
f 1755/1755 1756/1756 1761/1761
f 1756/1756 1774/1774 1761/1761
f 1761/1761 1774/1774 1775/1775
f 2431/2431 2436/2436 2430/2430
f 2430/2430 2436/2436 2433/2433
f 1774/1774 1762/1762 1782/1782
f 1762/1762 1778/1778 1782/1782
f 2433/2433 2444/2444 2432/2432
f 2444/2444 2449/2449 2432/2432
f 2449/2449 2448/2448 2432/2432
f 2432/2432 2448/2448 2425/2425
f 2448/2448 2447/2447 2425/2425
f 2447/2447 2445/2445 2425/2425
f 2445/2445 2439/2439 2425/2425
f 2425/2425 2439/2439 2424/2424
f 2439/2439 2440/2440 2424/2424
f 2440/2440 2434/2434 2424/2424
f 2411/2411 2424/2424 2414/2414
f 2424/2424 2434/2434 2414/2414
f 2414/2414 2434/2434 2420/2420
f 2434/2434 2437/2437 2420/2420
f 2437/2437 2438/2438 2420/2420
f 2420/2420 2438/2438 2421/2421
f 2438/2438 2443/2443 2421/2421
f 2421/2421 2443/2443 2446/2446
f 3373/3373 3408/3408 3438/3438
f 3438/3438 3408/3408 3433/3433
f 3408/3408 3332/3332 3433/3433
f 3332/3332 3432/3432 3433/3433
f 3433/3433 3432/3432 3456/3456
f 3432/3432 3425/3425 3456/3456
f 3425/3425 3455/3455 3456/3456
f 2473/2473 2477/2477 2476/2476
f 2476/2476 2477/2477 2478/2478
f 4759/4759 4760/4760 4761/4761
f 4427/4427 4426/4426 4701/4701
f 4758/4758 4755/4755 4757/4757
f 4755/4755 4756/4756 4757/4757
f 4392/4392 4693/4693 4369/4369
f 4718/4718 4719/4719 4720/4720
f 4719/4719 4721/4721 4720/4720
f 4369/4369 4430/4430 4363/4363
f 4363/4363 4430/4430 4362/4362
f 4362/4362 4430/4430 4358/4358
f 4430/4430 4364/4364 4358/4358
f 4364/4364 4351/4351 4358/4358
f 4358/4358 4351/4351 4355/4355
f 4351/4351 4353/4353 4355/4355
f 4355/4355 4353/4353 4359/4359
f 4353/4353 4357/4357 4359/4359
f 135/135 141/141 142/142
f 142/142 141/141 89/89
f 141/141 107/107 89/89
f 107/107 88/88 89/89
f 88/88 84/84 89/89
f 84/84 87/87 89/89
f 89/89 87/87 103/103
f 103/103 87/87 99/99
f 87/87 83/83 99/99
f 83/83 100/100 99/99
f 99/99 100/100 116/116
f 100/100 197/197 116/116
f 3670/3670 3668/3668 3669/3669
f 3669/3669 3668/3668 3667/3667
f 3667/3667 3668/3668 3664/3664
f 3668/3668 3696/3696 3664/3664
f 3696/3696 3695/3695 3664/3664
f 3664/3664 3695/3695 3662/3662
f 3695/3695 3693/3693 3662/3662
f 3662/3662 3693/3693 3660/3660
f 3660/3660 3693/3693 3691/3691
f 3693/3693 3690/3690 3691/3691
f 3691/3691 3690/3690 3684/3684
f 3684/3684 3690/3690 3683/3683
f 3690/3690 3692/3692 3683/3683
f 3692/3692 3689/3689 3683/3683
f 3683/3683 3689/3689 3680/3680
f 3680/3680 3689/3689 3681/3681
f 3689/3689 3704/3704 3681/3681
f 3704/3704 3705/3705 3681/3681
f 3705/3705 3706/3706 3681/3681
f 3706/3706 3702/3702 3681/3681
f 3702/3702 3688/3688 3681/3681
f 3681/3681 3688/3688 3674/3674
f 3674/3674 3688/3688 3685/3685
f 3688/3688 3703/3703 3685/3685
f 3703/3703 3723/3723 3685/3685
f 3685/3685 3723/3723 3724/3724
f 3723/3723 3800/3800 3724/3724
f 3724/3724 3800/3800 3817/3817
f 3800/3800 3833/3833 3817/3817
f 3833/3833 3842/3842 3817/3817
f 3817/3817 3842/3842 3834/3834
f 3842/3842 3851/3851 3834/3834
f 3834/3834 3851/3851 3835/3835
f 3835/3835 3851/3851 4021/4021
f 3851/3851 4020/4020 4021/4021
f 4020/4020 4007/4007 4021/4021
f 4021/4021 4007/4007 4017/4017
f 4007/4007 4006/4006 4017/4017
f 4017/4017 4006/4006 4004/4004
f 4006/4006 3984/3984 4004/4004
f 3984/3984 3988/3988 4004/4004
f 4004/4004 3988/3988 3860/3860
f 3860/3860 3988/3988 3863/3863
f 3988/3988 3970/3970 3863/3863
f 3864/3864 3863/3863 3865/3865
f 3863/3863 3970/3970 3865/3865
f 3970/3970 3948/3948 3865/3865
f 3948/3948 3929/3929 3865/3865
f 3865/3865 3929/3929 3867/3867
f 3929/3929 3869/3869 3867/3867
f 3867/3867 3869/3869 3868/3868
f 3868/3868 3869/3869 3870/3870
f 3869/3869 3871/3871 3870/3870
f 3871/3871 3872/3872 3870/3870
f 837/837 850/850 859/859
f 3870/3870 3872/3872 3891/3891
f 3891/3891 3872/3872 3874/3874
f 3872/3872 3873/3873 3874/3874
f 3873/3873 3875/3875 3874/3874
f 3874/3874 3875/3875 3876/3876
f 3875/3875 3877/3877 3876/3876
f 3877/3877 3878/3878 3876/3876
f 3876/3876 3878/3878 3882/3882
f 3878/3878 3883/3883 3882/3882
f 3882/3882 3883/3883 3896/3896
f 3883/3883 3898/3898 3896/3896
f 3898/3898 3899/3899 3896/3896
f 3896/3896 3899/3899 3902/3902
f 3899/3899 3911/3911 3902/3902
f 825/825 847/847 838/838
f 847/847 862/862 838/838
f 862/862 858/858 838/838
f 838/838 858/858 842/842
f 842/842 858/858 854/854
f 3928/3928 3941/3941 3951/3951
f 3941/3941 3952/3952 3951/3951
f 3951/3951 3952/3952 3959/3959
f 3959/3959 3952/3952 3974/3974
f 3952/3952 3969/3969 3974/3974
f 3974/3974 3969/3969 3987/3987
f 3969/3969 3964/3964 3987/3987
f 3964/3964 3983/3983 3987/3987
f 3983/3983 4012/4012 3987/3987
f 3987/3987 4012/4012 4013/4013
f 1324/1324 1325/1325 1308/1308
f 1325/1325 1305/1305 1308/1308
f 1308/1308 1305/1305 1277/1277
f 1277/1277 1305/1305 1269/1269
f 1305/1305 1306/1306 1269/1269
f 1306/1306 1261/1261 1269/1269
f 1269/1269 1261/1261 1232/1232
f 1261/1261 1227/1227 1232/1232
f 1227/1227 1198/1198 1232/1232
f 1232/1232 1198/1198 1200/1200
f 1200/1200 1198/1198 1176/1176
f 1198/1198 1160/1160 1176/1176
f 1176/1176 1160/1160 1152/1152
f 1160/1160 1159/1159 1152/1152
f 1159/1159 1096/1096 1152/1152
f 1096/1096 1094/1094 1152/1152
f 1152/1152 1094/1094 1099/1099
f 1099/1099 1094/1094 1088/1088
f 1094/1094 1085/1085 1088/1088
f 1088/1088 1085/1085 1084/1084
f 1085/1085 1081/1081 1084/1084
f 1084/1084 1081/1081 1083/1083
f 1081/1081 1082/1082 1083/1083
f 1083/1083 1082/1082 1086/1086
f 1082/1082 1087/1087 1086/1086
f 1086/1086 1087/1087 1102/1102
f 1087/1087 1105/1105 1102/1102
f 1102/1102 1105/1105 1106/1106
f 1105/1105 1110/1110 1106/1106
f 1106/1106 1110/1110 1109/1109
f 1109/1109 1110/1110 1111/1111
f 1110/1110 1112/1112 1111/1111
f 1112/1112 1113/1113 1111/1111
f 1111/1111 1113/1113 1138/1138
f 1113/1113 1144/1144 1138/1138
f 1138/1138 1144/1144 1220/1220
f 2897/2897 2926/2926 2867/2867
f 2926/2926 2915/2915 2867/2867
f 2867/2867 2915/2915 2861/2861
f 2915/2915 2905/2905 2861/2861
f 2905/2905 2852/2852 2861/2861
f 2861/2861 2852/2852 2853/2853
f 2852/2852 2851/2851 2853/2853
f 2853/2853 2851/2851 2854/2854
f 2854/2854 2851/2851 2925/2925
f 2851/2851 2930/2930 2925/2925
f 2242/2242 2241/2241 2038/2038
f 2241/2241 2016/2016 2038/2038
f 2016/2016 2013/2013 2038/2038
f 2038/2038 2013/2013 2018/2018
f 2013/2013 2008/2008 2018/2018
f 2034/2034 2018/2018 2017/2017
f 2018/2018 2008/2008 2017/2017
f 2008/2008 2014/2014 2017/2017
f 2017/2017 2014/2014 2023/2023
f 2014/2014 2019/2019 2023/2023
f 2023/2023 2019/2019 2033/2033
f 2019/2019 2036/2036 2033/2033
f 2033/2033 2036/2036 2045/2045
f 2045/2045 2036/2036 2037/2037
f 2036/2036 2027/2027 2037/2037
f 2037/2037 2027/2027 2040/2040
f 2027/2027 2030/2030 2040/2040
f 2030/2030 2043/2043 2040/2040
f 2040/2040 2043/2043 2044/2044
f 2044/2044 2043/2043 2057/2057
f 2064/2064 2057/2057 2062/2062
f 2057/2057 2043/2043 2062/2062
f 2043/2043 2059/2059 2062/2062
f 2062/2062 2059/2059 2068/2068
f 2059/2059 2077/2077 2068/2068
f 2082/2082 2068/2068 2079/2079
f 2068/2068 2077/2077 2079/2079
f 2077/2077 2091/2091 2079/2079
f 2091/2091 2092/2092 2079/2079
f 2079/2079 2092/2092 2087/2087
f 2092/2092 2095/2095 2087/2087
f 2087/2087 2095/2095 2090/2090
f 2095/2095 2125/2125 2090/2090
f 2090/2090 2125/2125 2130/2130
f 1747/1747 1680/1680 1711/1711
f 1680/1680 1679/1679 1711/1711
f 1711/1711 1679/1679 1703/1703
f 1679/1679 1668/1668 1703/1703
f 1668/1668 1681/1681 1703/1703
f 1733/1733 1703/1703 1730/1730
f 1730/1730 1703/1703 1706/1706
f 1703/1703 1681/1681 1706/1706
f 1681/1681 1669/1669 1706/1706
f 1706/1706 1669/1669 1697/1697
f 1669/1669 1683/1683 1697/1697
f 1683/1683 1701/1701 1697/1697
f 1697/1697 1701/1701 1710/1710
f 1710/1710 1701/1701 1695/1695
f 1701/1701 1683/1683 1695/1695
f 1683/1683 1682/1682 1695/1695
f 1682/1682 1687/1687 1695/1695
f 1687/1687 1712/1712 1695/1695
f 1712/1712 1713/1713 1695/1695
f 1695/1695 1713/1713 1726/1726
f 1713/1713 1712/1712 1726/1726
f 1726/1726 1712/1712 1905/1905
f 1905/1905 1712/1712 1906/1906
f 1712/1712 1702/1702 1906/1906
f 1906/1906 1702/1702 1907/1907
f 1702/1702 1714/1714 1907/1907
f 1714/1714 1917/1917 1907/1907
f 1907/1907 1917/1917 1901/1901
f 1901/1901 1917/1917 1908/1908
f 1917/1917 1928/1928 1908/1908
f 1928/1928 1731/1731 1908/1908
f 1908/1908 1731/1731 1912/1912
f 1731/1731 1931/1931 1912/1912
f 1912/1912 1931/1931 1911/1911
f 1931/1931 1753/1753 1911/1911
f 1911/1911 1753/1753 1910/1910
f 1753/1753 1754/1754 1910/1910
f 1910/1910 1754/1754 1930/1930
f 1930/1930 1754/1754 1765/1765
f 1754/1754 1755/1755 1765/1765
f 1755/1755 1761/1761 1765/1765
f 1765/1765 1761/1761 1770/1770
f 1761/1761 1775/1775 1770/1770
f 2427/2427 2435/2435 2426/2426
f 2435/2435 2431/2431 2426/2426
f 2431/2431 2430/2430 2426/2426
f 2426/2426 2430/2430 2423/2423
f 2423/2423 2430/2430 2419/2419
f 2430/2430 2433/2433 2419/2419
f 2433/2433 2432/2432 2419/2419
f 2419/2419 2432/2432 2422/2422
f 2432/2432 2425/2425 2422/2422
f 2422/2422 2425/2425 2410/2410
f 2425/2425 2424/2424 2410/2410
f 2424/2424 2411/2411 2410/2410
f 2410/2410 2411/2411 2401/2401
f 2401/2401 2411/2411 2402/2402
f 2411/2411 2414/2414 2402/2402
f 2414/2414 2420/2420 2402/2402
f 2420/2420 2421/2421 2402/2402
f 2421/2421 2446/2446 2402/2402
f 2402/2402 2446/2446 2403/2403
f 2403/2403 2446/2446 2442/2442
f 2446/2446 2474/2474 2442/2442
f 2474/2474 2473/2473 2442/2442
f 2442/2442 2473/2473 2415/2415
f 2415/2415 2473/2473 2472/2472
f 2473/2473 2476/2476 2472/2472
f 2471/2471 2472/2472 2475/2475
f 2472/2472 2476/2476 2475/2475
f 4762/4762 4763/4763 4764/4764
f 4701/4701 4392/4392 4370/4370
f 4370/4370 4392/4392 4367/4367
f 4392/4392 4369/4369 4367/4367
f 4369/4369 4363/4363 4367/4367
f 4367/4367 4363/4363 4366/4366
f 4366/4366 4363/4363 4365/4365
f 4395/4395 4365/4365 4394/4394
f 4394/4394 4365/4365 4361/4361
f 4365/4365 4363/4363 4361/4361
f 4363/4363 4362/4362 4361/4361
f 4362/4362 4358/4358 4361/4361
f 4358/4358 4355/4355 4361/4361
f 4361/4361 4355/4355 4487/4487
f 4355/4355 4359/4359 4487/4487
f 150/150 142/142 124/124
f 142/142 89/89 124/124
f 89/89 103/103 124/124
f 124/124 103/103 117/117
f 103/103 99/99 117/117
f 99/99 116/116 117/117
f 116/116 183/183 117/117
f 177/177 117/117 182/182
f 117/117 183/183 182/182
f 3667/3667 3664/3664 3666/3666
f 3666/3666 3664/3664 3663/3663
f 3664/3664 3662/3662 3663/3663
f 3663/3663 3662/3662 3659/3659
f 3662/3662 3660/3660 3659/3659
f 3659/3659 3660/3660 3658/3658
f 3660/3660 3691/3691 3658/3658
f 3658/3658 3691/3691 3686/3686
f 3691/3691 3684/3684 3686/3686
f 3679/3679 3687/3687 3677/3677
f 3687/3687 3686/3686 3677/3677
f 3686/3686 3684/3684 3677/3677
f 3684/3684 3683/3683 3677/3677
f 3683/3683 3680/3680 3677/3677
f 3677/3677 3680/3680 3671/3671
f 3680/3680 3681/3681 3671/3671
f 3681/3681 3674/3674 3671/3671
f 3671/3671 3674/3674 3672/3672
f 3674/3674 3685/3685 3672/3672
f 3685/3685 3724/3724 3672/3672
f 3672/3672 3724/3724 3769/3769
f 3724/3724 3817/3817 3769/3769
f 3817/3817 3834/3834 3769/3769
f 3834/3834 3835/3835 3769/3769
f 3769/3769 3835/3835 3804/3804
f 3804/3804 3835/3835 3836/3836
f 3835/3835 4021/4021 3836/3836
f 4021/4021 4017/4017 3836/3836
f 3836/3836 4017/4017 4015/4015
f 4017/4017 4004/4004 4015/4015
f 4015/4015 4004/4004 3861/3861
f 4004/4004 3860/3860 3861/3861
f 3861/3861 3860/3860 3857/3857
f 3857/3857 3860/3860 3858/3858
f 3858/3858 3860/3860 3862/3862
f 3860/3860 3863/3863 3862/3862
f 3863/3863 3864/3864 3862/3862
f 852/852 860/860 840/840
f 860/860 857/857 840/840
f 840/840 857/857 846/846
f 3864/3864 3865/3865 3866/3866
f 3865/3865 3867/3867 3866/3866
f 3867/3867 3868/3868 3866/3866
f 846/846 853/853 819/819
f 819/819 853/853 828/828
f 853/853 850/850 828/828
f 850/850 837/837 828/828
f 828/828 837/837 827/827
f 827/827 837/837 826/826
f 837/837 859/859 826/826
f 3891/3891 3874/3874 3890/3890
f 3890/3890 3874/3874 3888/3888
f 3874/3874 3876/3876 3888/3888
f 3876/3876 3882/3882 3888/3888
f 834/834 856/856 833/833
f 856/856 841/841 833/833
f 833/833 841/841 813/813
f 841/841 847/847 813/813
f 847/847 825/825 813/813
f 813/813 825/825 807/807
f 807/807 825/825 812/812
f 825/825 838/838 812/812
f 838/838 842/842 812/812
f 812/812 842/842 820/820
f 842/842 854/854 820/820
f 820/820 854/854 848/848
f 3951/3951 3959/3959 3963/3963
f 823/823 848/848 849/849
f 3963/3963 3959/3959 3977/3977
f 3959/3959 3974/3974 3977/3977
f 3977/3977 3974/3974 4001/4001
f 3974/3974 3987/3987 4001/4001
f 3987/3987 4013/4013 4001/4001
f 1323/1323 1324/1324 1307/1307
f 1324/1324 1308/1308 1307/1307
f 1307/1307 1308/1308 1271/1271
f 1308/1308 1277/1277 1271/1271
f 1271/1271 1277/1277 1239/1239
f 1277/1277 1269/1269 1239/1239
f 1269/1269 1232/1232 1239/1239
f 1232/1232 1200/1200 1239/1239
f 1239/1239 1200/1200 1229/1229
f 1229/1229 1200/1200 1179/1179
f 1200/1200 1176/1176 1179/1179
f 1179/1179 1176/1176 1163/1163
f 1176/1176 1152/1152 1163/1163
f 1163/1163 1152/1152 1150/1150
f 1152/1152 1099/1099 1150/1150
f 1150/1150 1099/1099 1100/1100
f 1099/1099 1088/1088 1100/1100
f 1100/1100 1088/1088 1097/1097
f 1088/1088 1084/1084 1097/1097
f 1097/1097 1084/1084 1098/1098
f 1084/1084 1083/1083 1098/1098
f 1098/1098 1083/1083 1101/1101
f 1083/1083 1086/1086 1101/1101
f 1086/1086 1102/1102 1101/1101
f 1101/1101 1102/1102 1103/1103
f 1103/1103 1102/1102 1107/1107
f 1102/1102 1106/1106 1107/1107
f 1107/1107 1106/1106 1108/1108
f 1106/1106 1109/1109 1108/1108
f 1109/1109 1130/1130 1108/1108
f 1108/1108 1130/1130 1133/1133
f 1133/1133 1130/1130 1221/1221
f 1221/1221 1130/1130 1131/1131
f 1130/1130 1109/1109 1131/1131
f 1109/1109 1111/1111 1131/1131
f 1111/1111 1138/1138 1131/1131
f 1138/1138 1220/1220 1131/1131
f 2911/2911 2897/2897 2859/2859
f 2859/2859 2897/2897 2858/2858
f 2897/2897 2867/2867 2858/2858
f 2858/2858 2867/2867 2856/2856
f 2867/2867 2861/2861 2856/2856
f 2861/2861 2853/2853 2856/2856
f 2856/2856 2853/2853 2855/2855
f 2853/2853 2854/2854 2855/2855
f 2879/2879 2855/2855 2910/2910
f 2855/2855 2854/2854 2910/2910
f 2854/2854 2925/2925 2910/2910
f 2910/2910 2925/2925 2937/2937
f 2242/2242 2038/2038 2072/2072
f 2072/2072 2038/2038 2047/2047
f 2038/2038 2018/2018 2047/2047
f 2018/2018 2034/2034 2047/2047
f 2047/2047 2034/2034 2046/2046
f 2046/2046 2034/2034 2032/2032
f 2034/2034 2017/2017 2032/2032
f 2017/2017 2023/2023 2032/2032
f 2032/2032 2023/2023 2035/2035
f 2023/2023 2033/2033 2035/2035
f 2035/2035 2033/2033 2039/2039
f 2033/2033 2045/2045 2039/2039
f 2039/2039 2045/2045 2052/2052
f 2052/2052 2045/2045 2054/2054
f 890/890 920/920 893/893
f 893/893 920/920 932/932
f 920/920 941/941 932/932
f 2045/2045 2037/2037 2049/2049
f 2049/2049 2037/2037 2042/2042
f 2037/2037 2040/2040 2042/2042
f 2040/2040 2044/2044 2042/2042
f 2042/2042 2044/2044 2053/2053
f 2044/2044 2057/2057 2053/2053
f 2053/2053 2057/2057 2063/2063
f 2057/2057 2064/2064 2063/2063
f 2063/2063 2064/2064 2065/2065
f 2076/2076 2065/2065 2074/2074
f 2065/2065 2064/2064 2074/2074
f 2064/2064 2062/2062 2074/2074
f 2074/2074 2062/2062 2075/2075
f 2062/2062 2068/2068 2075/2075
f 2068/2068 2082/2082 2075/2075
f 2075/2075 2082/2082 2086/2086
f 2082/2082 2079/2079 2086/2086
f 2079/2079 2087/2087 2086/2086
f 2087/2087 2090/2090 2086/2086
f 2086/2086 2090/2090 2096/2096
f 2090/2090 2130/2130 2096/2096
f 2096/2096 2130/2130 2131/2131
f 1748/1748 1747/1747 1734/1734
f 1747/1747 1711/1711 1734/1734
f 1711/1711 1703/1703 1734/1734
f 1703/1703 1733/1733 1734/1734
f 1734/1734 1733/1733 1758/1758
f 1758/1758 1733/1733 1746/1746
f 1733/1733 1730/1730 1746/1746
f 1746/1746 1730/1730 1715/1715
f 1730/1730 1706/1706 1715/1715
f 1706/1706 1697/1697 1715/1715
f 1715/1715 1697/1697 1727/1727
f 1697/1697 1710/1710 1727/1727
f 1727/1727 1710/1710 1728/1728
f 1710/1710 1695/1695 1728/1728
f 1695/1695 1726/1726 1728/1728
f 1728/1728 1726/1726 1904/1904
f 1726/1726 1905/1905 1904/1904
f 1904/1904 1905/1905 1891/1891
f 1891/1891 1905/1905 1890/1890
f 1905/1905 1906/1906 1890/1890
f 1906/1906 1907/1907 1890/1890
f 1907/1907 1901/1901 1890/1890
f 1890/1890 1901/1901 1889/1889
f 1901/1901 1908/1908 1889/1889
f 1889/1889 1908/1908 1894/1894
f 1908/1908 1912/1912 1894/1894
f 1912/1912 1911/1911 1894/1894
f 1894/1894 1911/1911 1886/1886
f 1911/1911 1910/1910 1886/1886
f 1886/1886 1910/1910 1893/1893
f 1910/1910 1930/1930 1893/1893
f 1893/1893 1930/1930 1909/1909
f 1909/1909 1930/1930 1933/1933
f 1930/1930 1765/1765 1933/1933
f 1765/1765 1770/1770 1933/1933
f 2435/2435 2427/2427 2429/2429
f 2429/2429 2427/2427 2418/2418
f 2400/2400 2418/2418 2405/2405
f 2405/2405 2418/2418 2413/2413
f 2418/2418 2427/2427 2413/2413
f 2427/2427 2426/2426 2413/2413
f 2413/2413 2426/2426 2409/2409
f 2426/2426 2423/2423 2409/2409
f 2409/2409 2423/2423 2408/2408
f 2423/2423 2419/2419 2408/2408
f 2408/2408 2419/2419 2407/2407
f 2419/2419 2422/2422 2407/2407
f 2422/2422 2410/2410 2407/2407
f 2407/2407 2410/2410 2387/2387
f 2410/2410 2401/2401 2387/2387
f 2401/2401 2385/2385 2387/2387
f 2387/2387 2385/2385 2371/2371
f 2371/2371 2385/2385 2378/2378
f 2385/2385 2401/2401 2378/2378
f 2401/2401 2402/2402 2378/2378
f 2402/2402 2403/2403 2378/2378
f 2378/2378 2403/2403 2379/2379
f 2403/2403 2442/2442 2379/2379
f 2442/2442 2415/2415 2379/2379
f 2379/2379 2415/2415 2354/2354
f 2354/2354 2415/2415 2375/2375
f 2415/2415 2472/2472 2375/2375
f 2472/2472 2471/2471 2375/2375
f 2375/2375 2471/2471 2346/2346
f 2336/2336 2346/2346 2456/2456
f 2346/2346 2471/2471 2456/2456
f 4372/4372 4371/4371 4368/4368
f 4371/4371 4370/4370 4368/4368
f 4370/4370 4367/4367 4368/4368
f 4367/4367 4366/4366 4368/4368
f 4368/4368 4366/4366 4391/4391
f 4366/4366 4365/4365 4391/4391
f 4391/4391 4365/4365 4705/4705
f 4365/4365 4395/4395 4705/4705
f 4830/4830 4831/4831 4832/4832
f 170/170 169/169 167/167
f 169/169 168/168 167/167
f 167/167 168/168 154/154
f 4394/4394 4361/4361 4396/4396
f 4361/4361 4487/4487 4396/4396
f 154/154 150/150 143/143
f 150/150 124/124 143/143
f 124/124 117/117 143/143
f 143/143 117/117 173/173
f 117/117 177/177 173/173
f 173/173 177/177 174/174
f 174/174 177/177 179/179
f 179/179 177/177 181/181
f 177/177 182/182 181/181
f 182/182 190/190 181/181
f 181/181 190/190 191/191
f 3663/3663 3659/3659 3661/3661
f 3661/3661 3659/3659 3657/3657
f 3659/3659 3658/3658 3657/3657
f 3657/3657 3658/3658 3656/3656
f 3658/3658 3686/3686 3656/3656
f 3686/3686 3687/3687 3656/3656
f 3656/3656 3687/3687 3682/3682
f 3687/3687 3679/3679 3682/3682
f 3682/3682 3679/3679 3675/3675
f 3679/3679 3677/3677 3675/3675
f 3677/3677 3671/3671 3675/3675
f 3675/3675 3671/3671 3673/3673
f 3671/3671 3672/3672 3673/3673
f 3672/3672 3769/3769 3673/3673
f 3769/3769 3804/3804 3673/3673
f 3673/3673 3804/3804 3805/3805
f 3805/3805 3804/3804 3824/3824
f 3804/3804 3836/3836 3824/3824
f 3824/3824 3836/3836 3848/3848
f 3836/3836 4015/4015 3848/3848
f 4015/4015 3861/3861 3848/3848
f 3861/3861 3857/3857 3848/3848
f 3848/3848 3857/3857 3855/3855
f 3855/3855 3857/3857 3856/3856
f 3857/3857 3858/3858 3856/3856
f 3856/3856 3858/3858 3859/3859
f 861/861 860/860 836/836
f 836/836 860/860 835/835
f 860/860 852/852 835/835
f 835/835 852/852 830/830
f 852/852 840/840 830/830
f 830/830 840/840 829/829
f 840/840 846/846 829/829
f 846/846 819/819 829/829
f 829/829 819/819 790/790
f 790/790 819/819 787/787
f 819/819 828/828 787/787
f 828/828 827/827 787/787
f 787/787 827/827 808/808
f 808/808 827/827 767/767
f 827/827 826/826 767/767
f 767/767 826/826 786/786
f 826/826 834/834 786/786
f 786/786 834/834 783/783
f 834/834 833/833 783/783
f 833/833 813/813 783/783
f 783/783 813/813 764/764
f 813/813 807/807 764/764
f 764/764 807/807 784/784
f 784/784 807/807 791/791
f 807/807 812/812 791/791
f 791/791 812/812 804/804
f 812/812 820/820 804/804
f 804/804 820/820 817/817
f 820/820 848/848 817/817
f 848/848 823/823 817/817
f 817/817 823/823 802/802
f 802/802 823/823 806/806
f 806/806 823/823 821/821
f 823/823 849/849 821/821
f 4005/4005 3977/3977 4002/4002
f 3977/3977 4001/4001 4002/4002
f 1329/1329 1323/1323 1310/1310
f 1323/1323 1307/1307 1310/1310
f 1286/1286 1310/1310 1285/1285
f 1310/1310 1307/1307 1285/1285
f 1307/1307 1271/1271 1285/1285
f 1285/1285 1271/1271 1259/1259
f 1271/1271 1239/1239 1259/1259
f 1239/1239 1229/1229 1259/1259
f 1259/1259 1229/1229 1234/1234
f 1234/1234 1229/1229 1205/1205
f 1229/1229 1179/1179 1205/1205
f 1205/1205 1179/1179 1177/1177
f 1179/1179 1163/1163 1177/1177
f 1177/1177 1163/1163 1165/1165
f 1163/1163 1150/1150 1165/1165
f 1165/1165 1150/1150 1153/1153
f 1150/1150 1100/1100 1153/1153
f 1153/1153 1100/1100 1140/1140
f 1100/1100 1097/1097 1140/1140
f 1140/1140 1097/1097 1129/1129
f 1097/1097 1098/1098 1129/1129
f 1098/1098 1101/1101 1129/1129
f 1129/1129 1101/1101 1126/1126
f 1101/1101 1103/1103 1126/1126
f 1126/1126 1103/1103 1114/1114
f 1103/1103 1107/1107 1114/1114
f 1107/1107 1108/1108 1114/1114
f 1114/1114 1108/1108 1115/1115
f 1108/1108 1133/1133 1115/1115
f 1115/1115 1133/1133 1148/1148
f 1148/1148 1133/1133 1223/1223
f 1133/1133 1221/1221 1223/1223
f 2874/2874 2927/2927 2872/2872
f 2872/2872 2927/2927 2860/2860
f 2927/2927 2911/2911 2860/2860
f 2911/2911 2859/2859 2860/2860
f 2860/2860 2859/2859 2857/2857
f 2859/2859 2858/2858 2857/2857
f 2858/2858 2856/2856 2857/2857
f 2856/2856 2855/2855 2857/2857
f 2855/2855 2879/2879 2857/2857
f 2857/2857 2879/2879 2870/2870
f 2870/2870 2879/2879 2933/2933
f 2879/2879 2910/2910 2933/2933
f 2910/2910 2937/2937 2933/2933
f 1076/1076 1078/1078 1077/1077
f 2072/2072 2047/2047 2070/2070
f 2047/2047 2046/2046 2070/2070
f 2070/2070 2046/2046 2051/2051
f 2046/2046 2032/2032 2051/2051
f 2051/2051 2032/2032 2050/2050
f 2050/2050 2032/2032 2048/2048
f 2032/2032 2035/2035 2048/2048
f 2035/2035 2039/2039 2048/2048
f 2039/2039 2052/2052 2048/2048
f 2048/2048 2052/2052 2055/2055
f 942/942 920/920 909/909
f 920/920 890/890 909/909
f 909/909 890/890 894/894
f 894/894 890/890 871/871
f 871/871 890/890 872/872
f 872/872 890/890 888/888
f 890/890 893/893 888/888
f 888/888 893/893 892/892
f 892/892 893/893 931/931
f 893/893 932/932 931/931
f 2049/2049 2042/2042 2056/2056
f 2042/2042 2053/2053 2056/2056
f 2056/2056 2053/2053 2058/2058
f 2053/2053 2063/2063 2058/2058
f 2063/2063 2065/2065 2058/2058
f 940/940 951/951 934/934
f 933/933 934/934 947/947
f 934/934 951/951 947/947
f 2065/2065 2076/2076 2078/2078
f 2078/2078 2076/2076 2084/2084
f 2084/2084 2076/2076 2083/2083
f 2076/2076 2074/2074 2083/2083
f 2074/2074 2075/2075 2083/2083
f 2075/2075 2086/2086 2083/2083
f 2083/2083 2086/2086 2094/2094
f 2086/2086 2096/2096 2094/2094
f 2096/2096 2131/2131 2094/2094
f 2094/2094 2131/2131 2132/2132
f 1748/1748 1734/1734 1759/1759
f 1734/1734 1758/1758 1759/1759
f 1759/1759 1758/1758 1789/1789
f 1789/1789 1758/1758 1764/1764
f 1758/1758 1746/1746 1764/1764
f 1764/1764 1746/1746 1760/1760
f 1760/1760 1746/1746 1738/1738
f 1746/1746 1715/1715 1738/1738
f 1738/1738 1715/1715 1732/1732
f 1715/1715 1727/1727 1732/1732
f 1732/1732 1727/1727 1745/1745
f 1727/1727 1728/1728 1745/1745
f 1745/1745 1728/1728 1903/1903
f 1728/1728 1904/1904 1903/1903
f 1904/1904 1891/1891 1903/1903
f 1903/1903 1891/1891 1888/1888
f 1888/1888 1891/1891 1877/1877
f 1891/1891 1890/1890 1877/1877
f 1877/1877 1890/1890 1874/1874
f 1890/1890 1889/1889 1874/1874
f 1874/1874 1889/1889 1875/1875
f 1875/1875 1889/1889 1876/1876
f 1889/1889 1894/1894 1876/1876
f 1894/1894 1886/1886 1876/1876
f 1876/1876 1886/1886 1868/1868
f 1868/1868 1886/1886 1863/1863
f 1886/1886 1893/1893 1863/1863
f 1863/1863 1893/1893 1846/1846
f 1846/1846 1893/1893 1870/1870
f 1893/1893 1909/1909 1870/1870
f 1870/1870 1909/1909 1895/1895
f 1895/1895 1909/1909 1929/1929
f 1909/1909 1933/1933 1929/1929
f 1933/1933 1947/1947 1929/1929
f 1929/1929 1947/1947 1945/1945
f 2418/2418 2400/2400 2412/2412
f 2412/2412 2400/2400 2406/2406
f 2406/2406 2400/2400 2383/2383
f 2383/2383 2400/2400 2389/2389
f 2389/2389 2400/2400 2404/2404
f 2400/2400 2405/2405 2404/2404
f 2405/2405 2413/2413 2404/2404
f 2413/2413 2409/2409 2404/2404
f 2404/2404 2409/2409 2392/2392
f 2409/2409 2408/2408 2392/2392
f 2408/2408 2407/2407 2392/2392
f 2392/2392 2407/2407 2388/2388
f 2407/2407 2387/2387 2388/2388
f 2388/2388 2387/2387 2368/2368
f 2387/2387 2371/2371 2368/2368
f 2368/2368 2371/2371 2337/2337
f 2337/2337 2371/2371 2348/2348
f 2371/2371 2378/2378 2348/2348
f 2378/2378 2379/2379 2348/2348
f 2379/2379 2354/2354 2348/2348
f 2348/2348 2354/2354 2328/2328
f 2354/2354 2375/2375 2328/2328
f 2375/2375 2346/2346 2328/2328
f 2328/2328 2346/2346 2313/2313
f 2346/2346 2336/2336 2313/2313
f 2313/2313 2336/2336 2302/2302
f 2302/2302 2336/2336 2364/2364
f 2336/2336 2456/2456 2364/2364
f 4372/4372 4368/4368 4373/4373
f 4373/4373 4368/4368 4374/4374
f 4368/4368 4391/4391 4374/4374
f 4391/4391 4705/4705 4374/4374
f 4374/4374 4705/4705 4393/4393
f 4705/4705 4490/4490 4393/4393
f 4393/4393 4490/4490 4381/4381
f 170/170 167/167 171/171
f 171/171 167/167 172/172
f 172/172 167/167 163/163
f 167/167 154/154 163/163
f 154/154 143/143 163/163
f 143/143 173/173 163/163
f 173/173 174/174 163/163
f 163/163 174/174 175/175
f 174/174 179/179 175/175
f 175/175 179/179 180/180
f 179/179 181/181 180/180
f 181/181 191/191 180/180
f 180/180 191/191 188/188
f 3661/3661 3657/3657 3665/3665
f 3665/3665 3657/3657 3654/3654
f 3657/3657 3656/3656 3654/3654
f 3654/3654 3656/3656 3655/3655
f 3656/3656 3682/3682 3655/3655
f 3655/3655 3682/3682 3651/3651
f 3651/3651 3682/3682 3678/3678
f 3682/3682 3675/3675 3678/3678
f 3678/3678 3675/3675 3676/3676
f 3675/3675 3673/3673 3676/3676
f 3676/3676 3673/3673 3806/3806
f 3673/3673 3805/3805 3806/3806
f 3805/3805 3824/3824 3806/3806
f 3824/3824 3848/3848 3806/3806
f 3848/3848 3855/3855 3806/3806
f 3806/3806 3855/3855 3837/3837
f 3855/3855 3856/3856 3837/3837
f 3837/3837 3856/3856 3854/3854
f 851/851 836/836 831/831
f 831/831 836/836 765/765
f 765/765 836/836 811/811
f 836/836 835/835 811/811
f 811/811 835/835 766/766
f 835/835 830/830 766/766
f 830/830 829/829 766/766
f 766/766 829/829 789/789
f 829/829 790/790 789/789
f 789/789 790/790 759/759
f 759/759 790/790 761/761
f 790/790 787/787 761/761
f 761/761 787/787 762/762
f 787/787 808/808 762/762
f 808/808 767/767 762/762
f 762/762 767/767 752/752
f 752/752 767/767 753/753
f 767/767 786/786 753/753
f 786/786 783/783 753/753
f 783/783 764/764 753/753
f 753/753 764/764 731/731
f 731/731 764/764 748/748
f 764/764 784/784 748/748
f 748/748 784/784 749/749
f 749/749 784/784 768/768
f 784/784 791/791 768/768
f 791/791 804/804 768/768
f 768/768 804/804 782/782
f 804/804 817/817 782/782
f 817/817 802/802 782/782
f 782/782 802/802 751/751
f 751/751 802/802 781/781
f 802/802 806/806 781/781
f 781/781 806/806 792/792
f 792/792 806/806 809/809
f 806/806 821/821 809/809
f 824/824 809/809 855/855
f 809/809 821/821 855/855
f 4005/4005 4002/4002 4023/4023
f 1329/1329 1310/1310 1319/1319
f 1319/1319 1310/1310 1294/1294
f 1310/1310 1286/1286 1294/1294
f 1294/1294 1286/1286 1273/1273
f 1273/1273 1286/1286 1267/1267
f 1286/1286 1285/1285 1267/1267
f 1285/1285 1259/1259 1267/1267
f 1267/1267 1259/1259 1256/1256
f 1259/1259 1234/1234 1256/1256
f 1256/1256 1234/1234 1236/1236
f 1234/1234 1205/1205 1236/1236
f 1236/1236 1205/1205 1203/1203
f 1205/1205 1177/1177 1203/1203
f 1177/1177 1165/1165 1203/1203
f 1203/1203 1165/1165 1186/1186
f 1186/1186 1165/1165 1175/1175
f 1165/1165 1153/1153 1175/1175
f 1175/1175 1153/1153 1157/1157
f 1153/1153 1140/1140 1157/1157
f 1140/1140 1129/1129 1157/1157
f 1157/1157 1129/1129 1151/1151
f 1129/1129 1126/1126 1151/1151
f 1151/1151 1126/1126 1127/1127
f 1126/1126 1114/1114 1127/1127
f 1127/1127 1114/1114 1128/1128
f 1114/1114 1115/1115 1128/1128
f 1115/1115 1148/1148 1128/1128
f 1128/1128 1148/1148 1161/1161
f 1161/1161 1148/1148 1242/1242
f 1148/1148 1223/1223 1242/1242
f 2881/2881 2874/2874 2877/2877
f 2877/2877 2874/2874 2876/2876
f 2876/2876 2874/2874 2875/2875
f 2875/2875 2874/2874 2873/2873
f 2874/2874 2872/2872 2873/2873
f 2873/2873 2872/2872 2868/2868
f 2872/2872 2860/2860 2868/2868
f 2860/2860 2857/2857 2868/2868
f 2868/2868 2857/2857 2869/2869
f 2857/2857 2870/2870 2869/2869
f 2869/2869 2870/2870 2934/2934
f 2870/2870 2933/2933 2934/2934
f 1075/1075 1076/1076 1067/1067
f 1076/1076 1077/1077 1067/1067
f 2071/2071 2070/2070 2069/2069
f 2070/2070 2051/2051 2069/2069
f 2051/2051 2050/2050 2069/2069
f 2069/2069 2050/2050 2067/2067
f 2067/2067 2050/2050 2066/2066
f 2050/2050 2048/2048 2066/2066
f 2048/2048 2055/2055 2066/2066
f 909/909 894/894 915/915
f 915/915 894/894 879/879
f 894/894 871/871 879/879
f 895/895 879/879 866/866
f 879/879 871/871 866/866
f 866/866 871/871 870/870
f 871/871 872/872 870/870
f 870/870 872/872 873/873
f 872/872 888/888 873/873
f 873/873 888/888 881/881
f 881/881 888/888 889/889
f 888/888 892/892 889/889
f 892/892 931/931 889/889
f 931/931 940/940 889/889
f 940/940 934/934 889/889
f 934/934 933/933 889/889
f 889/889 933/933 929/929
f 891/891 929/929 930/930
f 930/930 929/929 943/943
f 929/929 933/933 943/943
f 943/943 933/933 950/950
f 933/933 947/947 950/950
f 2078/2078 2084/2084 2085/2085
f 2085/2085 2084/2084 2089/2089
f 2084/2084 2083/2083 2089/2089
f 2083/2083 2094/2094 2089/2089
f 2094/2094 2132/2132 2089/2089
f 1759/1759 1789/1789 1797/1797
f 1065/1065 1071/1071 1064/1064
f 1789/1789 1764/1764 1796/1796
f 1796/1796 1764/1764 1790/1790
f 1764/1764 1760/1760 1790/1790
f 1972/1972 1790/1790 1766/1766
f 1790/1790 1760/1760 1766/1766
f 1766/1766 1760/1760 1763/1763
f 1760/1760 1738/1738 1763/1763
f 1738/1738 1732/1732 1763/1763
f 1763/1763 1732/1732 1750/1750
f 1732/1732 1745/1745 1750/1750
f 1750/1750 1745/1745 1887/1887
f 1745/1745 1903/1903 1887/1887
f 1887/1887 1903/1903 1880/1880
f 1903/1903 1888/1888 1880/1880
f 1880/1880 1888/1888 1879/1879
f 1888/1888 1877/1877 1879/1879
f 1879/1879 1877/1877 1862/1862
f 1862/1862 1877/1877 1861/1861
f 1877/1877 1874/1874 1861/1861
f 1861/1861 1874/1874 1857/1857
f 1874/1874 1875/1875 1857/1857
f 1875/1875 1876/1876 1857/1857
f 1876/1876 1868/1868 1857/1857
f 1857/1857 1868/1868 1850/1850
f 1868/1868 1863/1863 1850/1850
f 1863/1863 1846/1846 1850/1850
f 1850/1850 1846/1846 1840/1840
f 1834/1834 1840/1840 1837/1837
f 1840/1840 1846/1846 1837/1837
f 1837/1837 1846/1846 1842/1842
f 1846/1846 1870/1870 1842/1842
f 1870/1870 1895/1895 1842/1842
f 1833/1833 1842/1842 1855/1855
f 1842/1842 1895/1895 1855/1855
f 1895/1895 1929/1929 1855/1855
f 1855/1855 1929/1929 1913/1913
f 1929/1929 1945/1945 1913/1913
f 1945/1945 1946/1946 1913/1913
f 1913/1913 1946/1946 1932/1932
f 2406/2406 2383/2383 2397/2397
f 2397/2397 2383/2383 2382/2382
f 2382/2382 2383/2383 2380/2380
f 2383/2383 2389/2389 2380/2380
f 2380/2380 2389/2389 2377/2377
f 2389/2389 2404/2404 2377/2377
f 2404/2404 2392/2392 2377/2377
f 2392/2392 2388/2388 2377/2377
f 2388/2388 2368/2368 2377/2377
f 2377/2377 2368/2368 2359/2359
f 2368/2368 2337/2337 2359/2359
f 2359/2359 2337/2337 2331/2331
f 2331/2331 2337/2337 2312/2312
f 2337/2337 2348/2348 2312/2312
f 2348/2348 2328/2328 2312/2312
f 2328/2328 2313/2313 2312/2312
f 2300/2300 2312/2312 2301/2301
f 2312/2312 2313/2313 2301/2301
f 2313/2313 2302/2302 2301/2301
f 2301/2301 2302/2302 2292/2292
f 2302/2302 2364/2364 2292/2292
f 2292/2292 2364/2364 2363/2363
f 4373/4373 4374/4374 4375/4375
f 4375/4375 4374/4374 4376/4376
f 4374/4374 4393/4393 4376/4376
f 4376/4376 4393/4393 4378/4378
f 4393/4393 4381/4381 4378/4378
f 4378/4378 4381/4381 4380/4380
f 171/171 172/172 178/178
f 178/178 172/172 176/176
f 172/172 163/163 176/176
f 163/163 175/175 176/176
f 176/176 175/175 184/184
f 184/184 175/175 185/185
f 175/175 180/180 185/185
f 180/180 188/188 185/185
f 187/187 185/185 189/189
f 185/185 188/188 189/189
f 3665/3665 3654/3654 3653/3653
f 3653/3653 3654/3654 3650/3650
f 3654/3654 3655/3655 3650/3650
f 3655/3655 3651/3651 3650/3650
f 3650/3650 3651/3651 3646/3646
f 3651/3651 3678/3678 3646/3646
f 3678/3678 3676/3676 3646/3646
f 3646/3646 3676/3676 3711/3711
f 3676/3676 3806/3806 3711/3711
f 3716/3716 3711/3711 3771/3771
f 3711/3711 3806/3806 3771/3771
f 3806/3806 3837/3837 3771/3771
f 3771/3771 3837/3837 3825/3825
f 3837/3837 3854/3854 3825/3825
f 839/839 831/831 758/758
f 831/831 765/765 758/758
f 758/758 765/765 760/760
f 765/765 811/811 760/760
f 760/760 811/811 757/757
f 811/811 766/766 757/757
f 757/757 766/766 756/756
f 766/766 789/789 756/756
f 789/789 759/759 756/756
f 744/744 756/756 742/742
f 756/756 759/759 742/742
f 742/742 759/759 743/743
f 759/759 761/761 743/743
f 743/743 761/761 750/750
f 761/761 762/762 750/750
f 762/762 752/752 750/750
f 750/750 752/752 698/698
f 698/698 752/752 722/722
f 752/752 753/753 722/722
f 753/753 731/731 722/722
f 722/722 731/731 694/694
f 694/694 731/731 715/715
f 731/731 748/748 715/715
f 748/748 749/749 715/715
f 715/715 749/749 721/721
f 721/721 749/749 732/732
f 749/749 768/768 732/732
f 768/768 782/782 732/732
f 782/782 751/751 732/732
f 707/707 732/732 727/727
f 732/732 751/751 727/727
f 751/751 781/781 727/727
f 727/727 781/781 755/755
f 781/781 792/792 755/755
f 755/755 792/792 780/780
f 780/780 792/792 797/797
f 792/792 809/809 797/797
f 809/809 824/824 797/797
f 815/815 797/797 845/845
f 797/797 824/824 845/845
f 1320/1320 1319/1319 1304/1304
f 1319/1319 1294/1294 1304/1304
f 1304/1304 1294/1294 1289/1289
f 1294/1294 1273/1273 1289/1289
f 1289/1289 1273/1273 1270/1270
f 1270/1270 1273/1273 1257/1257
f 1273/1273 1267/1267 1257/1257
f 1267/1267 1256/1256 1257/1257
f 1257/1257 1256/1256 1251/1251
f 1256/1256 1236/1236 1251/1251
f 1251/1251 1236/1236 1243/1243
f 1236/1236 1203/1203 1243/1243
f 1243/1243 1203/1203 1233/1233
f 1203/1203 1186/1186 1233/1233
f 1233/1233 1186/1186 1206/1206
f 1186/1186 1175/1175 1206/1206
f 1206/1206 1175/1175 1182/1182
f 1175/1175 1157/1157 1182/1182
f 1157/1157 1151/1151 1182/1182
f 1182/1182 1151/1151 1173/1173
f 1151/1151 1127/1127 1173/1173
f 1173/1173 1127/1127 1155/1155
f 1127/1127 1128/1128 1155/1155
f 1155/1155 1128/1128 1156/1156
f 1156/1156 1128/1128 1172/1172
f 1128/1128 1161/1161 1172/1172
f 2923/2923 2924/2924 2882/2882
f 2924/2924 2881/2881 2882/2882
f 2882/2882 2881/2881 2878/2878
f 2881/2881 2877/2877 2878/2878
f 2878/2878 2877/2877 2818/2818
f 2877/2877 2876/2876 2818/2818
f 2818/2818 2876/2876 2819/2819
f 2876/2876 2875/2875 2819/2819
f 2819/2819 2875/2875 2895/2895
f 2875/2875 2873/2873 2895/2895
f 2895/2895 2873/2873 2871/2871
f 2873/2873 2868/2868 2871/2871
f 2868/2868 2869/2869 2871/2871
f 1061/1061 1080/1080 1070/1070
f 2871/2871 2869/2869 2936/2936
f 2869/2869 2934/2934 2936/2936
f 1075/1075 1067/1067 1070/1070
f 1070/1070 1067/1067 1020/1020
f 1020/1020 1067/1067 976/976
f 1067/1067 985/985 976/976
f 985/985 953/953 976/976
f 976/976 953/953 916/916
f 953/953 915/915 916/916
f 916/916 915/915 913/913
f 915/915 879/879 913/913
f 879/879 895/895 913/913
f 913/913 895/895 896/896
f 896/896 895/895 863/863
f 895/895 866/866 863/863
f 863/863 866/866 864/864
f 866/866 870/870 864/864
f 864/864 870/870 869/869
f 870/870 873/873 869/869
f 869/869 873/873 874/874
f 873/873 881/881 874/874
f 874/874 881/881 884/884
f 881/881 889/889 884/884
f 889/889 929/929 884/884
f 929/929 891/891 884/884
f 884/884 891/891 885/885
f 885/885 891/891 928/928
f 891/891 930/930 928/928
f 928/928 930/930 944/944
f 930/930 943/943 944/944
f 943/943 950/950 944/944
f 950/950 1065/1065 944/944
f 1065/1065 1064/1064 944/944
f 944/944 1064/1064 956/956
f 1064/1064 1066/1066 956/956
f 956/956 1066/1066 948/948
f 948/948 1066/1066 1014/1014
f 1790/1790 1972/1972 1982/1982
f 1981/1981 1982/1982 1968/1968
f 1982/1982 1972/1972 1968/1968
f 1968/1968 1972/1972 1957/1957
f 1972/1972 1766/1766 1957/1957
f 1766/1766 1763/1763 1957/1957
f 1957/1957 1763/1763 1927/1927
f 1763/1763 1750/1750 1927/1927
f 1924/1924 1927/1927 1898/1898
f 1927/1927 1750/1750 1898/1898
f 1750/1750 1887/1887 1898/1898
f 1898/1898 1887/1887 1881/1881
f 1887/1887 1880/1880 1881/1881
f 1881/1881 1880/1880 1871/1871
f 1880/1880 1879/1879 1871/1871
f 1866/1866 1871/1871 1867/1867
f 1871/1871 1879/1879 1867/1867
f 1879/1879 1862/1862 1867/1867
f 1867/1867 1862/1862 1853/1853
f 1862/1862 1861/1861 1853/1853
f 1853/1853 1861/1861 1847/1847
f 1847/1847 1861/1861 1845/1845
f 1861/1861 1857/1857 1845/1845
f 1845/1845 1857/1857 1841/1841
f 1857/1857 1850/1850 1841/1841
f 1850/1850 1840/1840 1841/1841
f 1841/1841 1840/1840 1829/1829
f 1840/1840 1834/1834 1829/1829
f 1829/1829 1834/1834 1825/1825
f 1818/1818 1825/1825 1816/1816
f 1816/1816 1825/1825 1826/1826
f 1825/1825 1834/1834 1826/1826
f 1826/1826 1834/1834 1827/1827
f 1834/1834 1837/1837 1827/1827
f 1837/1837 1842/1842 1827/1827
f 1842/1842 1833/1833 1827/1827
f 1827/1827 1833/1833 1828/1828
f 1828/1828 1833/1833 1832/1832
f 1833/1833 1855/1855 1832/1832
f 1855/1855 1913/1913 1832/1832
f 1832/1832 1913/1913 1914/1914
f 1913/1913 1932/1932 1914/1914
f 1914/1914 1932/1932 1934/1934
f 2397/2397 2382/2382 2395/2395
f 2395/2395 2382/2382 2381/2381
f 2381/2381 2382/2382 2372/2372
f 2382/2382 2380/2380 2372/2372
f 2372/2372 2380/2380 2358/2358
f 2380/2380 2377/2377 2358/2358
f 2377/2377 2359/2359 2358/2358
f 2359/2359 2331/2331 2358/2358
f 2358/2358 2331/2331 2329/2329
f 2321/2321 2329/2329 2308/2308
f 2329/2329 2331/2331 2308/2308
f 2331/2331 2312/2312 2308/2308
f 2312/2312 2300/2300 2308/2308
f 2308/2308 2300/2300 2293/2293
f 2293/2293 2300/2300 2291/2291
f 2300/2300 2301/2301 2291/2291
f 2301/2301 2292/2292 2291/2291
f 2291/2291 2292/2292 2290/2290
f 2290/2290 2292/2292 2294/2294
f 2292/2292 2363/2363 2294/2294
f 2303/2303 2294/2294 2343/2343
f 2294/2294 2363/2363 2343/2343
f 4375/4375 4376/4376 4377/4377
f 4376/4376 4378/4378 4377/4377
f 4377/4377 4378/4378 4379/4379
f 4378/4378 4380/4380 4379/4379
f 4390/4390 4379/4379 4382/4382
f 4379/4379 4380/4380 4382/4382
f 4380/4380 4383/4383 4382/4382
f 4383/4383 4384/4384 4382/4382
f 4382/4382 4384/4384 4385/4385
f 184/184 185/185 186/186
f 185/185 187/187 186/186
f 4385/4385 4388/4388 4387/4387
f 4387/4387 4388/4388 4389/4389
f 187/187 189/189 198/198
f 3653/3653 3650/3650 3652/3652
f 3652/3652 3650/3650 3644/3644
f 3650/3650 3646/3646 3644/3644
f 3644/3644 3646/3646 3645/3645
f 3646/3646 3711/3711 3645/3645
f 3711/3711 3716/3716 3645/3645
f 3645/3645 3716/3716 3647/3647
f 3647/3647 3716/3716 3718/3718
f 3716/3716 3771/3771 3718/3718
f 3771/3771 3825/3825 3718/3718
f 3718/3718 3825/3825 3803/3803
f 3825/3825 3843/3843 3803/3803
f 763/763 758/758 747/747
f 747/747 758/758 745/745
f 745/745 758/758 746/746
f 758/758 760/760 746/746
f 746/746 760/760 738/738
f 760/760 757/757 738/738
f 757/757 756/756 738/738
f 756/756 744/744 738/738
f 738/738 744/744 693/693
f 693/693 744/744 695/695
f 744/744 742/742 695/695
f 695/695 742/742 696/696
f 742/742 743/743 696/696
f 696/696 743/743 697/697
f 743/743 750/750 697/697
f 750/750 698/698 697/697
f 697/697 698/698 688/688
f 698/698 722/722 688/688
f 722/722 694/694 688/688
f 688/688 694/694 613/613
f 613/613 694/694 615/615
f 694/694 715/715 615/615
f 615/615 715/715 616/616
f 616/616 715/715 706/706
f 715/715 721/721 706/706
f 721/721 732/732 706/706
f 732/732 707/707 706/706
f 706/706 707/707 704/704
f 707/707 727/727 704/704
f 704/704 727/727 716/716
f 727/727 755/755 716/716
f 716/716 755/755 737/737
f 755/755 780/780 737/737
f 729/729 737/737 774/774
f 737/737 780/780 774/774
f 774/774 780/780 793/793
f 780/780 797/797 793/793
f 797/797 815/815 793/793
f 793/793 815/815 810/810
f 810/810 815/815 832/832
f 1316/1316 1304/1304 1303/1303
f 1304/1304 1289/1289 1303/1303
f 1303/1303 1289/1289 1284/1284
f 1289/1289 1270/1270 1284/1284
f 1275/1275 1284/1284 1258/1258
f 1284/1284 1270/1270 1258/1258
f 1270/1270 1257/1257 1258/1258
f 1257/1257 1251/1251 1258/1258
f 1258/1258 1251/1251 1254/1254
f 1251/1251 1243/1243 1254/1254
f 1254/1254 1243/1243 1244/1244
f 1243/1243 1233/1233 1244/1244
f 1233/1233 1206/1206 1244/1244
f 1244/1244 1206/1206 1238/1238
f 1206/1206 1182/1182 1238/1238
f 1238/1238 1182/1182 1207/1207
f 1182/1182 1173/1173 1207/1207
f 1207/1207 1173/1173 1181/1181
f 1173/1173 1155/1155 1181/1181
f 1181/1181 1155/1155 1180/1180
f 1155/1155 1156/1156 1180/1180
f 1180/1180 1156/1156 1201/1201
f 1201/1201 1156/1156 1204/1204
f 1156/1156 1172/1172 1204/1204
f 2904/2904 2923/2923 2886/2886
f 2923/2923 2882/2882 2886/2886
f 2886/2886 2882/2882 2884/2884
f 2884/2884 2882/2882 2883/2883
f 2882/2882 2878/2878 2883/2883
f 2883/2883 2878/2878 2815/2815
f 2878/2878 2818/2818 2815/2815
f 2816/2816 2815/2815 2817/2817
f 2815/2815 2818/2818 2817/2817
f 2818/2818 2819/2819 2817/2817
f 1056/1056 1073/1073 1069/1069
f 1073/1073 1079/1079 1069/1069
f 1079/1079 1080/1080 1069/1069
f 1080/1080 1061/1061 1069/1069
f 1069/1069 1061/1061 1054/1054
f 1054/1054 1061/1061 969/969
f 969/969 1061/1061 967/967
f 1061/1061 1070/1070 967/967
f 1070/1070 1020/1020 967/967
f 967/967 1020/1020 966/966
f 1020/1020 976/976 966/966
f 976/976 916/916 966/966
f 966/966 916/916 914/914
f 916/916 913/913 914/914
f 919/919 914/914 910/910
f 914/914 913/913 910/910
f 910/910 913/913 900/900
f 913/913 896/896 900/900
f 900/900 896/896 899/899
f 896/896 863/863 899/899
f 899/899 863/863 865/865
f 863/863 864/864 865/865
f 865/865 864/864 867/867
f 864/864 869/869 867/867
f 867/867 869/869 875/875
f 869/869 874/874 875/875
f 875/875 874/874 877/877
f 874/874 884/884 877/877
f 884/884 885/885 877/877
f 877/877 885/885 887/887
f 885/885 928/928 887/887
f 887/887 928/928 935/935
f 928/928 944/944 935/935
f 944/944 956/956 935/935
f 956/956 948/948 935/935
f 935/935 948/948 936/936
f 948/948 1014/1014 936/936
f 1014/1014 1013/1013 936/936
f 936/936 1013/1013 938/938
f 937/937 938/938 1007/1007
f 938/938 1013/1013 1007/1007
f 1983/1983 1981/1981 1965/1965
f 1981/1981 1968/1968 1965/1965
f 1965/1965 1968/1968 1956/1956
f 1968/1968 1957/1957 1956/1956
f 1957/1957 1927/1927 1956/1956
f 1927/1927 1924/1924 1956/1956
f 1958/1958 1956/1956 1900/1900
f 1956/1956 1924/1924 1900/1900
f 1900/1900 1924/1924 1899/1899
f 1924/1924 1898/1898 1899/1899
f 1899/1899 1898/1898 1872/1872
f 1898/1898 1881/1881 1872/1872
f 1881/1881 1871/1871 1872/1872
f 1871/1871 1866/1866 1872/1872
f 1872/1872 1866/1866 1873/1873
f 1873/1873 1866/1866 1865/1865
f 1852/1852 1865/1865 1856/1856
f 1865/1865 1866/1866 1856/1856
f 1856/1856 1866/1866 1848/1848
f 1866/1866 1867/1867 1848/1848
f 1867/1867 1853/1853 1848/1848
f 1848/1848 1853/1853 1838/1838
f 1853/1853 1847/1847 1838/1838
f 1838/1838 1847/1847 1835/1835
f 1847/1847 1845/1845 1835/1835
f 1845/1845 1841/1841 1835/1835
f 1841/1841 1829/1829 1835/1835
f 1835/1835 1829/1829 1821/1821
f 1829/1829 1825/1825 1821/1821
f 1825/1825 1818/1818 1821/1821
f 1821/1821 1818/1818 1814/1814
f 1818/1818 1816/1816 1814/1814
f 1814/1814 1816/1816 1815/1815
f 1815/1815 1816/1816 1823/1823
f 1816/1816 1826/1826 1823/1823
f 1826/1826 1827/1827 1823/1823
f 1827/1827 1828/1828 1823/1823
f 1828/1828 1832/1832 1823/1823
f 1823/1823 1832/1832 1830/1830
f 1832/1832 1914/1914 1830/1830
f 1830/1830 1914/1914 1915/1915
f 1914/1914 1934/1934 1915/1915
f 1915/1915 1934/1934 1936/1936
f 2390/2390 2395/2395 2370/2370
f 2395/2395 2381/2381 2370/2370
f 2370/2370 2381/2381 2367/2367
f 2367/2367 2381/2381 2366/2366
f 2381/2381 2372/2372 2366/2366
f 2372/2372 2358/2358 2366/2366
f 2352/2352 2366/2366 2347/2347
f 2366/2366 2358/2358 2347/2347
f 2358/2358 2329/2329 2347/2347
f 2329/2329 2321/2321 2347/2347
f 2347/2347 2321/2321 2330/2330
f 2330/2330 2321/2321 2311/2311
f 2311/2311 2321/2321 2307/2307
f 2321/2321 2308/2308 2307/2307
f 2308/2308 2293/2293 2307/2307
f 2307/2307 2293/2293 2299/2299
f 2299/2299 2293/2293 2289/2289
f 2289/2289 2293/2293 2285/2285
f 2293/2293 2291/2291 2285/2285
f 2285/2285 2291/2291 2286/2286
f 2291/2291 2290/2290 2286/2286
f 2286/2286 2290/2290 2287/2287
f 2290/2290 2294/2294 2287/2287
f 4/4 5/5 6/6
f 2287/2287 2303/2303 2279/2279
f 2303/2303 2343/2343 2279/2279
f 2343/2343 2344/2344 2279/2279
f 2344/2344 2326/2326 2279/2279
f 2279/2279 2326/2326 2269/2269
f 2269/2269 2326/2326 2262/2262
f 4390/4390 4382/4382 4386/4386
f 4382/4382 4385/4385 4386/4386
f 4385/4385 4387/4387 4386/4386
f 2260/2260 2262/2262 2248/2248
f 2262/2262 2254/2254 2248/2248
f 2254/2254 2253/2253 2248/2248
f 2253/2253 2249/2249 2248/2248
f 2248/2248 2249/2249 2247/2247
f 3643/3643 3644/3644 3642/3642
f 3644/3644 3645/3645 3642/3642
f 3645/3645 3647/3647 3642/3642
f 3642/3642 3647/3647 3641/3641
f 3641/3641 3647/3647 3719/3719
f 3647/3647 3718/3718 3719/3719
f 3718/3718 3803/3803 3719/3719
f 3648/3648 3719/3719 3722/3722
f 3719/3719 3803/3803 3722/3722
f 763/763 747/747 754/754
f 754/754 747/747 741/741
f 741/741 747/747 740/740
f 747/747 745/745 740/740
f 740/740 745/745 739/739
f 739/739 745/745 689/689
f 745/745 746/746 689/689
f 746/746 738/738 689/689
f 738/738 693/693 689/689
f 679/679 689/689 680/680
f 689/689 693/693 680/680
f 680/680 693/693 676/676
f 693/693 695/695 676/676
f 625/625 676/676 683/683
f 676/676 695/695 683/683
f 695/695 696/696 683/683
f 696/696 697/697 683/683
f 683/683 697/697 682/682
f 697/697 688/688 682/682
f 682/682 688/688 614/614
f 688/688 613/613 614/614
f 614/614 613/613 602/602
f 602/602 613/613 601/601
f 613/613 615/615 601/601
f 601/601 615/615 603/603
f 615/615 616/616 603/603
f 603/603 616/616 605/605
f 616/616 706/706 605/605
f 706/706 704/704 605/605
f 605/605 704/704 608/608
f 704/704 716/716 608/608
f 608/608 716/716 713/713
f 716/716 737/737 713/713
f 737/737 729/729 713/713
f 713/713 729/729 712/712
f 712/712 729/729 730/730
f 730/730 729/729 773/773
f 729/729 774/774 773/773
f 773/773 774/774 788/788
f 774/774 793/793 788/788
f 793/793 810/810 788/788
f 788/788 810/810 816/816
f 810/810 832/832 816/816
f 1303/1303 1284/1284 1296/1296
f 1296/1296 1284/1284 1295/1295
f 1284/1284 1275/1275 1295/1295
f 1295/1295 1275/1275 1280/1280
f 1280/1280 1275/1275 1266/1266
f 1275/1275 1258/1258 1266/1266
f 1258/1258 1254/1254 1266/1266
f 1266/1266 1254/1254 1260/1260
f 1254/1254 1244/1244 1260/1260
f 1260/1260 1244/1244 1255/1255
f 1244/1244 1238/1238 1255/1255
f 1255/1255 1238/1238 1245/1245
f 1238/1238 1207/1207 1245/1245
f 1245/1245 1207/1207 1235/1235
f 1207/1207 1181/1181 1235/1235
f 1235/1235 1181/1181 1208/1208
f 1181/1181 1180/1180 1208/1208
f 1180/1180 1201/1201 1208/1208
f 1208/1208 1201/1201 1246/1246
f 1246/1246 1201/1201 1247/1247
f 1247/1247 1201/1201 1237/1237
f 1201/1201 1204/1204 1237/1237
f 2903/2903 2904/2904 2885/2885
f 2904/2904 2886/2886 2885/2885
f 2886/2886 2884/2884 2885/2885
f 2885/2885 2884/2884 2814/2814
f 2884/2884 2883/2883 2814/2814
f 2883/2883 2815/2815 2814/2814
f 2814/2814 2815/2815 2813/2813
f 2815/2815 2816/2816 2813/2813
f 1058/1058 1057/1057 992/992
f 1057/1057 1056/1056 992/992
f 992/992 1056/1056 990/990
f 990/990 1056/1056 991/991
f 1056/1056 1069/1069 991/991
f 1069/1069 1054/1054 991/991
f 1054/1054 969/969 991/991
f 991/991 969/969 964/964
f 969/969 967/967 964/964
f 967/967 966/966 964/964
f 966/966 914/914 964/964
f 914/914 919/919 964/964
f 964/964 919/919 952/952
f 952/952 919/919 917/917
f 919/919 910/910 917/917
f 917/917 910/910 908/908
f 910/910 900/900 908/908
f 900/900 899/899 908/908
f 908/908 899/899 901/901
f 901/901 899/899 897/897
f 899/899 865/865 897/897
f 897/897 865/865 868/868
f 865/865 867/867 868/868
f 867/867 875/875 868/868
f 868/868 875/875 876/876
f 876/876 875/875 878/878
f 875/875 877/877 878/878
f 878/878 877/877 882/882
f 882/882 877/877 886/886
f 877/877 887/887 886/886
f 886/886 887/887 925/925
f 887/887 935/935 925/925
f 935/935 936/936 925/925
f 936/936 938/938 925/925
f 938/938 937/937 925/925
f 925/925 937/937 926/926
f 926/926 937/937 945/945
f 937/937 1007/1007 945/945
f 945/945 1007/1007 1005/1005
f 1005/1005 1007/1007 1041/1041
f 1983/1983 1965/1965 1961/1961
f 1965/1965 1956/1956 1961/1961
f 1956/1956 1958/1958 1961/1961
f 1961/1961 1958/1958 1960/1960
f 1958/1958 1900/1900 1960/1960
f 1900/1900 1923/1923 1960/1960
f 1954/1954 1960/1960 1922/1922
f 1960/1960 1923/1923 1922/1922
f 1922/1922 1923/1923 1897/1897
f 1923/1923 1900/1900 1897/1897
f 1900/1900 1899/1899 1897/1897
f 1899/1899 1872/1872 1897/1897
f 1872/1872 1873/1873 1897/1897
f 1897/1897 1873/1873 1882/1882
f 1873/1873 1865/1865 1882/1882
f 1882/1882 1865/1865 1864/1864
f 1865/1865 1852/1852 1864/1864
f 1864/1864 1852/1852 1859/1859
f 1859/1859 1852/1852 1843/1843
f 1843/1843 1852/1852 1839/1839
f 1852/1852 1856/1856 1839/1839
f 1856/1856 1848/1848 1839/1839
f 1839/1839 1848/1848 1836/1836
f 1848/1848 1838/1838 1836/1836
f 1838/1838 1835/1835 1836/1836
f 1836/1836 1835/1835 1822/1822
f 1835/1835 1821/1821 1822/1822
f 1822/1822 1821/1821 1813/1813
f 1821/1821 1814/1814 1813/1813
f 1813/1813 1814/1814 1809/1809
f 1809/1809 1814/1814 1808/1808
f 1814/1814 1815/1815 1808/1808
f 1808/1808 1815/1815 1817/1817
f 1815/1815 1823/1823 1817/1817
f 1823/1823 1830/1830 1817/1817
f 1817/1817 1830/1830 1831/1831
f 1830/1830 1915/1915 1831/1831
f 1831/1831 1915/1915 1918/1918
f 1915/1915 1936/1936 1918/1918
f 1918/1918 1936/1936 1948/1948
f 2384/2384 2390/2390 2369/2369
f 2390/2390 2370/2370 2369/2369
f 2370/2370 2367/2367 2369/2369
f 2369/2369 2367/2367 2362/2362
f 2367/2367 2366/2366 2362/2362
f 2366/2366 2352/2352 2362/2362
f 2362/2362 2352/2352 2351/2351
f 2352/2352 2347/2347 2351/2351
f 2351/2351 2347/2347 2327/2327
f 2347/2347 2330/2330 2327/2327
f 2327/2327 2330/2330 2310/2310
f 2330/2330 2311/2311 2310/2310
f 2310/2310 2311/2311 2297/2297
f 2311/2311 2307/2307 2297/2297
f 2307/2307 2299/2299 2297/2297
f 2297/2297 2299/2299 2288/2288
f 2299/2299 2289/2289 2288/2288
f 2288/2288 2289/2289 2284/2284
f 2289/2289 2285/2285 2284/2284
f 2284/2284 2285/2285 2277/2277
f 2277/2277 2285/2285 2278/2278
f 2285/2285 2286/2286 2278/2278
f 2286/2286 2287/2287 2278/2278
f 2287/2287 2279/2279 2278/2278
f 2278/2278 2279/2279 2268/2268
f 2279/2279 2269/2269 2268/2268
f 2269/2269 2262/2262 2268/2268
f 2262/2262 2260/2260 2268/2268
f 2268/2268 2260/2260 2259/2259
f 2259/2259 2260/2260 2246/2246
f 2260/2260 2248/2248 2246/2246
f 2248/2248 2247/2247 2246/2246
f 2246/2246 2247/2247 2244/2244
f 3643/3643 3642/3642 3640/3640
f 3642/3642 3641/3641 3640/3640
f 3640/3640 3641/3641 3639/3639
f 3641/3641 3719/3719 3639/3639
f 3719/3719 3648/3648 3639/3639
f 3639/3639 3648/3648 3637/3637
f 3637/3637 3648/3648 3636/3636
f 3636/3636 3648/3648 3649/3649
f 3649/3649 3648/3648 3725/3725
f 3648/3648 3722/3722 3725/3725
f 3722/3722 3768/3768 3725/3725
f 3729/3729 3725/3725 3798/3798
f 3725/3725 3768/3768 3798/3798
f 741/741 740/740 687/687
f 687/687 740/740 686/686
f 740/740 739/739 686/686
f 739/739 689/689 686/686
f 689/689 679/679 686/686
f 686/686 679/679 651/651
f 651/651 679/679 649/649
f 679/679 680/680 649/649
f 649/649 680/680 648/648
f 680/680 676/676 648/648
f 676/676 625/625 648/648
f 648/648 625/625 622/622
f 622/622 625/625 612/612
f 625/625 683/683 612/612
f 683/683 682/682 612/612
f 682/682 614/614 612/612
f 612/612 614/614 604/604
f 614/614 602/602 604/604
f 604/604 602/602 596/596
f 596/596 602/602 594/594
f 602/602 601/601 594/594
f 594/594 601/601 597/597
f 601/601 603/603 597/597
f 597/597 603/603 600/600
f 603/603 605/605 600/600
f 605/605 608/608 600/600
f 600/600 608/608 606/606
f 608/608 713/713 606/606
f 606/606 713/713 607/607
f 713/713 712/712 607/607
f 690/690 607/607 711/711
f 607/607 712/712 711/711
f 712/712 730/730 711/711
f 711/711 730/730 728/728
f 728/728 730/730 775/775
f 730/730 773/773 775/775
f 775/775 773/773 794/794
f 773/773 788/788 794/794
f 788/788 816/816 794/794
f 816/816 822/822 794/794
f 794/794 822/822 796/796
f 1312/1312 1295/1295 1291/1291
f 1295/1295 1280/1280 1291/1291
f 1291/1291 1280/1280 1290/1290
f 1290/1290 1280/1280 1276/1276
f 1280/1280 1266/1266 1276/1276
f 1266/1266 1260/1260 1276/1276
f 1260/1260 1255/1255 1276/1276
f 1276/1276 1255/1255 1265/1265
f 1255/1255 1245/1245 1265/1265
f 1265/1265 1245/1245 1262/1262
f 1245/1245 1235/1235 1262/1262
f 1262/1262 1235/1235 1248/1248
f 1235/1235 1208/1208 1248/1248
f 1208/1208 1246/1246 1248/1248
f 1248/1248 1246/1246 1252/1252
f 1252/1252 1246/1246 1249/1249
f 1246/1246 1247/1247 1249/1249
f 1249/1249 1247/1247 1250/1250
f 1247/1247 1237/1237 1250/1250
f 2901/2901 2903/2903 2898/2898
f 2903/2903 2885/2885 2898/2898
f 2898/2898 2885/2885 2805/2805
f 2805/2805 2885/2885 2806/2806
f 2885/2885 2814/2814 2806/2806
f 2814/2814 2813/2813 2806/2806
f 2806/2806 2813/2813 2812/2812
f 1021/1021 1058/1058 997/997
f 1058/1058 992/992 997/997
f 997/997 992/992 973/973
f 992/992 990/990 973/973
f 973/973 990/990 965/965
f 990/990 991/991 965/965
f 991/991 964/964 965/965
f 965/965 964/964 960/960
f 964/964 952/952 960/960
f 960/960 952/952 958/958
f 952/952 917/917 958/958
f 958/958 917/917 918/918
f 917/917 908/908 918/918
f 918/918 908/908 911/911
f 908/908 901/901 911/911
f 901/901 897/897 911/911
f 912/912 911/911 907/907
f 911/911 897/897 907/907
f 907/907 897/897 902/902
f 902/902 897/897 898/898
f 897/897 868/868 898/898
f 868/868 876/876 898/898
f 898/898 876/876 880/880
f 876/876 878/878 880/880
f 878/878 882/882 880/880
f 880/880 882/882 883/883
f 883/883 882/882 905/905
f 882/882 886/886 905/905
f 886/886 925/925 905/905
f 925/925 926/926 905/905
f 905/905 926/926 927/927
f 926/926 945/945 927/927
f 939/939 927/927 954/954
f 927/927 945/945 954/954
f 945/945 1005/1005 954/954
f 954/954 1005/1005 998/998
f 998/998 1005/1005 1030/1030
f 1970/1970 1961/1961 1969/1969
f 1961/1961 1960/1960 1969/1969
f 1960/1960 1954/1954 1969/1969
f 1969/1969 1954/1954 1973/1973
f 1973/1973 1954/1954 1959/1959
f 1959/1959 1954/1954 1921/1921
f 1954/1954 1922/1922 1921/1921
f 1922/1922 1897/1897 1921/1921
f 1897/1897 1882/1882 1921/1921
f 1921/1921 1882/1882 1892/1892
f 1892/1892 1882/1882 1878/1878
f 1882/1882 1864/1864 1878/1878
f 1864/1864 1859/1859 1878/1878
f 1878/1878 1859/1859 1883/1883
f 1883/1883 1859/1859 1858/1858
f 1859/1859 1843/1843 1858/1858
f 1858/1858 1843/1843 1849/1849
f 1849/1849 1843/1843 1824/1824
f 1843/1843 1839/1839 1824/1824
f 1839/1839 1836/1836 1824/1824
f 1836/1836 1822/1822 1824/1824
f 1824/1824 1822/1822 1820/1820
f 1822/1822 1813/1813 1820/1820
f 1820/1820 1813/1813 1812/1812
f 1813/1813 1809/1809 1812/1812
f 1812/1812 1809/1809 1806/1806
f 1809/1809 1808/1808 1806/1806
f 1806/1806 1808/1808 1807/1807
f 1808/1808 1817/1817 1807/1807
f 1817/1817 1831/1831 1807/1807
f 1807/1807 1831/1831 1935/1935
f 1831/1831 1918/1918 1935/1935
f 1918/1918 1948/1948 1935/1935
f 1935/1935 1948/1948 1949/1949
f 2376/2376 2384/2384 2357/2357
f 2384/2384 2369/2369 2357/2357
f 2369/2369 2362/2362 2357/2357
f 2357/2357 2362/2362 2356/2356
f 2362/2362 2351/2351 2356/2356
f 2356/2356 2351/2351 2345/2345
f 2351/2351 2327/2327 2345/2345
f 2340/2340 2345/2345 2318/2318
f 2345/2345 2327/2327 2318/2318
f 2327/2327 2310/2310 2318/2318
f 2318/2318 2310/2310 2309/2309
f 2310/2310 2297/2297 2309/2309
f 2309/2309 2297/2297 2295/2295
f 2295/2295 2297/2297 2282/2282
f 2297/2297 2288/2288 2282/2282
f 2282/2282 2288/2288 2281/2281
f 2288/2288 2284/2284 2281/2281
f 2281/2281 2284/2284 2274/2274
f 2284/2284 2277/2277 2274/2274
f 2274/2274 2277/2277 2270/2270
f 2277/2277 2278/2278 2270/2270
f 2278/2278 2268/2268 2270/2270
f 2268/2268 2259/2259 2270/2270
f 2270/2270 2259/2259 2261/2261
f 2261/2261 2259/2259 2243/2243
f 2259/2259 2246/2246 2243/2243
f 2246/2246 2244/2244 2243/2243
f 2243/2243 2244/2244 2245/2245
f 3640/3640 3639/3639 3638/3638
f 3639/3639 3637/3637 3638/3638
f 3638/3638 3637/3637 3635/3635
f 3637/3637 3636/3636 3635/3635
f 3634/3634 3635/3635 3628/3628
f 3635/3635 3636/3636 3628/3628
f 3636/3636 3649/3649 3628/3628
f 3628/3628 3649/3649 3726/3726
f 3649/3649 3725/3725 3726/3726
f 3725/3725 3729/3729 3726/3726
f 3726/3726 3729/3729 3727/3727
f 3727/3727 3729/3729 3730/3730
f 3729/3729 3798/3798 3730/3730
f 692/692 687/687 678/678
f 687/687 686/686 678/678
f 678/678 686/686 675/675
f 686/686 651/651 675/675
f 675/675 651/651 650/650
f 647/647 650/650 646/646
f 650/650 651/651 646/646
f 651/651 649/649 646/646
f 649/649 648/648 646/646
f 646/646 648/648 642/642
f 648/648 622/622 642/642
f 642/642 622/622 621/621
f 621/621 622/622 609/609
f 622/622 612/612 609/609
f 612/612 604/604 609/609
f 604/604 596/596 609/609
f 609/609 596/596 593/593
f 596/596 594/594 593/593
f 593/593 594/594 591/591
f 594/594 597/597 591/591
f 591/591 597/597 598/598
f 597/597 600/600 598/598
f 600/600 606/606 598/598
f 606/606 607/607 598/598
f 598/598 607/607 599/599
f 599/599 607/607 668/668
f 607/607 690/690 668/668
f 668/668 690/690 670/670
f 670/670 690/690 700/700
f 700/700 690/690 714/714
f 690/690 711/711 714/714
f 711/711 728/728 714/714
f 717/717 714/714 733/733
f 714/714 728/728 733/733
f 733/733 728/728 776/776
f 728/728 775/775 776/776
f 775/775 794/794 776/776
f 794/794 796/796 776/776
f 777/777 776/776 803/803
f 776/776 796/796 803/803
f 1312/1312 1291/1291 1311/1311
f 1311/1311 1291/1291 1302/1302
f 1291/1291 1290/1290 1302/1302
f 1302/1302 1290/1290 1283/1283
f 1290/1290 1276/1276 1283/1283
f 1276/1276 1265/1265 1283/1283
f 1283/1283 1265/1265 1281/1281
f 1265/1265 1262/1262 1281/1281
f 1281/1281 1262/1262 1263/1263
f 1262/1262 1248/1248 1263/1263
f 1248/1248 1252/1252 1263/1263
f 1287/1287 1263/1263 1264/1264
f 1263/1263 1252/1252 1264/1264
f 1298/1298 1264/1264 1274/1274
f 1274/1274 1264/1264 1253/1253
f 1264/1264 1252/1252 1253/1253
f 1252/1252 1249/1249 1253/1253
f 2908/2908 2912/2912 2902/2902
f 2902/2902 2912/2912 2900/2900
f 2912/2912 2901/2901 2900/2900
f 2900/2900 2901/2901 2899/2899
f 2901/2901 2898/2898 2899/2899
f 2899/2899 2898/2898 2799/2799
f 2898/2898 2805/2805 2799/2799
f 2799/2799 2805/2805 2803/2803
f 2805/2805 2806/2806 2803/2803
f 2806/2806 2812/2812 2803/2803
f 1063/1063 1021/1021 994/994
f 994/994 1021/1021 984/984
f 1021/1021 997/997 984/984
f 997/997 973/973 984/984
f 984/984 973/973 979/979
f 979/979 973/973 968/968
f 973/973 965/965 968/968
f 965/965 960/960 968/968
f 960/960 958/958 968/968
f 968/968 958/958 959/959
f 959/959 958/958 957/957
f 958/958 918/918 957/957
f 918/918 911/911 957/957
f 911/911 912/912 957/957
f 957/957 912/912 961/961
f 961/961 912/912 921/921
f 912/912 907/907 921/921
f 907/907 902/902 921/921
f 922/922 921/921 903/903
f 921/921 902/902 903/903
f 902/902 898/898 903/903
f 903/903 898/898 904/904
f 898/898 880/880 904/904
f 880/880 883/883 904/904
f 883/883 905/905 904/904
f 904/904 905/905 906/906
f 905/905 927/927 906/906
f 927/927 939/939 906/906
f 906/906 939/939 946/946
f 939/939 954/954 946/946
f 946/946 954/954 955/955
f 954/954 998/998 955/955
f 955/955 998/998 1010/1010
f 998/998 1030/1030 1010/1010
f 1030/1030 1029/1029 1010/1010
f 1010/1010 1029/1029 1011/1011
f 1011/1011 1029/1029 1034/1034
f 1973/1973 1959/1959 1976/1976
f 1976/1976 1959/1959 1962/1962
f 1959/1959 1921/1921 1962/1962
f 1962/1962 1921/1921 1902/1902
f 1921/1921 1892/1892 1902/1902
f 1892/1892 1878/1878 1902/1902
f 1878/1878 1883/1883 1902/1902
f 1953/1953 1902/1902 1916/1916
f 1902/1902 1883/1883 1916/1916
f 1916/1916 1883/1883 1884/1884
f 1883/1883 1858/1858 1884/1884
f 1884/1884 1858/1858 1860/1860
f 1860/1860 1858/1858 1854/1854
f 1858/1858 1849/1849 1854/1854
f 1854/1854 1849/1849 1844/1844
f 1849/1849 1824/1824 1844/1844
f 1844/1844 1824/1824 1819/1819
f 1824/1824 1820/1820 1819/1819
f 1820/1820 1812/1812 1819/1819
f 1819/1819 1812/1812 1810/1810
f 1812/1812 1806/1806 1810/1810
f 1810/1810 1806/1806 1803/1803
f 1803/1803 1806/1806 1805/1805
f 1806/1806 1807/1807 1805/1805
f 1805/1805 1807/1807 1941/1941
f 1807/1807 1935/1935 1941/1941
f 1941/1941 1935/1935 1950/1950
f 2396/2396 2376/2376 2394/2394
f 2394/2394 2376/2376 2393/2393
f 2393/2393 2376/2376 2373/2373
f 2373/2373 2376/2376 2355/2355
f 2376/2376 2357/2357 2355/2355
f 2357/2357 2356/2356 2355/2355
f 2356/2356 2345/2345 2355/2355
f 2345/2345 2340/2340 2355/2355
f 2355/2355 2340/2340 2349/2349
f 2349/2349 2340/2340 2338/2338
f 2338/2338 2340/2340 2322/2322
f 2340/2340 2318/2318 2322/2322
f 2322/2322 2318/2318 2316/2316
f 2318/2318 2309/2309 2316/2316
f 2316/2316 2309/2309 2305/2305
f 2309/2309 2295/2295 2305/2305
f 2305/2305 2295/2295 2296/2296
f 2296/2296 2295/2295 2283/2283
f 2295/2295 2282/2282 2283/2283
f 2283/2283 2282/2282 2275/2275
f 2282/2282 2281/2281 2275/2275
f 2281/2281 2274/2274 2275/2275
f 2275/2275 2274/2274 2271/2271
f 2274/2274 2270/2270 2271/2271
f 2270/2270 2261/2261 2271/2271
f 2271/2271 2261/2261 2263/2263
f 2263/2263 2261/2261 2250/2250
f 2261/2261 2243/2243 2250/2250
f 2243/2243 2245/2245 2250/2250
f 2245/2245 2251/2251 2250/2250
f 2250/2250 2251/2251 2252/2252
f 4115/4115 4114/4114 4113/4113
f 4113/4113 4114/4114 4112/4112
f 3634/3634 3628/3628 3625/3625
f 3625/3625 3628/3628 3626/3626
f 3628/3628 3726/3726 3626/3626
f 3726/3726 3727/3727 3626/3626
f 3626/3626 3727/3727 3629/3629
f 3629/3629 3727/3727 3728/3728
f 3727/3727 3730/3730 3728/3728
f 3733/3733 3728/3728 3734/3734
f 3734/3734 3728/3728 3744/3744
f 3728/3728 3730/3730 3744/3744
f 692/692 678/678 681/681
f 681/681 678/678 653/653
f 678/678 675/675 653/653
f 675/675 650/650 653/653
f 653/653 650/650 641/641
f 641/641 650/650 639/639
f 650/650 647/647 639/639
f 639/639 647/647 640/640
f 647/647 646/646 640/640
f 646/646 642/642 640/640
f 642/642 621/621 640/640
f 640/640 621/621 623/623
f 623/623 621/621 610/610
f 621/621 609/609 610/610
f 609/609 593/593 610/610
f 610/610 593/593 611/611
f 611/611 593/593 595/595
f 595/595 593/593 590/590
f 593/593 591/591 590/590
f 590/590 591/591 592/592
f 591/591 598/598 592/592
f 598/598 599/599 592/592
f 592/592 599/599 618/618
f 618/618 599/599 620/620
f 599/599 668/668 620/620
f 620/620 668/668 661/661
f 668/668 670/670 661/661
f 661/661 670/670 673/673
f 673/673 670/670 705/705
f 670/670 700/700 705/705
f 700/700 714/714 705/705
f 714/714 717/717 705/705
f 705/705 717/717 723/723
f 717/717 733/733 723/723
f 723/723 733/733 734/734
f 733/733 776/776 734/734
f 776/776 777/777 734/734
f 734/734 777/777 785/785
f 777/777 803/803 785/785
f 803/803 805/805 785/785
f 785/785 805/805 814/814
f 1302/1302 1283/1283 1301/1301
f 1283/1283 1281/1281 1301/1301
f 1321/1321 1301/1301 1300/1300
f 1301/1301 1281/1281 1300/1300
f 1300/1300 1281/1281 1288/1288
f 1281/1281 1263/1263 1288/1288
f 1263/1263 1287/1287 1288/1288
f 1288/1288 1287/1287 1297/1297
f 1287/1287 1264/1264 1297/1297
f 1264/1264 1298/1298 1297/1297
f 1297/1297 1298/1298 1299/1299
f 1298/1298 1274/1274 1299/1299
f 1299/1299 1274/1274 1322/1322
f 2791/2791 2800/2800 2792/2792
f 2792/2792 2800/2800 2794/2794
f 2800/2800 2908/2908 2794/2794
f 2908/2908 2902/2902 2794/2794
f 2902/2902 2900/2900 2794/2794
f 2794/2794 2900/2900 2797/2797
f 2900/2900 2899/2899 2797/2797
f 2899/2899 2799/2799 2797/2797
f 2797/2797 2799/2799 2798/2798
f 2799/2799 2803/2803 2798/2798
f 1074/1074 1063/1063 1024/1024
f 1063/1063 994/994 1024/1024
f 1024/1024 994/994 993/993
f 994/994 984/984 993/993
f 984/984 979/979 993/993
f 993/993 979/979 978/978
f 979/979 968/968 978/978
f 968/968 959/959 978/978
f 978/978 959/959 975/975
f 959/959 957/957 975/975
f 957/957 961/961 975/975
f 986/986 975/975 980/980
f 975/975 961/961 980/980
f 980/980 961/961 972/972
f 972/972 961/961 962/962
f 961/961 921/921 962/962
f 921/921 922/922 962/962
f 962/962 922/922 970/970
f 970/970 922/922 923/923
f 922/922 903/903 923/923
f 903/903 904/904 923/923
f 904/904 906/906 923/923
f 923/923 906/906 924/924
f 906/906 946/946 924/924
f 924/924 946/946 949/949
f 946/946 955/955 949/949
f 949/949 955/955 989/989
f 955/955 1010/1010 989/989
f 1010/1010 1011/1011 989/989
f 989/989 1011/1011 1003/1003
f 1003/1003 1011/1011 1004/1004
f 1004/1004 1011/1011 1017/1017
f 1011/1011 1034/1034 1017/1017
f 1017/1017 1034/1034 1040/1040
f 1976/1976 1962/1962 1978/1978
f 1978/1978 1962/1962 1966/1966
f 1962/1962 1902/1902 1966/1966
f 1902/1902 1953/1953 1966/1966
f 1966/1966 1953/1953 1955/1955
f 1953/1953 1916/1916 1955/1955
f 1955/1955 1916/1916 1925/1925
f 1916/1916 1884/1884 1925/1925
f 1925/1925 1884/1884 1896/1896
f 1884/1884 1860/1860 1896/1896
f 1896/1896 1860/1860 1869/1869
f 1860/1860 1854/1854 1869/1869
f 1869/1869 1854/1854 1851/1851
f 1854/1854 1844/1844 1851/1851
f 1844/1844 1819/1819 1851/1851
f 1819/1819 1810/1810 1851/1851
f 1851/1851 1810/1810 1811/1811
f 1811/1811 1810/1810 1802/1802
f 1810/1810 1803/1803 1802/1802
f 1802/1802 1803/1803 1804/1804
f 1803/1803 1805/1805 1804/1804
f 1805/1805 1940/1940 1804/1804
f 1804/1804 1940/1940 1944/1944
f 1944/1944 1940/1940 1943/1943
f 1940/1940 1805/1805 1943/1943
f 1805/1805 1941/1941 1943/1943
f 2417/2417 2394/2394 2416/2416
f 2394/2394 2393/2393 2416/2416
f 2416/2416 2393/2393 2398/2398
f 2393/2393 2373/2373 2398/2398
f 2398/2398 2373/2373 2374/2374
f 2374/2374 2373/2373 2360/2360
f 2373/2373 2355/2355 2360/2360
f 2355/2355 2349/2349 2360/2360
f 2360/2360 2349/2349 2350/2350
f 2349/2349 2338/2338 2350/2350
f 2350/2350 2338/2338 2339/2339
f 2339/2339 2338/2338 2323/2323
f 2338/2338 2322/2322 2323/2323
f 2322/2322 2316/2316 2323/2323
f 2323/2323 2316/2316 2317/2317
f 2316/2316 2305/2305 2317/2317
f 2317/2317 2305/2305 2306/2306
f 2305/2305 2296/2296 2306/2306
f 2306/2306 2296/2296 2298/2298
f 2298/2298 2296/2296 2280/2280
f 2296/2296 2283/2283 2280/2280
f 2283/2283 2275/2275 2280/2280
f 2280/2280 2275/2275 2272/2272
f 2275/2275 2271/2271 2272/2272
f 2272/2272 2271/2271 2264/2264
f 2271/2271 2263/2263 2264/2264
f 2264/2264 2263/2263 2255/2255
f 2263/2263 2250/2250 2255/2255
f 2250/2250 2252/2252 2255/2255
f 2255/2255 2252/2252 2256/2256
f 4113/4113 4112/4112 4111/4111
f 4111/4111 4112/4112 4110/4110
f 3631/3631 3625/3625 3627/3627
f 3625/3625 3626/3626 3627/3627
f 3626/3626 3629/3629 3627/3627
f 3627/3627 3629/3629 3630/3630
f 3629/3629 3728/3728 3630/3630
f 3630/3630 3728/3728 3732/3732
f 3728/3728 3733/3733 3732/3732
f 3732/3732 3733/3733 3735/3735
f 3735/3735 3733/3733 3736/3736
f 3736/3736 3733/3733 3737/3737
f 3733/3733 3734/3734 3737/3737
f 3737/3737 3734/3734 3767/3767
f 3734/3734 3744/3744 3767/3767
f 681/681 653/653 677/677
f 653/653 641/641 677/677
f 677/677 641/641 645/645
f 645/645 641/641 638/638
f 641/641 639/639 638/638
f 638/638 639/639 629/629
f 639/639 640/640 629/629
f 640/640 623/623 629/629
f 629/629 623/623 628/628
f 628/628 623/623 624/624
f 623/623 610/610 624/624
f 610/610 611/611 624/624
f 624/624 611/611 619/619
f 611/611 595/595 619/619
f 595/595 590/590 619/619
f 619/619 590/590 617/617
f 590/590 592/592 617/617
f 592/592 618/618 617/617
f 617/617 618/618 643/643
f 618/618 620/620 643/643
f 620/620 661/661 643/643
f 656/656 643/643 667/667
f 643/643 661/661 667/667
f 661/661 673/673 667/667
f 667/667 673/673 703/703
f 703/703 673/673 718/718
f 673/673 705/705 718/718
f 705/705 723/723 718/718
f 718/718 723/723 726/726
f 723/723 734/734 726/726
f 726/726 734/734 772/772
f 734/734 785/785 772/772
f 772/772 785/785 795/795
f 785/785 814/814 795/795
f 814/814 818/818 795/795
f 795/795 818/818 801/801
f 1321/1321 1300/1300 1315/1315
f 1300/1300 1288/1288 1315/1315
f 1315/1315 1288/1288 1313/1313
f 1288/1288 1297/1297 1313/1313
f 1313/1313 1297/1297 1314/1314
f 1297/1297 1299/1299 1314/1314
f 4166/4166 4169/4169 4167/4167
f 4167/4167 4169/4169 4168/4168
f 4169/4169 4170/4170 4168/4168
f 2784/2784 2795/2795 2787/2787
f 2795/2795 2791/2791 2787/2787
f 2787/2787 2791/2791 2790/2790
f 2791/2791 2792/2792 2790/2790
f 2790/2790 2792/2792 2793/2793
f 2792/2792 2794/2794 2793/2793
f 2793/2793 2794/2794 2796/2796
f 2794/2794 2797/2797 2796/2796
f 2797/2797 2798/2798 2796/2796
f 2804/2804 2796/2796 2809/2809
f 2796/2796 2798/2798 2809/2809
f 1074/1074 1024/1024 1052/1052
f 1052/1052 1024/1024 1023/1023
f 1024/1024 993/993 1023/1023
f 1023/1023 993/993 995/995
f 993/993 978/978 995/995
f 978/978 975/975 995/995
f 975/975 986/986 995/995
f 995/995 986/986 1001/1001
f 1001/1001 986/986 982/982
f 986/986 980/980 982/982
f 980/980 972/972 982/982
f 982/982 972/972 974/974
f 972/972 962/962 974/974
f 974/974 962/962 977/977
f 962/962 970/970 977/977
f 983/983 977/977 971/971
f 977/977 970/970 971/971
f 970/970 923/923 971/971
f 971/971 923/923 963/963
f 923/923 924/924 963/963
f 924/924 949/949 963/963
f 963/963 949/949 981/981
f 949/949 989/989 981/981
f 989/989 1003/1003 981/981
f 1003/1003 1004/1004 981/981
f 981/981 1004/1004 988/988
f 988/988 1004/1004 1015/1015
f 1004/1004 1017/1017 1015/1015
f 1015/1015 1017/1017 1027/1027
f 1017/1017 1040/1040 1027/1027
f 1027/1027 1040/1040 1042/1042
f 1978/1978 1966/1966 1980/1980
f 1980/1980 1966/1966 1977/1977
f 1966/1966 1955/1955 1977/1977
f 1977/1977 1955/1955 1963/1963
f 1955/1955 1925/1925 1963/1963
f 1963/1963 1925/1925 1942/1942
f 1925/1925 1896/1896 1942/1942
f 1942/1942 1896/1896 1920/1920
f 1896/1896 1869/1869 1920/1920
f 1920/1920 1869/1869 1885/1885
f 1869/1869 1851/1851 1885/1885
f 1885/1885 1851/1851 1919/1919
f 1851/1851 1811/1811 1919/1919
f 1811/1811 1802/1802 1919/1919
f 1919/1919 1802/1802 1937/1937
f 1802/1802 1804/1804 1937/1937
f 1804/1804 1944/1944 1937/1937
f 1937/1937 1944/1944 1951/1951
f 1951/1951 1944/1944 1974/1974
f 1944/1944 1943/1943 1974/1974
f 2416/2416 2398/2398 2428/2428
f 2428/2428 2398/2398 2399/2399
f 2399/2399 2398/2398 2386/2386
f 2398/2398 2374/2374 2386/2386
f 2374/2374 2360/2360 2386/2386
f 2386/2386 2360/2360 2361/2361
f 2360/2360 2350/2350 2361/2361
f 2361/2361 2350/2350 2342/2342
f 2350/2350 2339/2339 2342/2342
f 2342/2342 2339/2339 2325/2325
f 2339/2339 2323/2323 2325/2325
f 2323/2323 2317/2317 2325/2325
f 2325/2325 2317/2317 2319/2319
f 2317/2317 2306/2306 2319/2319
f 2319/2319 2306/2306 2314/2314
f 2306/2306 2298/2298 2314/2314
f 2314/2314 2298/2298 2304/2304
f 2304/2304 2298/2298 2276/2276
f 2298/2298 2280/2280 2276/2276
f 2280/2280 2272/2272 2276/2276
f 2276/2276 2272/2272 2265/2265
f 2272/2272 2264/2264 2265/2265
f 2264/2264 2255/2255 2265/2265
f 2265/2265 2255/2255 2257/2257
f 2255/2255 2256/2256 2257/2257
f 2257/2257 2256/2256 2258/2258
f 4111/4111 4110/4110 4109/4109
f 4109/4109 4110/4110 4108/4108
f 3631/3631 3627/3627 3632/3632
f 3627/3627 3630/3630 3632/3632
f 3632/3632 3630/3630 3633/3633
f 4097/4097 4088/4088 4089/4089
f 4089/4089 4088/4088 4081/4081
f 4088/4088 4082/4082 4081/4081
f 4084/4084 4081/4081 4083/4083
f 4081/4081 4082/4082 4083/4083
f 3735/3735 3736/3736 3739/3739
f 3739/3739 3736/3736 3738/3738
f 3736/3736 3737/3737 3738/3738
f 3737/3737 3767/3767 3738/3738
f 3767/3767 3794/3794 3738/3738
f 3738/3738 3794/3794 3796/3796
f 3796/3796 3794/3794 3797/3797
f 645/645 638/638 644/644
f 652/652 654/654 630/630
f 654/654 644/644 630/630
f 644/644 638/638 630/630
f 638/638 629/629 630/630
f 629/629 628/628 630/630
f 630/630 628/628 631/631
f 631/631 628/628 632/632
f 628/628 624/624 632/632
f 632/632 624/624 626/626
f 624/624 619/619 626/626
f 626/626 619/619 627/627
f 619/619 617/617 627/627
f 617/617 643/643 627/627
f 643/643 656/656 627/627
f 627/627 656/656 655/655
f 655/655 656/656 662/662
f 656/656 667/667 662/662
f 663/663 662/662 666/666
f 666/666 662/662 671/671
f 662/662 667/667 671/671
f 667/667 703/703 671/671
f 671/671 703/703 709/709
f 709/709 703/703 720/720
f 703/703 718/718 720/720
f 718/718 726/726 720/720
f 720/720 726/726 735/735
f 726/726 772/772 735/735
f 772/772 795/795 735/735
f 795/795 801/801 735/735
f 801/801 798/798 735/735
f 736/736 735/735 778/778
f 735/735 798/798 778/778
f 778/778 798/798 799/799
f 798/798 801/801 799/799
f 801/801 844/844 799/799
f 844/844 843/843 799/799
f 799/799 843/843 800/800
f 4165/4165 4166/4166 4164/4164
f 4166/4166 4167/4167 4164/4164
f 4167/4167 4168/4168 4164/4164
f 2795/2795 2784/2784 2782/2782
f 2782/2782 2784/2784 2783/2783
f 2783/2783 2784/2784 2786/2786
f 2784/2784 2787/2787 2786/2786
f 2786/2786 2787/2787 2789/2789
f 2787/2787 2790/2790 2789/2789
f 2790/2790 2793/2793 2789/2789
f 2793/2793 2796/2796 2789/2789
f 2796/2796 2804/2804 2789/2789
f 2789/2789 2804/2804 2811/2811
f 2804/2804 2809/2809 2811/2811
f 1055/1055 1068/1068 1036/1036
f 1068/1068 1052/1052 1036/1036
f 1052/1052 1023/1023 1036/1036
f 1036/1036 1023/1023 1012/1012
f 1023/1023 995/995 1012/1012
f 995/995 1001/1001 1012/1012
f 1012/1012 1001/1001 1022/1022
f 1022/1022 1001/1001 1019/1019
f 1019/1019 1001/1001 999/999
f 1001/1001 982/982 999/999
f 999/999 982/982 1000/1000
f 1000/1000 982/982 996/996
f 982/982 974/974 996/996
f 974/974 977/977 996/996
f 977/977 983/983 996/996
f 996/996 983/983 1002/1002
f 1002/1002 983/983 987/987
f 983/983 971/971 987/987
f 971/971 963/963 987/987
f 963/963 981/981 987/987
f 981/981 988/988 987/987
f 987/987 988/988 1008/1008
f 988/988 1015/1015 1008/1008
f 1008/1008 1015/1015 1026/1026
f 1026/1026 1015/1015 1028/1028
f 1015/1015 1027/1027 1028/1028
f 1027/1027 1042/1042 1028/1028
f 1028/1028 1042/1042 1060/1060
f 1980/1980 1977/1977 1984/1984
f 1984/1984 1977/1977 1979/1979
f 1977/1977 1963/1963 1979/1979
f 1979/1979 1963/1963 1967/1967
f 1963/1963 1942/1942 1967/1967
f 1967/1967 1942/1942 1952/1952
f 1942/1942 1920/1920 1952/1952
f 1952/1952 1920/1920 1939/1939
f 1920/1920 1885/1885 1939/1939
f 1939/1939 1885/1885 1926/1926
f 1885/1885 1919/1919 1926/1926
f 1926/1926 1919/1919 1938/1938
f 1919/1919 1937/1937 1938/1938
f 1937/1937 1951/1951 1938/1938
f 1543/1543 1542/1542 1516/1516
f 1542/1542 1540/1540 1516/1516
f 1516/1516 1540/1540 1504/1504
f 1504/1504 1540/1540 1503/1503
f 1540/1540 1520/1520 1503/1503
f 1503/1503 1520/1520 1497/1497
f 1520/1520 1508/1508 1497/1497
f 1485/1485 1497/1497 1492/1492
f 1497/1497 1508/1508 1492/1492
f 2391/2391 2386/2386 2365/2365
f 2386/2386 2361/2361 2365/2365
f 2361/2361 2342/2342 2365/2365
f 2365/2365 2342/2342 2353/2353
f 2353/2353 2342/2342 2332/2332
f 2342/2342 2325/2325 2332/2332
f 2325/2325 2319/2319 2332/2332
f 2332/2332 2319/2319 2324/2324
f 2319/2319 2314/2314 2324/2324
f 2324/2324 2314/2314 2320/2320
f 2314/2314 2304/2304 2320/2320
f 2320/2320 2304/2304 2315/2315
f 2304/2304 2276/2276 2315/2315
f 2315/2315 2276/2276 2273/2273
f 2276/2276 2265/2265 2273/2273
f 2265/2265 2257/2257 2273/2273
f 2273/2273 2257/2257 2267/2267
f 2267/2267 2257/2257 2266/2266
f 2257/2257 2258/2258 2266/2266
f 4109/4109 4108/4108 4107/4107
f 4108/4108 4089/4089 4107/4107
f 4107/4107 4089/4089 4106/4106
f 4106/4106 4089/4089 4090/4090
f 4089/4089 4081/4081 4090/4090
f 4081/4081 4084/4084 4090/4090
f 4090/4090 4084/4084 4085/4085
f 4084/4084 4083/4083 4085/4085
f 4085/4085 4083/4083 4086/4086
f 4290/4290 4291/4291 4292/4292
f 4140/4140 4139/4139 4130/4130
f 4139/4139 4138/4138 4130/4130
f 4130/4130 4138/4138 4129/4129
f 4138/4138 4149/4149 4129/4129
f 644/644 654/654 701/701
f 4129/4129 4142/4142 4124/4124
f 4142/4142 4144/4144 4124/4124
f 4124/4124 4144/4144 4141/4141
f 708/708 652/652 637/637
f 652/652 630/630 637/637
f 630/630 631/631 637/637
f 637/637 631/631 634/634
f 634/634 631/631 633/633
f 631/631 632/632 633/633
f 633/633 632/632 636/636
f 632/632 626/626 636/636
f 626/626 627/627 636/636
f 627/627 655/655 636/636
f 636/636 655/655 657/657
f 657/657 655/655 659/659
f 655/655 662/662 659/659
f 662/662 663/663 659/659
f 659/659 663/663 664/664
f 664/664 663/663 665/665
f 663/663 666/666 665/665
f 665/665 666/666 672/672
f 666/666 671/671 672/672
f 671/671 709/709 672/672
f 672/672 709/709 710/710
f 710/710 709/709 724/724
f 709/709 720/720 724/724
f 720/720 735/735 724/724
f 735/735 736/736 724/724
f 724/724 736/736 769/769
f 769/769 736/736 770/770
f 770/770 736/736 779/779
f 736/736 778/778 779/779
f 778/778 799/799 779/779
f 799/799 800/800 779/779
f 4161/4161 4165/4165 4162/4162
f 4165/4165 4164/4164 4162/4162
f 4162/4162 4164/4164 4163/4163
f 2775/2775 2782/2782 2776/2776
f 2782/2782 2783/2783 2776/2776
f 2776/2776 2783/2783 2788/2788
f 2783/2783 2786/2786 2788/2788
f 2788/2788 2786/2786 2807/2807
f 2807/2807 2786/2786 2808/2808
f 2786/2786 2789/2789 2808/2808
f 2789/2789 2811/2811 2808/2808
f 1068/1068 1055/1055 1072/1072
f 1072/1072 1055/1055 1046/1046
f 1046/1046 1055/1055 1025/1025
f 1055/1055 1036/1036 1025/1025
f 1036/1036 1012/1012 1025/1025
f 1012/1012 1022/1022 1025/1025
f 1025/1025 1022/1022 1033/1033
f 1022/1022 1019/1019 1033/1033
f 1033/1033 1019/1019 1031/1031
f 1019/1019 999/999 1031/1031
f 999/999 1000/1000 1031/1031
f 1031/1031 1000/1000 1032/1032
f 1032/1032 1000/1000 1006/1006
f 1000/1000 996/996 1006/1006
f 996/996 1002/1002 1006/1006
f 1006/1006 1002/1002 1016/1016
f 1016/1016 1002/1002 1009/1009
f 1002/1002 987/987 1009/1009
f 987/987 1008/1008 1009/1009
f 1009/1009 1008/1008 1018/1018
f 1008/1008 1026/1026 1018/1018
f 1018/1018 1026/1026 1043/1043
f 1026/1026 1028/1028 1043/1043
f 1043/1043 1028/1028 1044/1044
f 1028/1028 1060/1060 1044/1044
f 1575/1575 1586/1586 1568/1568
f 1586/1586 1574/1574 1568/1568
f 1551/1551 1568/1568 1563/1563
f 1568/1568 1574/1574 1563/1563
f 1574/1574 1567/1567 1563/1563
f 1563/1563 1567/1567 1545/1545
f 1967/1967 1952/1952 1975/1975
f 1975/1975 1952/1952 1971/1971
f 1952/1952 1939/1939 1971/1971
f 1971/1971 1939/1939 1964/1964
f 1939/1939 1926/1926 1964/1964
f 1926/1926 1938/1938 1964/1964
f 1536/1536 1543/1543 1515/1515
f 1543/1543 1516/1516 1515/1515
f 1515/1515 1516/1516 1501/1501
f 1516/1516 1504/1504 1501/1501
f 1504/1504 1503/1503 1501/1501
f 1501/1501 1503/1503 1491/1491
f 1503/1503 1497/1497 1491/1491
f 1497/1497 1485/1485 1491/1491
f 1491/1491 1485/1485 1480/1480
f 1480/1480 1485/1485 1477/1477
f 1485/1485 1492/1492 1477/1477
f 1492/1492 1486/1486 1477/1477
f 1477/1477 1486/1486 1475/1475
f 1486/1486 1482/1482 1475/1475
f 1475/1475 1482/1482 1474/1474
f 1474/1474 1482/1482 1478/1478
f 2353/2353 2332/2332 2341/2341
f 2332/2332 2324/2324 2341/2341
f 2324/2324 2320/2320 2341/2341
f 2341/2341 2320/2320 2335/2335
f 2320/2320 2315/2315 2335/2335
f 2335/2335 2315/2315 2333/2333
f 2315/2315 2273/2273 2333/2333
f 2333/2333 2273/2273 2334/2334
f 2273/2273 2267/2267 2334/2334
f 2267/2267 2266/2266 2334/2334
f 1588/1588 1584/1584 1495/1495
f 1495/1495 1584/1584 1494/1494
f 4106/4106 4090/4090 4116/4116
f 4116/4116 4090/4090 4102/4102
f 4090/4090 4085/4085 4102/4102
f 4102/4102 4085/4085 4105/4105
f 4105/4105 4085/4085 4091/4091
f 4091/4091 4085/4085 4087/4087
f 4085/4085 4086/4086 4087/4087
f 4132/4132 4130/4130 4131/4131
f 4131/4131 4130/4130 4125/4125
f 4130/4130 4129/4129 4125/4125
f 4129/4129 4124/4124 4125/4125
f 4125/4125 4124/4124 4118/4118
f 4118/4118 4124/4124 4123/4123
f 4124/4124 4141/4141 4123/4123
f 4123/4123 4141/4141 4133/4133
f 4141/4141 4143/4143 4133/4133
f 4133/4133 4143/4143 4136/4136
f 637/637 634/634 684/684
f 684/684 634/634 635/635
f 634/634 633/633 635/635
f 633/633 636/636 635/635
f 636/636 657/657 635/635
f 635/635 657/657 658/658
f 658/658 657/657 660/660
f 657/657 659/659 660/660
f 659/659 664/664 660/660
f 660/660 664/664 669/669
f 4145/4145 4137/4137 4147/4147
f 669/669 664/664 674/674
f 664/664 665/665 674/674
f 674/674 665/665 691/691
f 665/665 672/672 691/691
f 691/691 672/672 702/702
f 672/672 710/710 702/702
f 702/702 710/710 719/719
f 719/719 710/710 725/725
f 710/710 724/724 725/725
f 724/724 769/769 725/725
f 725/725 769/769 771/771
f 769/769 770/770 771/771
f 4156/4156 4159/4159 4158/4158
f 4158/4158 4159/4159 4160/4160
f 4159/4159 4161/4161 4160/4160
f 4161/4161 4162/4162 4160/4160
f 4162/4162 4163/4163 4160/4160
f 2781/2781 2775/2775 2778/2778
f 2778/2778 2775/2775 2777/2777
f 2775/2775 2776/2776 2777/2777
f 2802/2802 2777/2777 2801/2801
f 2777/2777 2776/2776 2801/2801
f 2776/2776 2788/2788 2801/2801
f 2801/2801 2788/2788 2810/2810
f 2788/2788 2807/2807 2810/2810
f 1589/1589 1594/1594 1591/1591
f 1594/1594 1595/1595 1591/1591
f 1072/1072 1046/1046 1062/1062
f 1062/1062 1046/1046 1039/1039
f 1046/1046 1025/1025 1039/1039
f 1025/1025 1033/1033 1039/1039
f 1039/1039 1033/1033 1045/1045
f 1033/1033 1031/1031 1045/1045
f 1031/1031 1032/1032 1045/1045
f 1045/1045 1032/1032 1047/1047
f 1047/1047 1032/1032 1035/1035
f 1032/1032 1006/1006 1035/1035
f 1035/1035 1006/1006 1037/1037
f 1006/1006 1016/1016 1037/1037
f 1016/1016 1009/1009 1037/1037
f 1037/1037 1009/1009 1038/1038
f 1009/1009 1018/1018 1038/1038
f 1018/1018 1043/1043 1038/1038
f 1038/1038 1043/1043 1051/1051
f 1564/1564 1572/1572 1552/1552
f 1572/1572 1575/1575 1552/1552
f 1575/1575 1568/1568 1552/1552
f 1568/1568 1551/1551 1552/1552
f 1552/1552 1551/1551 1533/1533
f 1533/1533 1551/1551 1538/1538
f 1551/1551 1563/1563 1538/1538
f 1563/1563 1545/1545 1538/1538
f 1538/1538 1545/1545 1521/1521
f 1545/1545 1541/1541 1521/1521
f 1521/1521 1541/1541 1537/1537
f 1541/1541 1536/1536 1537/1537
f 1537/1537 1536/1536 1514/1514
f 1536/1536 1515/1515 1514/1514
f 1514/1514 1515/1515 1490/1490
f 1515/1515 1501/1501 1490/1490
f 1490/1490 1501/1501 1489/1489
f 1489/1489 1501/1501 1481/1481
f 1501/1501 1491/1491 1481/1481
f 1491/1491 1480/1480 1481/1481
f 1481/1481 1480/1480 1460/1460
f 1455/1455 1460/1460 1454/1454
f 1454/1454 1460/1460 1464/1464
f 1460/1460 1480/1480 1464/1464
f 1480/1480 1477/1477 1464/1464
f 1464/1464 1477/1477 1463/1463
f 1477/1477 1475/1475 1463/1463
f 1463/1463 1475/1475 1459/1459
f 1475/1475 1474/1474 1459/1459
f 1459/1459 1474/1474 1465/1465
f 1474/1474 1478/1478 1465/1465
f 1465/1465 1478/1478 1466/1466
f 1478/1478 1487/1487 1466/1466
f 1466/1466 1487/1487 1468/1468
f 1487/1487 1488/1488 1468/1468
f 1468/1468 1488/1488 1471/1471
f 1488/1488 1495/1495 1471/1471
f 1495/1495 1494/1494 1471/1471
f 1471/1471 1494/1494 1472/1472
f 1494/1494 1496/1496 1472/1472
f 1496/1496 1473/1473 1472/1472
f 1448/1448 1462/1462 1461/1461
f 1462/1462 1472/1472 1461/1461
f 1472/1472 1473/1473 1461/1461
f 1461/1461 1473/1473 1469/1469
f 4105/4105 4091/4091 4098/4098
f 4098/4098 4091/4091 4092/4092
f 4091/4091 4087/4087 4092/4092
f 4087/4087 4093/4093 4092/4092
f 4093/4093 4094/4094 4092/4092
f 4092/4092 4094/4094 4095/4095
f 4095/4095 4094/4094 4096/4096
f 4117/4117 4118/4118 4119/4119
f 4118/4118 4123/4123 4119/4119
f 4123/4123 4133/4133 4119/4119
f 4119/4119 4133/4133 4121/4121
f 4133/4133 4136/4136 4121/4121
f 4121/4121 4136/4136 4122/4122
f 684/684 635/635 699/699
f 699/699 635/635 685/685
f 635/635 658/658 685/685
f 658/658 660/660 685/685
f 660/660 669/669 685/685
f 4128/4128 4137/4137 4135/4135
f 4137/4137 4145/4145 4135/4135
f 4135/4135 4145/4145 4146/4146
f 4145/4145 4147/4147 4146/4146
f 4146/4146 4147/4147 4148/4148
f 4147/4147 4150/4150 4148/4148
f 4150/4150 4151/4151 4148/4148
f 2945/2945 2944/2944 2946/2946
f 4148/4148 4151/4151 4152/4152
f 4151/4151 4153/4153 4152/4152
f 4153/4153 4154/4154 4152/4152
f 4152/4152 4154/4154 4155/4155
f 4154/4154 4156/4156 4155/4155
f 4155/4155 4156/4156 4157/4157
f 4156/4156 4158/4158 4157/4157
f 2950/2950 2958/2958 2955/2955
f 2960/2960 2955/2955 2959/2959
f 2955/2955 2958/2958 2959/2959
f 2785/2785 2781/2781 2780/2780
f 2781/2781 2778/2778 2780/2780
f 2780/2780 2778/2778 2779/2779
f 2778/2778 2777/2777 2779/2779
f 2777/2777 2802/2802 2779/2779
f 1593/1593 1592/1592 1577/1577
f 1577/1577 1592/1592 1578/1578
f 1592/1592 1590/1590 1578/1578
f 1578/1578 1590/1590 1580/1580
f 1590/1590 1589/1589 1580/1580
f 1580/1580 1589/1589 1583/1583
f 1589/1589 1591/1591 1583/1583
f 1062/1062 1039/1039 1059/1059
f 1059/1059 1039/1039 1053/1053
f 1039/1039 1045/1045 1053/1053
f 1570/1570 1573/1573 1569/1569
f 1569/1569 1573/1573 1561/1561
f 1045/1045 1047/1047 1050/1050
f 1561/1561 1565/1565 1554/1554
f 1554/1554 1565/1565 1560/1560
f 1047/1047 1035/1035 1048/1048
f 1035/1035 1037/1037 1048/1048
f 1048/1048 1037/1037 1049/1049
f 1037/1037 1038/1038 1049/1049
f 1550/1550 1556/1556 1555/1555
f 1556/1556 1571/1571 1555/1555
f 1571/1571 1564/1564 1555/1555
f 1555/1555 1564/1564 1544/1544
f 1564/1564 1552/1552 1544/1544
f 1529/1529 1544/1544 1530/1530
f 1544/1544 1552/1552 1530/1530
f 1552/1552 1533/1533 1530/1530
f 1530/1530 1533/1533 1517/1517
f 1533/1533 1538/1538 1517/1517
f 1517/1517 1538/1538 1518/1518
f 1538/1538 1521/1521 1518/1518
f 1518/1518 1521/1521 1502/1502
f 1521/1521 1537/1537 1502/1502
f 1537/1537 1514/1514 1502/1502
f 1502/1502 1514/1514 1484/1484
f 1514/1514 1490/1490 1484/1484
f 1484/1484 1490/1490 1476/1476
f 1490/1490 1489/1489 1476/1476
f 1489/1489 1481/1481 1476/1476
f 1481/1481 1460/1460 1476/1476
f 1476/1476 1460/1460 1458/1458
f 1460/1460 1455/1455 1458/1458
f 1440/1440 1458/1458 1441/1441
f 1458/1458 1455/1455 1441/1441
f 1455/1455 1454/1454 1441/1441
f 1441/1441 1454/1454 1453/1453
f 1454/1454 1464/1464 1453/1453
f 1464/1464 1463/1463 1453/1453
f 1463/1463 1459/1459 1453/1453
f 1453/1453 1459/1459 1450/1450
f 1459/1459 1465/1465 1450/1450
f 1450/1450 1465/1465 1452/1452
f 1452/1452 1465/1465 1451/1451
f 1465/1465 1466/1466 1451/1451
f 1466/1466 1468/1468 1451/1451
f 1468/1468 1471/1471 1451/1451
f 1471/1471 1472/1472 1451/1451
f 1472/1472 1462/1462 1451/1451
f 1462/1462 1448/1448 1451/1451
f 1451/1451 1448/1448 1439/1439
f 1439/1439 1448/1448 1447/1447
f 1448/1448 1461/1461 1447/1447
f 1461/1461 1469/1469 1447/1447
f 1447/1447 1469/1469 1449/1449
f 4098/4098 4092/4092 4101/4101
f 4092/4092 4095/4095 4101/4101
f 1449/1449 1513/1513 1467/1467
f 4095/4095 4096/4096 4099/4099
f 4103/4103 4099/4099 4100/4100
f 4099/4099 4096/4096 4100/4100
f 2967/2967 2968/2968 2966/2966
f 4117/4117 4119/4119 4120/4120
f 4119/4119 4121/4121 4120/4120
f 4121/4121 4122/4122 4120/4120
f 4120/4120 4122/4122 4126/4126
f 4126/4126 4122/4122 4127/4127
f 4122/4122 4128/4128 4127/4127
f 4127/4127 4128/4128 4134/4134
f 4128/4128 4135/4135 4134/4134
f 2938/2938 2939/2939 2940/2940
f 2940/2940 2939/2939 2941/2941
f 2939/2939 2942/2942 2941/2941
f 2964/2964 2961/2961 2943/2943
f 2961/2961 2941/2941 2943/2943
f 2941/2941 2942/2942 2943/2943
f 2942/2942 2944/2944 2943/2943
f 2944/2944 2945/2945 2943/2943
f 2943/2943 2945/2945 2956/2956
f 2956/2956 2945/2945 2962/2962
f 2962/2962 2945/2945 2957/2957
f 2957/2957 2945/2945 2947/2947
f 2945/2945 2946/2946 2947/2947
f 2946/2946 2948/2948 2947/2947
f 2947/2947 2948/2948 2949/2949
f 2948/2948 2950/2950 2949/2949
f 2949/2949 2950/2950 2951/2951
f 2950/2950 2955/2955 2951/2951
f 2955/2955 2960/2960 2951/2951
f 2951/2951 2960/2960 2977/2977
f 2977/2977 2960/2960 2975/2975
f 2960/2960 2959/2959 2975/2975
f 2959/2959 2976/2976 2975/2975
f 1593/1593 1577/1577 1579/1579
f 1579/1579 1577/1577 1553/1553
f 1553/1553 1577/1577 1562/1562
f 1577/1577 1578/1578 1562/1562
f 1578/1578 1580/1580 1562/1562
f 1580/1580 1583/1583 1562/1562
f 1583/1583 1570/1570 1562/1562
f 1570/1570 1569/1569 1562/1562
f 1562/1562 1569/1569 1549/1549
f 1569/1569 1561/1561 1549/1549
f 1549/1549 1561/1561 1539/1539
f 1561/1561 1554/1554 1539/1539
f 1539/1539 1554/1554 1534/1534
f 1554/1554 1560/1560 1534/1534
f 1560/1560 1556/1556 1534/1534
f 1556/1556 1550/1550 1534/1534
f 1534/1534 1550/1550 1531/1531
f 1531/1531 1550/1550 1528/1528
f 1550/1550 1555/1555 1528/1528
f 1555/1555 1544/1544 1528/1528
f 1544/1544 1529/1529 1528/1528
f 1528/1528 1529/1529 1509/1509
f 1509/1509 1529/1529 1507/1507
f 1529/1529 1530/1530 1507/1507
f 1530/1530 1517/1517 1507/1507
f 1507/1507 1517/1517 1505/1505
f 1517/1517 1518/1518 1505/1505
f 1483/1483 1505/1505 1493/1493
f 1505/1505 1518/1518 1493/1493
f 1518/1518 1502/1502 1493/1493
f 1493/1493 1502/1502 1479/1479
f 1502/1502 1484/1484 1479/1479
f 1484/1484 1476/1476 1479/1479
f 1479/1479 1476/1476 1445/1445
f 1476/1476 1458/1458 1445/1445
f 1458/1458 1440/1440 1445/1445
f 1445/1445 1440/1440 1432/1432
f 1432/1432 1440/1440 1431/1431
f 1440/1440 1441/1441 1431/1431
f 1431/1431 1441/1441 1442/1442
f 1441/1441 1453/1453 1442/1442
f 1453/1453 1450/1450 1442/1442
f 1442/1442 1450/1450 1443/1443
f 1450/1450 1452/1452 1443/1443
f 1452/1452 1451/1451 1443/1443
f 1451/1451 1439/1439 1443/1443
f 1443/1443 1439/1439 1430/1430
f 1430/1430 1439/1439 1436/1436
f 1439/1439 1447/1447 1436/1436
f 1447/1447 1449/1449 1436/1436
f 1436/1436 1449/1449 1435/1435
f 1449/1449 1467/1467 1435/1435
f 1467/1467 1446/1446 1435/1435
f 1435/1435 1446/1446 1434/1434
f 1434/1434 1446/1446 1470/1470
f 4103/4103 4100/4100 4104/4104
f 2967/2967 2966/2966 2965/2965
f 2966/2966 2954/2954 2965/2965
f 1437/1437 1470/1470 1585/1585
f 2965/2965 2954/2954 2952/2952
f 2954/2954 2953/2953 2952/2952
f 2953/2953 2938/2938 2952/2952
f 2938/2938 2940/2940 2952/2952
f 2952/2952 2940/2940 2969/2969
f 2940/2940 2941/2941 2969/2969
f 2941/2941 2961/2961 2969/2969
f 2969/2969 2961/2961 2974/2974
f 2961/2961 2964/2964 2974/2974
f 2974/2974 2964/2964 2970/2970
f 2964/2964 2943/2943 2970/2970
f 2943/2943 2956/2956 2970/2970
f 2970/2970 2956/2956 2973/2973
f 2956/2956 2962/2962 2973/2973
f 2973/2973 2962/2962 2971/2971
f 2962/2962 2957/2957 2971/2971
f 2971/2971 2957/2957 2963/2963
f 2957/2957 2947/2947 2963/2963
f 2947/2947 2949/2949 2963/2963
f 2963/2963 2949/2949 2972/2972
f 2949/2949 2951/2951 2972/2972
f 1559/1559 1587/1587 1558/1558
f 1558/1558 1587/1587 1557/1557
f 1587/1587 1581/1581 1557/1557
f 1557/1557 1581/1581 1548/1548
f 1581/1581 1579/1579 1548/1548
f 1579/1579 1553/1553 1548/1548
f 1548/1548 1553/1553 1535/1535
f 1553/1553 1562/1562 1535/1535
f 1562/1562 1549/1549 1535/1535
f 1535/1535 1549/1549 1532/1532
f 1549/1549 1539/1539 1532/1532
f 1532/1532 1539/1539 1526/1526
f 1539/1539 1534/1534 1526/1526
f 1526/1526 1534/1534 1519/1519
f 1534/1534 1531/1531 1519/1519
f 1519/1519 1531/1531 1510/1510
f 1531/1531 1528/1528 1510/1510
f 1510/1510 1528/1528 1511/1511
f 1528/1528 1509/1509 1511/1511
f 1511/1511 1509/1509 1498/1498
f 1509/1509 1507/1507 1498/1498
f 1498/1498 1507/1507 1457/1457
f 1507/1507 1505/1505 1457/1457
f 1505/1505 1483/1483 1457/1457
f 1457/1457 1483/1483 1456/1456
f 1483/1483 1493/1493 1456/1456
f 1493/1493 1479/1479 1456/1456
f 1479/1479 1445/1445 1456/1456
f 1456/1456 1445/1445 1433/1433
f 1445/1445 1432/1432 1433/1433
f 1433/1433 1432/1432 1421/1421
f 1432/1432 1431/1431 1421/1421
f 1421/1421 1431/1431 1423/1423
f 1423/1423 1431/1431 1429/1429
f 1431/1431 1442/1442 1429/1429
f 1442/1442 1443/1443 1429/1429
f 1443/1443 1430/1430 1429/1429
f 1429/1429 1430/1430 1428/1428
f 1430/1430 1436/1436 1428/1428
f 1428/1428 1436/1436 1427/1427
f 1436/1436 1435/1435 1427/1427
f 1435/1435 1434/1434 1427/1427
f 1427/1427 1434/1434 1426/1426
f 1434/1434 1470/1470 1426/1426
f 1470/1470 1437/1437 1426/1426
f 1426/1426 1437/1437 1425/1425
f 1437/1437 1585/1585 1425/1425
f 1585/1585 1566/1566 1425/1425
f 1566/1566 1438/1438 1425/1425
f 1425/1425 1438/1438 1406/1406
f 1406/1406 1438/1438 1410/1410
f 1438/1438 1546/1546 1410/1410
f 1410/1410 1546/1546 1398/1398
f 1398/1398 1546/1546 1418/1418
f 1546/1546 1582/1582 1418/1418
f 1582/1582 1547/1547 1418/1418
f 1418/1418 1547/1547 1419/1419
f 1419/1419 1547/1547 1522/1522
f 1547/1547 1576/1576 1522/1522
f 1522/1522 1576/1576 1523/1523
f 1576/1576 1559/1559 1523/1523
f 1523/1523 1559/1559 1525/1525
f 1559/1559 1558/1558 1525/1525
f 1525/1525 1558/1558 1524/1524
f 1558/1558 1557/1557 1524/1524
f 1557/1557 1548/1548 1524/1524
f 1524/1524 1548/1548 1527/1527
f 1548/1548 1535/1535 1527/1527
f 1535/1535 1532/1532 1527/1527
f 1527/1527 1532/1532 1512/1512
f 1532/1532 1526/1526 1512/1512
f 1526/1526 1519/1519 1512/1512
f 1512/1512 1519/1519 1506/1506
f 1519/1519 1510/1510 1506/1506
f 1506/1506 1510/1510 1500/1500
f 1500/1500 1510/1510 1499/1499
f 1510/1510 1511/1511 1499/1499
f 1511/1511 1498/1498 1499/1499
f 1499/1499 1498/1498 1444/1444
f 1498/1498 1457/1457 1444/1444
f 1444/1444 1457/1457 1424/1424
f 1457/1457 1456/1456 1424/1424
f 1456/1456 1433/1433 1424/1424
f 1424/1424 1433/1433 1420/1420
f 1433/1433 1421/1421 1420/1420
f 1420/1420 1421/1421 1408/1408
f 1408/1408 1421/1421 1409/1409
f 1421/1421 1423/1423 1409/1409
f 1423/1423 1429/1429 1409/1409
f 1409/1409 1429/1429 1411/1411
f 1429/1429 1428/1428 1411/1411
f 1428/1428 1427/1427 1411/1411
f 1411/1411 1427/1427 1407/1407
f 1427/1427 1426/1426 1407/1407
f 1407/1407 1426/1426 1405/1405
f 1426/1426 1425/1425 1405/1405
f 1425/1425 1406/1406 1405/1405
f 1405/1405 1406/1406 1393/1393
f 1406/1406 1410/1410 1393/1393
f 1410/1410 1398/1398 1393/1393
f 1393/1393 1398/1398 1394/1394
f 1394/1394 1398/1398 1399/1399
f 1398/1398 1418/1418 1399/1399
f 1418/1418 1419/1419 1399/1399
f 1399/1399 1419/1419 1416/1416
f 1419/1419 1522/1522 1416/1416
f 1522/1522 1523/1523 1416/1416
f 1523/1523 1525/1525 1416/1416
f 1525/1525 1524/1524 1416/1416
f 1416/1416 1524/1524 1417/1417
f 1524/1524 1527/1527 1417/1417
f 1527/1527 1512/1512 1417/1417
f 1417/1417 1512/1512 1414/1414
f 1512/1512 1506/1506 1414/1414
f 1414/1414 1506/1506 1413/1413
f 1506/1506 1500/1500 1413/1413
f 1413/1413 1500/1500 1415/1415
f 1500/1500 1499/1499 1415/1415
f 1415/1415 1499/1499 1422/1422
f 1499/1499 1444/1444 1422/1422
f 1444/1444 1424/1424 1422/1422
f 1422/1422 1424/1424 1412/1412
f 1412/1412 1424/1424 1404/1404
f 1424/1424 1420/1420 1404/1404
f 1420/1420 1408/1408 1404/1404
f 1404/1404 1408/1408 1403/1403
f 1408/1408 1409/1409 1403/1403
f 1403/1403 1409/1409 1401/1401
f 1409/1409 1411/1411 1401/1401
f 1411/1411 1407/1407 1401/1401
f 1407/1407 1405/1405 1401/1401
f 1401/1401 1405/1405 1396/1396
f 1405/1405 1393/1393 1396/1396
f 1396/1396 1393/1393 1395/1395
f 1393/1393 1394/1394 1395/1395
f 1395/1395 1394/1394 1400/1400
f 1394/1394 1399/1399 1400/1400
f 1399/1399 1416/1416 1400/1400
f 1416/1416 1417/1417 1400/1400
f 1417/1417 1414/1414 1400/1400
f 1414/1414 1413/1413 1400/1400
f 1400/1400 1413/1413 1402/1402
f 1413/1413 1415/1415 1402/1402
f 1415/1415 1422/1422 1402/1402
f 1422/1422 1412/1412 1402/1402
f 1412/1412 1404/1404 1402/1402
f 1404/1404 1403/1403 1402/1402
f 1402/1402 1403/1403 1397/1397
f 1403/1403 1401/1401 1397/1397
f 1401/1401 1396/1396 1397/1397
f 1396/1396 1395/1395 1397/1397
f 1395/1395 1400/1400 1397/1397
f 1402/1402 1397/1397 1400/1400
